Date,EURUSD25R1M BGN Curncy  (R1),USDJPY25R1M BGN Curncy  (R2),EURJPY25R1M BGN Curncy  (L1)
46232,-0.53,-1.2649999999999999,-1.365
46231,-0.61,-1.3425,-1.41
46230,-0.58250000000000002,-1.365,-1.395
46227,-0.53749999999999998,-1.4,-1.45
46226,-0.53,-1.35,-1.4125000000000001
46225,-0.44750000000000001,-1.2725,-1.38
46224,-0.43,-1.26,-1.29
46223,-0.43,-1.2925,-1.345
46220,-0.42,-1.31,-1.35
46219,-0.3775,-1.27,-1.3025
46218,-0.375,-1.3075000000000001,-1.345
46217,-0.43,-1.31,-1.39
46216,-0.48499999999999999,-1.36,-1.3975
46213,-0.42499999999999999,-1.3825000000000001,-1.3825000000000001
46212,-0.45500000000000002,-1.2925,-1.26
46211,-0.46500000000000002,-1.2975000000000001,-1.3674999999999999
46210,-0.42249999999999999,-1.4475,-1.4025000000000001
46209,-0.32,-1.4075,-1.4550000000000001
46206,-0.31,-1.4650000000000001,-1.5549999999999999
46205,-0.33250000000000002,-1.4375,-1.6725000000000001
46204,-0.39500000000000002,-1.0525,-1.23
46203,-0.4,-1.105,-1.28
46202,-0.42499999999999999,-0.99750000000000005,-1.1825000000000001
46199,-0.48,-1.0974999999999999,-1.34
46198,-0.62749999999999995,-1.1174999999999999,-1.3925000000000001
46197,-0.7,-1.2,-1.4424999999999999
46196,-0.65,-1.3274999999999999,-1.5825
46195,-0.64249999999999996,-1.2775000000000001,-1.5449999999999999
46192,-0.62,-1.0649999999999999,-1.375
46191,-0.69,-1.08,-1.2975000000000001
46190,-0.46500000000000002,-0.97750000000000004,-1.075
46189,-0.36,-0.92500000000000004,-1.0175000000000001
46188,-0.35499999999999998,-0.97,-1.08
46185,-0.47499999999999998,-0.98750000000000004,-1.0874999999999999
46184,-0.47749999999999998,-1.0024999999999999,-1.105
46183,-0.62749999999999995,-0.99,-1.095
46182,-0.61250000000000004,-0.97250000000000003,-1.0925
46181,-0.59,-0.99250000000000005,-1.08
46178,-0.53500000000000003,-0.98250000000000004,-1.0125
46177,-0.35749999999999998,-0.97750000000000004,-1.0225
46176,-0.3775,-1.0249999999999999,-1.0649999999999999
46175,-0.26500000000000001,-0.93,-0.86499999999999999
46174,-0.28749999999999998,-1.0249999999999999,-0.85499999999999998
46171,-0.20499999999999999,-0.98,-0.86250000000000004
46170,-0.25,-1.0049999999999999,-0.90749999999999997
46169,-0.25750000000000001,-1.135,-0.92
46168,-0.3125,-1.1000000000000001,-0.98250000000000004
46167,-0.35499999999999998,-1.1525000000000001,-1.0175000000000001
46164,-0.44,-1.2350000000000001,-1.0375000000000001
46163,-0.45500000000000002,-1.1975,-1.085
46162,-0.46250000000000002,-1.2825,-1.1499999999999999
46161,-0.57750000000000001,-1.37,-1.2175
46160,-0.48499999999999999,-1.43,-1.2725
46157,-0.51,-1.5175000000000001,-1.3075000000000001
46156,-0.3775,-1.58,-1.385
46155,-0.40250000000000002,-1.575,-1.4524999999999999
46154,-0.35499999999999998,-1.51,-1.335
46153,-0.245,-1.3725000000000001,-1.1950000000000001
46150,-0.24249999999999999,-1.4350000000000001,-1.28
46149,-0.24249999999999999,-1.5625,-1.3525
46148,-0.29249999999999998,-1.7375,-1.4175
46147,-0.41,-1.615,-1.3925000000000001
46146,-0.39750000000000002,-1.7649999999999999,-1.6325000000000001
46143,-0.38750000000000001,-1.5549999999999999,-1.68
46142,-0.38750000000000001,-1.175,-1.2875000000000001
46141,-0.40250000000000002,-0.63249999999999995,-0.77
46140,-0.33250000000000002,-0.7,-0.84250000000000003
46139,-0.33250000000000002,-0.77,-0.90249999999999997
46136,-0.35499999999999998,-0.75,-0.91249999999999998
46135,-0.39,-0.75,-0.9
46134,-0.33500000000000002,-0.76500000000000001,-0.91249999999999998
46133,-0.28000000000000003,-0.77249999999999996,-0.92
46132,-0.1525,-0.86499999999999999,-0.99750000000000005
46129,-7.2499999999999995E-2,-0.85250000000000004,-1.0024999999999999
46128,-0.115,-0.73,-1.0049999999999999
46127,-0.1,-0.63500000000000001,-0.94
46126,-0.19750000000000001,-0.50749999999999995,-0.92749999999999999
46125,-0.48,-0.45250000000000001,-0.92
46122,-0.495,-0.45,-0.90749999999999997
46121,-0.55500000000000005,-0.46750000000000003,-0.95
46120,-0.57499999999999996,-0.49,-0.99
46119,-0.98499999999999999,-0.45250000000000001,-1.2375
46118,-1.0725,-0.48,-1.2575000000000001
46115,-1.06,-0.46500000000000002,-1.26
46114,-1.0774999999999999,-0.46750000000000003,-1.2725
46113,-0.98,-0.51,-1.2775000000000001
46112,-1.0175000000000001,-0.5,-1.32
46111,-1.2450000000000001,-0.43,-1.3075000000000001
46108,-1.3025,-0.4325,-1.335
46107,-1.2250000000000001,-0.32500000000000001,-1.21
46106,-1.095,-0.36,-1.2375
46105,-1.0874999999999999,-0.42749999999999999,-1.33
46104,-1.1475,-0.44750000000000001,-1.3674999999999999
46101,-1.19,-0.48249999999999998,-1.3125
46100,-0.99750000000000005,-0.60250000000000004,-1.5575000000000001
46099,-1.2575000000000001,-0.27750000000000002,-1.22
46098,-1.0075000000000001,-0.495,-1.355
46097,-1.175,-0.45500000000000002,-1.3674999999999999
46094,-1.4550000000000001,-0.43,-1.3425
46093,-1.3174999999999999,-0.47499999999999998,-1.22
46092,-1.2524999999999999,-0.5625,-1.05
46091,-0.92500000000000004,-0.90500000000000003,-1.2725
46090,-0.99250000000000005,-1.0725,-1.4824999999999999
46087,-1.2375,-1.2,-1.5575000000000001
46086,-0.90249999999999997,-1.4350000000000001,-1.5974999999999999
46085,-0.52500000000000002,-1.4375,-1.4750000000000001
46084,-0.6925,-1.335,-1.42
46083,-0.32750000000000001,-1.4975000000000001,-1.3125
46080,0.14249999999999999,-1.2849999999999999,-1.1174999999999999
46079,0.27250000000000002,-1.2524999999999999,-1.0425
46078,0.3,-1.2175,-0.99750000000000005
46077,0.3,-1.2775000000000001,-1.06
46076,0.29499999999999998,-1.5024999999999999,-1.2925
46073,0.1825,-1.44,-1.2350000000000001
46072,0.18,-1.335,-1.135
46071,0.46750000000000003,-1.2549999999999999,-1.07
46070,0.52749999999999997,-1.4225000000000001,-1.2524999999999999
46069,0.63500000000000001,-1.5,-1.3125
46066,0.7,-1.6475,-1.5
46065,0.82750000000000001,-1.77,-1.575
46064,0.9425,-1.7250000000000001,-1.355
46063,1.07,-1.5774999999999999,-1.1325000000000001
46062,1.0075000000000001,-1.58,-1.1850000000000001
46059,0.80500000000000005,-1.6625000000000001,-1.3075000000000001
46058,0.78749999999999998,-1.5375000000000001,-1.2150000000000001
46057,0.75749999999999995,-1.4275,-1.0375000000000001
46056,0.71,-1.5725,-1.1725000000000001
46055,0.61,-1.6325000000000001,-1.1825000000000001
46052,0.72750000000000004,-1.8525,-1.3625
46051,0.87749999999999995,-2.0525000000000002,-1.52
46050,1.0900000000000001,-2.1749999999999998,-1.625
46049,1.67,-2.4125000000000001,-1.885
46048,1.0275000000000001,-1.9450000000000001,-1.645
46045,0.82750000000000001,-1.7250000000000001,-1.62
46044,0.45250000000000001,-0.84250000000000003,-0.7
46043,0.3075,-0.77749999999999997,-0.66
46042,0.48249999999999998,-0.76500000000000001,-0.61
46041,7.2499999999999995E-2,-0.76749999999999996,-0.72499999999999998
46038,-5.5E-2,-0.63749999999999996,-0.68
46037,-1.2500000000000001E-2,-0.57999999999999996,-0.58499999999999996
46036,4.4999999999999998E-2,-0.56000000000000005,-0.52500000000000002
46035,5.2499999999999998E-2,-0.48749999999999999,-0.46
46034,5.2499999999999998E-2,-0.57750000000000001,-0.505
46031,2.75E-2,-0.48749999999999999,-0.495
46030,0.08,-0.70499999999999996,-0.64749999999999996
46029,0.20749999999999999,-0.72499999999999998,-0.63500000000000001
46028,0.2475,-0.73499999999999999,-0.59499999999999997
46027,0.27750000000000002,-0.79249999999999998,-0.65
46024,0.3775,-0.81499999999999995,-0.69
46023,0.43,-0.79,-0.66749999999999998
46022,0.42,-0.8,-0.67
46021,0.44500000000000001,-0.8075,-0.67500000000000004
46020,0.46750000000000003,-0.75749999999999995,-0.64500000000000002
46017,0.46750000000000003,-0.74750000000000005,-0.64249999999999996
46016,0.47,-0.77249999999999996,-0.65
46015,0.46250000000000002,-0.77249999999999996,-0.65
46014,0.4425,-0.72750000000000004,-0.60499999999999998
46013,0.39,-0.62250000000000005,-0.5
46010,0.33250000000000002,-0.53749999999999998,-0.4425
46009,0.39750000000000002,-0.51249999999999996,-0.40500000000000003
46008,0.39250000000000002,-0.50249999999999995,-0.39250000000000002
46007,0.46,-0.51,-0.40250000000000002
46006,0.47249999999999998,-0.56499999999999995,-0.47
46003,0.4325,-0.5625,-0.47249999999999998
46002,0.47249999999999998,-0.58750000000000002,-0.5
46001,0.27250000000000002,-0.59250000000000003,-0.54249999999999998
46000,0.2525,-0.6,-0.52249999999999996
45999,0.26,-0.63749999999999996,-0.57499999999999996
45996,0.26500000000000001,-0.64249999999999996,-0.59750000000000003
45995,0.3,-0.65500000000000003,-0.57999999999999996
45994,0.28749999999999998,-0.62,-0.54749999999999999
45993,0.19,-0.60250000000000004,-0.54249999999999998
45992,0.2,-0.70499999999999996,-0.67249999999999999
45989,0.17499999999999999,-0.66,-0.62250000000000005
45988,0.18,-0.57999999999999996,-0.5575
45987,0.18,-0.50749999999999995,-0.47749999999999998
45986,0.1575,-0.52,-0.50749999999999995
45985,8.2500000000000004E-2,-0.51,-0.54249999999999998
45982,7.0000000000000007E-2,-0.65249999999999997,-0.63500000000000001
45981,0.09,-0.4425,-0.4325
45980,0.17249999999999999,-0.5625,-0.435
45979,0.21249999999999999,-0.79249999999999998,-0.68
45978,0.245,-0.81499999999999995,-0.68500000000000005
45975,0.30499999999999999,-0.88749999999999996,-0.78
45974,0.33750000000000002,-0.76,-0.63500000000000001
45973,0.21249999999999999,-0.71750000000000003,-0.55000000000000004
45972,0.2175,-0.9,-0.69499999999999995
45971,0.17499999999999999,-0.88,-0.67
45968,0.11,-1.0825,-0.88500000000000001
45967,-7.2499999999999995E-2,-0.97499999999999998,-0.95499999999999996
45966,-0.1925,-0.88,-0.92
45965,-0.16750000000000001,-0.87250000000000005,-0.91500000000000004
45964,-7.2499999999999995E-2,-0.67500000000000004,-0.72499999999999998
45961,-2.75E-2,-0.6925,-0.71499999999999997
45960,2.5000000000000001E-2,-0.63,-0.66
45959,7.0000000000000007E-2,-1.0225,-1.075
45958,0.12,-0.82499999999999996,-0.84499999999999997
45957,9.7500000000000003E-2,-0.65749999999999997,-0.68500000000000005
45954,9.2499999999999999E-2,-0.63749999999999996,-0.67500000000000004
45953,7.7499999999999999E-2,-0.63249999999999995,-0.68500000000000005
45952,5.7500000000000002E-2,-0.64,-0.68
45951,0.1225,-0.57250000000000001,-0.6
45950,0.2525,-0.84750000000000003,-0.76500000000000001
45947,0.26750000000000002,-1.0349999999999999,-0.84750000000000003
45946,0.215,-0.89,-0.82250000000000001
45945,0.12,-0.84250000000000003,-0.82250000000000001
45944,6.7500000000000004E-2,-0.83250000000000002,-0.88
45943,0.03,-0.65500000000000003,-0.71750000000000003
45940,8.2500000000000004E-2,-0.58750000000000002,-0.745
45939,-0.23749999999999999,-0.125,-0.39250000000000002
45938,-0.1225,-3.2500000000000001E-2,-0.26500000000000001
45937,-1.7500000000000002E-2,-0.24,-0.30249999999999999
45936,0.15,-0.34250000000000003,-0.36
45933,0.33250000000000002,-0.71,-0.44
45932,0.3775,-0.73250000000000004,-0.42249999999999999
45931,0.41749999999999998,-0.79249999999999998,-0.46750000000000003
45930,0.36499999999999999,-0.77249999999999996,-0.44750000000000001
45929,0.28499999999999998,-0.67249999999999999,-0.38500000000000001
45926,0.26500000000000001,-0.57250000000000001,-0.315
45925,0.25750000000000001,-0.51,-0.28000000000000003
45924,0.42,-0.55249999999999999,-0.28249999999999997
45923,0.48499999999999999,-0.53249999999999997,-0.28749999999999998
45922,0.45,-0.505,-0.29499999999999998
45919,0.40749999999999997,-0.54,-0.23
45918,0.44,-0.54249999999999998,-0.115
45917,0.62250000000000005,-0.88,-0.33750000000000002
45916,0.66500000000000004,-0.88500000000000001,-0.42749999999999999
45915,0.32750000000000001,-0.70499999999999996,-0.39500000000000002
45912,0.28249999999999997,-0.76249999999999996,-0.47749999999999998
45911,0.19750000000000001,-0.79,-0.57750000000000001
45910,0.23499999999999999,-0.85,-0.59250000000000003
45909,0.3775,-0.94499999999999995,-0.60750000000000004
45908,0.3725,-0.85,-0.56499999999999995
45905,0.3175,-1.0375000000000001,-0.72750000000000004
45904,0.26750000000000002,-0.95750000000000002,-0.6825
45903,0.17249999999999999,-1.0475000000000001,-0.78249999999999997
45902,0.1825,-1.03,-0.75749999999999995
45901,0.29249999999999998,-1.17,-0.87749999999999995
45898,0.22750000000000001,-1.1675,-0.9
45897,0.19750000000000001,-1.2075,-0.96250000000000002
45896,0.13250000000000001,-1.1025,-0.88749999999999996
45895,0.17249999999999999,-1.105,-0.89749999999999996
45894,0.17499999999999999,-1.1100000000000001,-0.76500000000000001
45891,0.39250000000000002,-1.0974999999999999,-0.80249999999999999
45890,0.24,-1.0575000000000001,-0.77
45889,0.26500000000000001,-1.0225,-0.78749999999999998
45888,0.3175,-0.90249999999999997,-0.62250000000000005
45887,0.33500000000000002,-0.97499999999999998,-0.6925
45884,0.34749999999999998,-1.0925,-0.75
45883,0.4375,-1.145,-0.8075
45882,0.52249999999999996,-1.05,-0.73250000000000004
45881,0.52249999999999996,-0.96499999999999997,-0.5625
45880,0.50249999999999995,-1.0625,-0.65249999999999997
45877,0.57750000000000001,-1.1125,-0.62250000000000005
45876,0.62,-1.2475000000000001,-0.72750000000000004
45875,0.63249999999999995,-1.155,-0.71750000000000003
45874,0.51,-1.0774999999999999,-0.73750000000000004
45873,0.53,-1.2124999999999999,-0.81499999999999995
45870,0.505,-1.165,-0.95499999999999996
45869,-7.4999999999999997E-3,-0.59499999999999997,-0.52249999999999996
45868,-7.7499999999999999E-2,-0.88500000000000001,-0.75249999999999995
45867,-2.5000000000000001E-3,-0.87250000000000005,-0.72250000000000003
45866,0.11749999999999999,-0.92249999999999999,-0.8175
45863,0.39500000000000002,-1.0049999999999999,-0.75249999999999995
45862,0.41499999999999998,-1.0974999999999999,-0.78749999999999998
45861,0.48499999999999999,-1.08,-0.84750000000000003
45860,0.51500000000000001,-1.2224999999999999,-0.85750000000000004
45859,0.39500000000000002,-1.0349999999999999,-0.81499999999999995
45856,0.29249999999999998,-0.58250000000000002,-0.32250000000000001
45855,7.0000000000000007E-2,-0.73499999999999999,-0.59499999999999997
45854,0.1875,-0.86250000000000004,-0.56999999999999995
45853,-0.13,-0.75249999999999995,-0.63
45852,-5.7500000000000002E-2,-1.01,-0.83499999999999996
45849,-4.4999999999999998E-2,-0.95,-0.81
45848,-3.5000000000000003E-2,-1.02,-0.84250000000000003
45847,-0.03,-0.93500000000000005,-0.755
45846,-2.5000000000000001E-3,-0.84499999999999997,-0.63249999999999995
45845,4.4999999999999998E-2,-0.94750000000000001,-0.73750000000000004
45842,0.16,-1.3674999999999999,-0.96
45841,0.20749999999999999,-1.4075,-0.9425
45840,0.29249999999999998,-1.5825,-1.1299999999999999
45839,0.46250000000000002,-1.605,-1.08
45838,0.38500000000000001,-1.4975000000000001,-1.0375000000000001
45835,0.3725,-1.4524999999999999,-1.0175000000000001
45834,0.57999999999999996,-1.4375,-1.0075000000000001
45833,0.14499999999999999,-1.2675000000000001,-0.98
45832,8.5000000000000006E-2,-1.3525,-1.1499999999999999
45831,-0.35499999999999998,-1.2124999999999999,-1.365
45828,-0.38500000000000001,-1.425,-1.4850000000000001
45827,-0.42,-1.48,-1.5024999999999999
45826,-0.245,-1.5625,-1.4824999999999999
45825,-2.75E-2,-1.5375000000000001,-1.115
45824,0.33500000000000002,-1.5974999999999999,-1.0225
45821,0.33250000000000002,-1.6950000000000001,-1.125
45820,0.6875,-1.6174999999999999,-0.87
45819,0.44,-1.28,-0.6825
45818,0.53500000000000003,-1.3325,-0.67749999999999999
45817,0.59,-1.3975,-0.66500000000000004
45814,0.59,-1.4225000000000001,-0.67500000000000004
45813,0.58750000000000002,-1.5525,-0.82499999999999996
45812,0.61,-1.5575000000000001,-0.93
45811,0.64500000000000002,-1.6825000000000001,-1.0425
45810,0.6925,-1.7649999999999999,-1.1074999999999999
45807,0.57999999999999996,-1.67,-0.97250000000000003
45806,0.64,-1.77,-1.1599999999999999
45805,0.59499999999999997,-1.71,-0.98250000000000004
45804,0.65500000000000003,-1.9450000000000001,-1.0974999999999999
45803,0.8175,-2.3325,-1.3525
45800,0.755,-2.3325,-1.385
45799,0.94499999999999995,-2.335,-1.28
45798,1.08,-2.52,-1.42
45797,0.97750000000000004,-2.2825000000000002,-1.2375
45796,1.1074999999999999,-2.375,-1.3274999999999999
45793,0.88749999999999996,-2.3050000000000002,-1.345
45792,0.97750000000000004,-2.3650000000000002,-1.4575
45791,0.96250000000000002,-2.1724999999999999,-1.1399999999999999
45790,0.70250000000000001,-1.59,-0.81
45789,0.47,-1.5125,-0.78749999999999998
45786,0.6925,-1.8975,-0.88749999999999996
45785,0.67249999999999999,-1.8425,-0.88249999999999995
45784,0.84499999999999997,-1.9950000000000001,-0.91249999999999998
45783,0.86750000000000005,-2.1625000000000001,-0.99250000000000005
45782,0.96250000000000002,-2.085,-0.98750000000000004
45779,0.78749999999999998,-2.0425,-0.99
45778,0.70250000000000001,-1.8049999999999999,-0.93500000000000005
45777,0.86,-2.0175000000000001,-1.05
45776,0.91749999999999998,-2.1425000000000001,-1.2050000000000001
45775,0.93,-2.0425,-1.2
45772,0.93500000000000005,-1.895,-1.0825
45771,1.0349999999999999,-1.9924999999999999,-1.1025
45770,1.0525,-2.1,-1.07
45769,1.1525000000000001,-2.4925000000000002,-1.405
45768,1.0449999999999999,-2.5249999999999999,-1.6
45765,0.97250000000000003,-2.3050000000000002,-1.4550000000000001
45764,0.95499999999999996,-2.2925,-1.4675
45763,1.075,-2.54,-1.65
45762,0.73499999999999999,-2.6150000000000002,-1.7324999999999999
45761,1.0575000000000001,-2.93,-1.7649999999999999
45758,1.2849999999999999,-3.4575,-2.2324999999999999
45757,0.84499999999999997,-2.9275000000000002,-2.1924999999999999
45756,0.21249999999999999,-2.4775,-1.9275
45755,8.5000000000000006E-2,-2.6150000000000002,-2.39
45754,3.5000000000000003E-2,-2.5049999999999999,-2.395
45751,0.23749999999999999,-2.1800000000000002,-2.0049999999999999
45750,0.6825,-1.8825000000000001,-1.65
45749,0.36249999999999999,-1.65,-1.5325
45748,0.3,-1.615,-1.5725
45747,0.41749999999999998,-1.54,-1.49
45744,0.495,-1.3474999999999999,-1.2375
45743,0.17249999999999999,-1.25,-1.165
45742,-3.5000000000000003E-2,-1.2549999999999999,-1.2350000000000001
45741,-5.0000000000000001E-3,-1.23,-1.2549999999999999
45740,-0.19,-1.2,-1.18
45737,-0.20749999999999999,-1.2649999999999999,-1.26
45736,-0.25,-1.28,-1.31
45735,-0.1225,-1.2175,-1.125
45734,-2.5000000000000001E-3,-1.2250000000000001,-1.02
45733,-7.0000000000000007E-2,-1.3325,-1.125
45730,-0.09,-1.375,-1.24
45729,-0.115,-1.45,-1.365
45728,0.02,-1.4075,-1.2524999999999999
45727,0.215,-1.5925,-1.31
45726,2.75E-2,-1.7424999999999999,-1.4950000000000001
45723,0.19,-1.8149999999999999,-1.6274999999999999
45722,0.25750000000000001,-1.8025,-1.585
45721,0.44500000000000001,-1.6675,-1.3125
45720,-0.38,-1.7450000000000001,-1.7350000000000001
45719,-0.75249999999999995,-1.59,-1.7675000000000001
45716,-0.85250000000000004,-1.5425,-1.7475000000000001
45715,-0.69499999999999995,-1.5449999999999999,-1.6475
45714,-0.54500000000000004,-1.62,-1.6825000000000001
45713,-0.57750000000000001,-1.5674999999999999,-1.655
45712,-0.59250000000000003,-1.4575,-1.5825
45709,-0.63249999999999995,-1.46,-1.6225000000000001
45708,-0.66500000000000004,-1.4824999999999999,-1.675
45707,-0.65500000000000003,-1.1675,-1.345
45706,-0.5575,-1.1850000000000001,-1.2949999999999999
45705,-0.50249999999999995,-1.18,-1.2975000000000001
45702,-0.495,-1.2324999999999999,-1.3674999999999999
45701,-0.5625,-1.2324999999999999,-1.3825000000000001
45700,-0.5675,-1.115,-1.2549999999999999
45699,-0.71,-1.2549999999999999,-1.4775
45698,-0.86750000000000005,-1.45,-1.7324999999999999
45695,-0.97250000000000003,-1.61,-2
45694,-0.71250000000000002,-1.5175000000000001,-1.6725000000000001
45693,-0.64749999999999996,-1.5449999999999999,-1.6525000000000001
45692,-0.69499999999999995,-1.41,-1.6274999999999999
45691,-0.96250000000000002,-1.4824999999999999,-1.9075
45688,-0.72,-1.3425,-1.69
45687,-0.70250000000000001,-1.4,-1.8174999999999999
45686,-0.66500000000000004,-1.1525000000000001,-1.6025
45685,-0.66749999999999998,-1.0925,-1.6174999999999999
45684,-0.59750000000000003,-1.1599999999999999,-1.6375
45681,-0.57999999999999996,-0.83250000000000002,-1.2524999999999999
45680,-0.75249999999999995,-0.8,-1.3125
45679,-0.69750000000000001,-0.82250000000000001,-1.1875
45678,-0.77249999999999996,-0.85499999999999998,-1.2549999999999999
45677,-0.83750000000000002,-1.0049999999999999,-1.5674999999999999
45674,-0.77249999999999996,-0.99750000000000005,-1.52
45673,-0.56000000000000005,-1.0175000000000001,-1.4724999999999999
45672,-0.59750000000000003,-1.1525000000000001,-1.585
45671,-0.64,-1.0575000000000001,-1.51
45670,-0.74750000000000005,-1.1775,-1.7
45667,-0.61250000000000004,-1.0825,-1.5075000000000001
45666,-0.5575,-0.98499999999999999,-1.41
45665,-0.63249999999999995,-0.96250000000000002,-1.38
45664,-0.48,-0.95250000000000001,-1.2649999999999999
45663,-0.47,-1,-1.3425
45660,-0.5575,-1.1174999999999999,-1.4850000000000001
45659,-0.63500000000000001,-1.1850000000000001,-1.635
45658,-0.61250000000000004,-1.1725000000000001,-1.5974999999999999
45657,-0.5625,-1.18,-1.6025
45656,-0.6,-1.19,-1.61
45653,-0.625,-1.1625000000000001,-1.58
45652,-0.62250000000000005,-1.075,-1.3875
45651,-0.66,-1.1875,-1.63
45650,-0.6825,-1.1850000000000001,-1.65
45649,-0.64,-1.18,-1.62
45646,-0.59499999999999997,-1.1825000000000001,-1.6475
45645,-0.61250000000000004,-1.04,-1.4075
45644,-0.61,-1.3875,-1.72
45643,-0.5575,-1.325,-1.7050000000000001
45642,-0.59499999999999997,-1.2175,-1.5575000000000001
45639,-0.60750000000000004,-1.1775,-1.54
45638,-0.65249999999999997,-1.1725000000000001,-1.59
45637,-0.60250000000000004,-1.1825000000000001,-1.6325000000000001
45636,-0.6,-1.2450000000000001,-1.6425000000000001
45635,-0.4375,-1.3725000000000001,-1.655
45632,-0.47,-1.38,-1.65
45631,-0.46500000000000002,-1.49,-1.78
45630,-0.6875,-1.635,-2.0150000000000001
45629,-0.65749999999999997,-1.7250000000000001,-2.1349999999999998
45628,-0.79500000000000004,-1.65,-2.085
45625,-0.60750000000000004,-1.63,-1.99
45624,-0.59250000000000003,-1.595,-1.9550000000000001
45623,-0.59,-1.6975,-2.0225
45622,-0.73750000000000004,-1.7324999999999999,-2.1175000000000002
45621,-0.67,-1.7725,-2.1274999999999999
45618,-0.94499999999999995,-1.8149999999999999,-2.2925
45617,-0.90749999999999997,-1.7649999999999999,-2.2650000000000001
45616,-0.79749999999999999,-1.3525,-1.8574999999999999
45615,-0.76249999999999996,-1.34,-1.8574999999999999
45614,-0.59499999999999997,-1.0225,-1.4950000000000001
45611,-0.64,-0.98,-1.5
45610,-0.65,-0.74750000000000005,-1.2725
45609,-0.52500000000000002,-0.8,-1.2649999999999999
45608,-0.59499999999999997,-0.745,-1.2625
45607,-0.61,-0.77249999999999996,-1.2675000000000001
45604,-0.47499999999999998,-0.73499999999999999,-1.2375
45603,-0.51500000000000001,-0.69499999999999995,-1.2475000000000001
45602,-0.54,-0.61750000000000005,-1.175
45601,-0.60750000000000004,-0.77249999999999996,-1.2275
45600,-0.58499999999999996,-0.90749999999999997,-1.365
45597,-0.51,-0.89249999999999996,-1.325
45596,-0.52249999999999996,-0.84750000000000003,-1.3049999999999999
45595,-0.52500000000000002,-0.84499999999999997,-1.24
45594,-0.54500000000000004,-0.84750000000000003,-1.2050000000000001
45593,-0.52249999999999996,-0.88500000000000001,-1.2450000000000001
45590,-0.50249999999999995,-0.93,-1.2849999999999999
45589,-0.54,-0.92749999999999999,-1.3774999999999999
45588,-0.56999999999999995,-0.9325,-1.415
45587,-0.52500000000000002,-0.92749999999999999,-1.4125000000000001
45586,-0.48749999999999999,-0.82499999999999996,-1.2975000000000001
45583,-0.47749999999999998,-0.82250000000000001,-1.2775000000000001
45582,-0.5,-0.78500000000000003,-1.2275
45581,-0.4425,-0.84,-1.3075000000000001
45580,-0.40749999999999997,-0.84,-1.2024999999999999
45579,-0.40250000000000002,-0.78249999999999997,-1.1575
45576,-0.41249999999999998,-0.96250000000000002,-1.2925
45575,-0.4425,-0.86750000000000005,-1.3174999999999999
45574,-0.39,-0.94499999999999995,-1.2625
45573,-0.3775,-0.96750000000000003,-1.3174999999999999
45572,-0.39750000000000002,-0.99250000000000005,-1.28
45569,-0.3175,-1.0125,-1.2649999999999999
45568,-0.28999999999999998,-1.0475000000000001,-1.26
45567,-0.3075,-1.165,-1.4025000000000001
45566,-0.26750000000000002,-1.27,-1.585
45565,-0.1,-1.19,-1.4075
45562,-0.1275,-1.1525000000000001,-1.3425
45561,-9.5000000000000001E-2,-0.99250000000000005,-1.1425000000000001
45560,2.5000000000000001E-2,-1.0024999999999999,-1.17
45559,1.7500000000000002E-2,-1.04,-1.155
45558,4.2500000000000003E-2,-1.1399999999999999,-1.25
45555,0.13,-1.085,-1.1375
45554,0.12,-1.2224999999999999,-1.2475000000000001
45553,0.16750000000000001,-1.42,-1.365
45552,0.2175,-1.4750000000000001,-1.3774999999999999
45551,0.20749999999999999,-2.0074999999999998,-1.8425
45548,0.14749999999999999,-2.0099999999999998,-1.9075
45547,4.7500000000000001E-2,-1.8125,-1.71
45546,-5.7500000000000002E-2,-1.98,-1.93
45545,-0.03,-1.9824999999999999,-1.9824999999999999
45544,3.7499999999999999E-2,-2.0975000000000001,-1.9975000000000001
45541,0.13500000000000001,-2.2774999999999999,-2.2149999999999999
45540,0.13,-2.39,-2.2875000000000001
45539,2.2499999999999999E-2,-1.96,-1.8825000000000001
45538,-0.125,-1.905,-1.895
45537,-6.25E-2,-1.62,-1.53
45534,-3.7499999999999999E-2,-1.71,-1.5449999999999999
45533,-2.75E-2,-1.8149999999999999,-1.665
45532,0.1,-1.915,-1.6950000000000001
45531,0.26750000000000002,-2.1924999999999999,-1.8325
45530,0.3075,-2.36,-2.0724999999999998
45527,0.185,-2.3624999999999998,-2.1274999999999999
45526,0.23,-2.38,-2.11
45525,0.19,-2.4,-2.2949999999999999
45524,0.1575,-2.2875000000000001,-2.2124999999999999
45523,9.7500000000000003E-2,-2.14,-2.0975000000000001
45520,0.06,-1.9025000000000001,-1.9424999999999999
45519,0.01,-1.9025000000000001,-1.825
45518,0.10249999999999999,-2.5499999999999998,-2.3925000000000001
45517,-0.115,-2.6549999999999998,-2.6775000000000002
45516,-0.1525,-2.5099999999999998,-2.8424999999999998
45513,-0.15,-2.4925000000000002,-2.7549999999999999
45512,-0.14749999999999999,-2.5024999999999999,-2.77
45511,-0.17,-2.3199999999999998,-2.59
45510,-0.21,-3.0674999999999999,-3.0750000000000002
45509,-0.01,-3.73,-3.5924999999999998
45506,-0.19750000000000001,-2.3250000000000002,-2.44
45505,-0.35249999999999998,-1.9750000000000001,-2.1225000000000001
45504,-0.28999999999999998,-1.835,-2.0525000000000002
45503,-0.27250000000000002,-1.6525000000000001,-1.8574999999999999
45502,-0.27500000000000002,-1.5325,-1.5974999999999999
45499,-0.23749999999999999,-1.5175000000000001,-1.59
45498,-0.27250000000000002,-1.7024999999999999,-1.85
45497,-0.25750000000000001,-1.6975,-1.8725000000000001
45496,-0.23,-1.605,-1.7725
45495,-0.22500000000000001,-1.5825,-1.69
45492,-0.25,-1.58,-1.62
45491,-0.21249999999999999,-1.6675,-1.7749999999999999
45490,-0.13750000000000001,-1.6924999999999999,-1.8
45489,-0.14499999999999999,-1.33,-1.4650000000000001
45488,-0.14749999999999999,-1.4025000000000001,-1.5774999999999999
45485,-0.2175,-1.405,-1.6924999999999999
45484,-0.2525,-1.2749999999999999,-1.595
45483,-0.29249999999999998,-0.6875,-1.085
45482,-0.29749999999999999,-0.71250000000000002,-1.1499999999999999
45481,-0.38500000000000001,-0.77749999999999997,-1.2825
45478,-0.44750000000000001,-0.75749999999999995,-1.325
45477,-0.50749999999999995,-0.74750000000000005,-1.42
45476,-0.5,-0.71499999999999997,-1.4275
45475,-0.69,-0.5625,-1.37
45474,-0.75,-0.51249999999999996,-1.3025
45471,-1.2524999999999999,-0.59250000000000003,-1.62
45470,-1.2675000000000001,-0.41749999999999998,-1.3574999999999999
45469,-1.3174999999999999,-0.41749999999999998,-1.3225
45468,-1.1599999999999999,-0.55249999999999999,-1.5
45467,-1.2050000000000001,-0.6,-1.5175000000000001
45464,-1.385,-0.78749999999999998,-1.6725000000000001
45463,-1.4325000000000001,-0.98250000000000004,-1.845
45462,-1.4650000000000001,-1.0425,-1.85
45461,-1.5249999999999999,-1.0725,-1.915
45460,-1.5275000000000001,-1.095,-1.97
45457,-1.5049999999999999,-1.0674999999999999,-1.97
45456,-0.93,-1.0974999999999999,-1.7549999999999999
45455,-0.67249999999999999,-1.1475,-1.5225
45454,-0.75,-1.23,-1.6225000000000001
45453,-0.53749999999999998,-1.3325,-1.65
45450,-0.23499999999999999,-1.395,-1.4950000000000001
45449,-0.185,-1.345,-1.48
45448,-0.185,-1.3525,-1.41
45447,-0.185,-1.415,-1.56
45446,-0.2475,-1.1499999999999999,-1.2749999999999999
45443,-0.28000000000000003,-1.0874999999999999,-1.2549999999999999
45442,-0.25,-1.1225000000000001,-1.2975000000000001
45441,-0.23499999999999999,-1.0375000000000001,-1.17
45440,-0.21,-1.08,-1.1950000000000001
45439,-0.22,-1.0974999999999999,-1.2
45436,-0.22,-1.1299999999999999,-1.1950000000000001
45435,-0.21249999999999999,-1.0649999999999999,-1.1875
45434,-0.22,-1.145,-1.1924999999999999
45433,-0.17499999999999999,-1.1000000000000001,-1.135
45432,-0.16,-1.0575000000000001,-1.0900000000000001
45429,-0.13,-0.97250000000000003,-1.1775
45428,-0.12,-0.88249999999999995,-1.08
45427,-0.10249999999999999,-0.84250000000000003,-1.0725
45426,-0.16,-0.86,-1.125
45425,-0.15,-0.75749999999999995,-0.98499999999999999
45422,-0.21249999999999999,-0.72,-1.0674999999999999
45421,-0.22,-0.61750000000000005,-0.99250000000000005
45420,-0.22750000000000001,-0.55500000000000005,-0.96750000000000003
45419,-0.2225,-0.61,-0.96
45418,-0.21249999999999999,-0.63749999999999996,-1.0475000000000001
45415,-0.21249999999999999,-0.92749999999999999,-1.23
45414,-0.27750000000000002,-1.1100000000000001,-1.5549999999999999
45413,-0.28749999999999998,-0.86750000000000005,-1.3825000000000001
45412,-0.3,-0.8,-1.325
45411,-0.28000000000000003,-0.86750000000000005,-1.31
45408,-0.27750000000000002,-1.6725000000000001,-1.97
45407,-0.3075,-1.7975000000000001,-1.9750000000000001
45406,-0.2475,-1.7375,-1.95
45405,-0.34499999999999997,-1.6074999999999999,-1.7649999999999999
45404,-0.43,-1.6525000000000001,-1.77
45401,-0.55249999999999999,-1.7424999999999999,-2.02
45400,-0.52749999999999997,-1.5375000000000001,-1.81
45399,-0.61250000000000004,-1.6975,-2.0325000000000002
45398,-0.79,-1.78,-2.19
45397,-0.64500000000000002,-1.64,-1.95
45394,-0.61499999999999999,-1.5925,-1.9
45393,-0.47249999999999998,-1.5674999999999999,-1.7625
45392,-0.36499999999999999,-1.6575,-1.8674999999999999
45391,-0.25,-1.4175,-1.425
45390,-0.2525,-1.3925000000000001,-1.53
45387,-0.27,-1.4125000000000001,-1.55
45386,-0.26750000000000002,-1.4225000000000001,-1.5674999999999999
45385,-0.3075,-1.4325000000000001,-1.4450000000000001
45384,-0.35499999999999998,-1.4025000000000001,-1.595
45383,-0.36749999999999999,-1.22,-1.5549999999999999
45380,-0.29749999999999999,-1.2050000000000001,-1.47
45379,-0.3,-1.17,-1.4724999999999999
45378,-0.2525,-0.87,-1.2250000000000001
45377,-0.26750000000000002,-0.71250000000000002,-1.105
45376,-0.29249999999999998,-0.65249999999999997,-1.105
45373,-0.35249999999999998,-0.56999999999999995,-1.0349999999999999
45372,-0.21249999999999999,-0.66249999999999998,-0.89
45371,-0.2175,-0.52749999999999997,-0.73
45370,-0.23499999999999999,-0.72499999999999998,-0.78249999999999997
45369,-0.16,-1.2725,-1.2875000000000001
45366,-0.16750000000000001,-1.355,-1.365
45365,-0.16,-1.355,-1.3525
45364,-0.1,-1.3225,-1.2849999999999999
45363,-0.1225,-1.44,-1.3875
45362,-0.12,-1.6575,-1.6174999999999999
45359,-0.1275,-1.6775,-1.605
45358,-0.1075,-1.96,-1.8925000000000001
45357,-0.14249999999999999,-1.7275,-1.65
45356,-0.16500000000000001,-1.615,-1.5575000000000001
45355,-0.185,-1.5049999999999999,-1.4675
45352,-0.185,-1.55,-1.5075000000000001
45351,-0.20499999999999999,-1.5449999999999999,-1.5674999999999999
45350,-0.15,-1.1399999999999999,-1.1625000000000001
45349,-0.1225,-1.155,-1.1475
45348,-0.1075,-1.06,-1.0974999999999999
45345,-0.11,-1.0549999999999999,-1.0974999999999999
45344,-5.5E-2,-1.08,-1.1100000000000001
45343,-5.2499999999999998E-2,-1.0549999999999999,-1.1299999999999999
45342,-5.5E-2,-1.0249999999999999,-1.1100000000000001
45341,-9.5000000000000001E-2,-0.64749999999999996,-0.78
45338,-0.11,-0.60499999999999998,-0.77
45337,-0.13,-0.72499999999999998,-0.9
45336,-0.13,-0.625,-0.85499999999999998
45335,-0.15,-0.61750000000000005,-0.84
45334,-0.105,-0.84,-0.92
45331,-0.1125,-0.86250000000000004,-0.94
45330,-0.16,-0.85499999999999998,-1.0175000000000001
45329,-0.20250000000000001,-0.97499999999999998,-1.0349999999999999
45328,-0.23499999999999999,-0.89749999999999996,-1.01
45327,-0.27750000000000002,-0.89249999999999996,-1.115
45324,-0.25,-1.1225000000000001,-1.1975
45323,-0.23250000000000001,-1.3225,-1.38
45322,-0.2175,-1.2825,-1.1825000000000001
45321,-0.2,-1.1325000000000001,-1.0549999999999999
45320,-0.20499999999999999,-1.095,-1.0925
45317,-0.20499999999999999,-1.0475000000000001,-1.0525
45316,-0.2,-1.1399999999999999,-1.1100000000000001
45315,-0.17,-1.1725000000000001,-1.1875
45314,-0.20749999999999999,-0.91749999999999998,-1.0674999999999999
45313,-0.16,-0.97750000000000004,-1.0900000000000001
45310,-0.185,-0.995,-1.115
45309,-0.19,-0.96499999999999997,-1.1299999999999999
45308,-0.23,-0.98750000000000004,-1.125
45307,-0.21,-1.0375000000000001,-1.1200000000000001
45306,-0.12,-1.1025,-1.1599999999999999
45303,-0.13,-1.105,-1.2
45302,-0.1275,-1.075,-1.2050000000000001
45301,-0.14749999999999999,-1.1100000000000001,-1.2450000000000001
45300,-0.17,-1.1950000000000001,-1.2
45299,-0.2,-1.1975,-1.27
45296,-0.18,-1.1775,-1.3025
45295,-0.2225,-1.2075,-1.355
45294,-0.23,-1.28,-1.45
45293,-0.18,-1.45,-1.4750000000000001
45292,-0.14000000000000001,-1.7024999999999999,-1.66
45289,-0.14249999999999999,-1.6725000000000001,-1.6625000000000001
45288,-0.10249999999999999,-1.69,-1.6425000000000001
45287,-8.2500000000000004E-2,-1.63,-1.605
45286,-0.125,-1.71,-1.69
45285,-0.1075,-1.72,-1.7075
45282,-0.12,-1.6924999999999999,-1.5725
45281,-0.17,-1.6325000000000001,-1.6174999999999999
45280,-0.22,-1.2050000000000001,-1.325
45279,-0.20749999999999999,-1.2424999999999999,-1.5049999999999999
45278,-0.215,-1.875,-1.875
45275,-0.21249999999999999,-1.885,-1.87
45274,-0.20250000000000001,-1.915,-1.92
45273,-0.25750000000000001,-1.7575000000000001,-1.8
45272,-0.33750000000000002,-1.7350000000000001,-1.7450000000000001
45271,-0.36749999999999999,-1.7925,-1.8
45268,-0.40500000000000003,-1.73,-1.84
45267,-0.42499999999999999,-1.7350000000000001,-1.8325
45266,-0.40250000000000002,-1.0900000000000001,-1.2749999999999999
45265,-0.4,-1.2,-1.4424999999999999
45264,-0.31,-1.1875,-1.3625
45261,-0.28999999999999998,-1.0874999999999999,-1.17
45260,-0.28999999999999998,-1.135,-1.21
45259,-0.24,-1.135,-1.19
45258,-0.245,-1.1850000000000001,-1.1924999999999999
45257,-0.26500000000000001,-1.1525000000000001,-1.22
45254,-0.245,-1.0725,-1.175
45253,-0.245,-1.1575,-1.2275
45252,-0.24,-1.175,-1.2150000000000001
45251,-0.18,-1.2549999999999999,-1.34
45250,-0.11,-1.2524999999999999,-1.26
45247,-0.15,-0.9325,-1.1000000000000001
45246,-0.15,-0.66,-0.83499999999999996
45245,-0.17,-0.67500000000000004,-0.84250000000000003
45244,-0.1275,-0.65,-0.89500000000000002
45243,-0.18,-0.54500000000000004,-0.82499999999999996
45240,-0.22,-0.435,-0.70750000000000002
45239,-0.22,-0.42,-0.70750000000000002
45238,-0.24,-0.47499999999999998,-0.78
45237,-0.25,-0.51500000000000001,-0.8175
45236,-0.22,-0.55249999999999999,-0.86499999999999999
45233,-0.21,-0.53,-0.9
45232,-0.245,-0.53749999999999998,-0.8075
45231,-0.35,-0.54500000000000004,-0.92249999999999999
45230,-0.39,-0.59750000000000003,-0.97499999999999998
45229,-0.35,-0.89,-1.08
45226,-0.4,-0.92749999999999999,-1.1399999999999999
45225,-0.42,-0.98499999999999999,-1.165
45224,-0.42499999999999999,-1.105,-1.2849999999999999
45223,-0.42,-1.145,-1.325
45222,-0.46,-1.1599999999999999,-1.3374999999999999
45219,-0.64500000000000002,-1.155,-1.42
45218,-0.62250000000000005,-1.135,-1.3325
45217,-0.6,-1.175,-1.375
45216,-0.5575,-1.1675,-1.4350000000000001
45215,-0.60250000000000004,-1.1575,-1.4424999999999999
45212,-0.64249999999999996,-1.24,-1.4750000000000001
45211,-0.48,-1.1775,-1.2749999999999999
45210,-0.45,-1.24,-1.31
45209,-0.55000000000000004,-1.2124999999999999,-1.45
45208,-0.63,-1.2524999999999999,-1.55
45205,-0.54749999999999999,-1.2350000000000001,-1.51
45204,-0.60499999999999998,-1.1950000000000001,-1.5249999999999999
45203,-0.625,-1.28,-1.62
45202,-0.64749999999999996,-1.3875,-1.82
45201,-0.5,-1.105,-1.4125000000000001
45198,-0.48,-1.1625000000000001,-1.4450000000000001
45197,-0.5,-1.1499999999999999,-1.5874999999999999
45196,-0.5,-0.94499999999999995,-1.23
45195,-0.45,-0.91749999999999998,-1.1425000000000001
45194,-0.37,-0.76749999999999996,-1.04
45191,-0.35,-0.75,-1.0349999999999999
45190,-0.34,-0.98,-1.2549999999999999
45189,-0.28999999999999998,-0.87,-1.1399999999999999
45188,-0.35,-0.89500000000000002,-1.175
45187,-0.37,-0.96499999999999997,-1.23
45184,-0.39750000000000002,-0.96499999999999997,-1.2450000000000001
45183,-0.4,-1.0449999999999999,-1.2949999999999999
45182,-0.31,-1.085,-1.35
45181,-0.35,-1.0149999999999999,-1.31
45180,-0.34749999999999998,-0.98499999999999999,-1.3
45177,-0.4,-0.85499999999999998,-1.22
45176,-0.43,-0.81499999999999995,-1.21
45175,-0.45,-0.8,-1.165
45174,-0.43,-0.78500000000000003,-1.145
45173,-0.4,-0.82250000000000001,-1.135
45170,-0.4,-0.82499999999999996,-1.165
45169,-0.37,-0.83,-1.1599999999999999
45168,-0.34,-0.82,-1.1850000000000001
45167,-0.45,-0.74,-1.2150000000000001
45166,-0.48,-0.77749999999999997,-1.2675000000000001
45163,-0.48249999999999998,-0.78,-1.2649999999999999
45162,-0.42,-0.79500000000000004,-1.2150000000000001
45161,-0.39750000000000002,-0.66500000000000004,-1.1200000000000001
45160,-0.39750000000000002,-0.63,-1.0349999999999999
45159,-0.4,-0.70499999999999996,-1.08
45156,-0.42,-0.69,-1.115
45155,-0.43,-0.56999999999999995,-1.095
45154,-0.4,-0.54749999999999999,-0.98499999999999999
45153,-0.29499999999999998,-0.59499999999999997,-0.98
45152,-0.3,-0.625,-0.95499999999999996
45149,-0.29499999999999998,-0.68,-0.94
45148,-0.3,-0.745,-0.97
45147,-0.29499999999999998,-0.84499999999999997,-1.0175000000000001
45146,-0.3,-0.83,-1.01
45145,-0.3,-0.875,-1.04
45142,-0.3,-0.90500000000000003,-1.1174999999999999
45141,-0.34499999999999997,-0.99,-1.1274999999999999
45140,-0.29749999999999999,-0.74750000000000005,-0.98499999999999999
45139,-0.25,-0.56999999999999995,-0.89500000000000002
45138,-0.25,-0.64749999999999996,-0.89249999999999996
45135,-0.25,-0.94,-1.2450000000000001
45134,-0.28249999999999997,-1.9775,-2.2625000000000002
45133,-0.20499999999999999,-1.9075,-2.1349999999999998
45132,-0.17749999999999999,-1.5449999999999999,-1.7825
45131,-0.14000000000000001,-1.4450000000000001,-1.6725000000000001
45128,-0.14249999999999999,-1.35,-1.58
45127,-0.14000000000000001,-1.37,-1.655
45126,-4.7500000000000001E-2,-1.37,-1.6025
45125,-0.03,-1.405,-1.6325000000000001
45124,-0.05,-1.45,-1.6575
45121,-0.05,-1.4275,-1.6375
45120,-6.7500000000000004E-2,-1.41,-1.65
45119,-0.20749999999999999,-1.75,-2
45118,-0.25,-1.83,-2.11
45117,-0.27,-1.5225,-1.7949999999999999
45114,-0.31,-1.165,-1.5549999999999999
45113,-0.32500000000000001,-1.135,-1.53
45112,-0.32500000000000001,-1.085,-1.5
45111,-0.33,-1.05,-1.4175
45110,-0.35749999999999998,-1.135,-1.51
45107,-0.38,-1.3075000000000001,-1.59
45106,-0.38250000000000001,-1.4025000000000001,-1.7475000000000001
45105,-0.4,-0.8175,-1.22
45104,-0.36749999999999999,-0.81499999999999995,-1.1950000000000001
45103,-0.35749999999999998,-0.745,-1.145
45100,-0.34,-0.64,-1.1399999999999999
45099,-0.25,-0.72,-0.95
45098,-0.22750000000000001,-0.745,-0.98
45097,-0.1925,-0.71499999999999997,-1.0249999999999999
45096,-0.1275,-0.62,-0.89500000000000002
45093,-0.1075,-0.65500000000000003,-0.85499999999999998
45092,-0.11,-0.82250000000000001,-1.0049999999999999
45091,-0.15,-0.81,-0.92500000000000004
45090,-0.15,-0.93,-1.0249999999999999
45089,-0.14749999999999999,-0.94,-1.05
45086,-0.14749999999999999,-0.99,-1.0900000000000001
45085,-0.15,-1.04,-1.1200000000000001
45084,-0.18,-1.17,-1.22
45083,-0.19,-1.2350000000000001,-1.395
45082,-0.1925,-1.27,-1.4450000000000001
45079,-0.21,-1.35,-1.5049999999999999
45078,-0.23749999999999999,-1.4850000000000001,-1.65
45077,-0.3175,-1.5449999999999999,-1.76
45076,-0.34,-1.58,-1.82
45075,-0.32750000000000001,-1.5425,-1.7849999999999999
45072,-0.33250000000000002,-1.5349999999999999,-1.7524999999999999
45071,-0.35,-1.5349999999999999,-1.7925
45070,-0.30249999999999999,-1.575,-1.7775000000000001
45069,-0.27250000000000002,-1.53,-1.68
45068,-0.28999999999999998,-1.47,-1.6125
45065,-0.32250000000000001,-1.4450000000000001,-1.6125
45064,-0.35499999999999998,-1.3674999999999999,-1.6174999999999999
45063,-0.25,-1.5575000000000001,-1.7175
45062,-0.245,-1.635,-1.7825
45061,-0.25,-1.68,-1.855
45058,-0.26250000000000001,-1.1950000000000001,-1.4650000000000001
45057,-0.17,-1.2749999999999999,-1.5249999999999999
45056,-7.4999999999999997E-2,-1.3049999999999999,-1.4850000000000001
45055,-7.4999999999999997E-2,-1.405,-1.5449999999999999
45054,-5.5E-2,-1.4624999999999999,-1.6525000000000001
45051,-9.2499999999999999E-2,-1.48,-1.6375
45050,-0.16750000000000001,-1.4724999999999999,-1.6375
45049,-0.17249999999999999,-1.2675000000000001,-1.4325000000000001
45048,-0.25,-0.94,-1.2875000000000001
45047,-0.27500000000000002,-0.83499999999999996,-1.2075
45044,-0.27500000000000002,-0.98750000000000004,-1.2975000000000001
45043,-0.27250000000000002,-1.7975000000000001,-2.04
45042,-0.27500000000000002,-1.9524999999999999,-2.1274999999999999
45041,-0.29249999999999998,-1.9225000000000001,-2.0074999999999998
45040,-0.255,-1.77,-1.9724999999999999
45037,-0.28000000000000003,-1.76,-1.9450000000000001
45036,-0.28000000000000003,-1.6875,-1.845
45035,-0.27750000000000002,-1.6625000000000001,-1.7975000000000001
45034,-0.27250000000000002,-1.605,-1.6875
45033,-0.29499999999999998,-1.59,-1.7
45030,-0.17,-1.5475000000000001,-1.7649999999999999
45029,-0.125,-1.5,-1.645
45028,-0.1875,-1.52,-1.7975000000000001
45027,-0.28249999999999997,-1.6125,-1.93
45026,-0.29749999999999999,-1.8274999999999999,-2.0350000000000001
45023,-0.30249999999999999,-1.8325,-2.0525000000000002
45022,-0.3,-1.9424999999999999,-2.125
45021,-0.29749999999999999,-2.0625,-2.16
45020,-0.3,-1.9624999999999999,-2.09
45019,-0.39250000000000002,-1.8975,-2.0724999999999998
45016,-0.39750000000000002,-2.0049999999999999,-2.23
45015,-0.4,-2.0225,-2.3250000000000002
45014,-0.47,-1.335,-1.835
45013,-0.60750000000000004,-1.4975000000000001,-1.98
45012,-0.69499999999999995,-1.7150000000000001,-2.165
45009,-0.82250000000000001,-1.84,-2.3125
45008,-0.44500000000000001,-1.65,-2.0074999999999998
45007,-0.49249999999999999,-1.635,-2.1875
45006,-0.55249999999999999,-1.8149999999999999,-2.4350000000000001
45005,-0.76500000000000001,-2.1575000000000002,-2.81
45002,-0.83499999999999996,-2.0150000000000001,-2.7549999999999999
45001,-1.1100000000000001,-1.8125,-2.7650000000000001
45000,-1.3425,-1.9724999999999999,-2.7749999999999999
44999,-0.45250000000000001,-1.5349999999999999,-2.0625
44998,-0.58750000000000002,-1.9724999999999999,-2.4750000000000001
44995,-0.63249999999999995,-1.6625000000000001,-2.0874999999999999
44994,-0.64749999999999996,-1.9275,-2.2825000000000002
44993,-0.67500000000000004,-1.7675000000000001,-2.2275
44992,-0.6,-1.6975,-2.1375000000000002
44991,-0.375,-1.9225000000000001,-2.1475
44988,-0.3775,-1.7675000000000001,-2.0425
44987,-0.42,-1.7124999999999999,-1.9524999999999999
44986,-0.40500000000000003,-1.7,-1.8975
44985,-0.505,-1.5825,-1.7224999999999999
44984,-0.59750000000000003,-1.3374999999999999,-1.5925
44981,-0.64500000000000002,-1.29,-1.5525
44980,-0.63249999999999995,-1.2350000000000001,-1.4824999999999999
44979,-0.64500000000000002,-1.0874999999999999,-1.4375
44978,-0.64749999999999996,-1.0575000000000001,-1.4025000000000001
44977,-0.64749999999999996,-1.0049999999999999,-1.4025000000000001
44974,-0.70499999999999996,-0.94,-1.3574999999999999
44973,-0.64749999999999996,-0.97499999999999998,-1.3225
44972,-0.72750000000000004,-0.95,-1.3174999999999999
44971,-0.82,-0.9325,-1.3875
44970,-0.94499999999999995,-1.0349999999999999,-1.4750000000000001
44967,-0.89500000000000002,-1.4450000000000001,-1.79
44966,-0.76500000000000001,-0.99250000000000005,-1.3774999999999999
44965,-0.69750000000000001,-0.89749999999999996,-1.3325
44964,-0.79249999999999998,-0.95,-1.3774999999999999
44963,-0.76249999999999996,-0.92749999999999999,-1.3674999999999999
44960,-0.66500000000000004,-0.9375,-1.3374999999999999
44959,-0.55249999999999999,-1.125,-1.4025000000000001
44958,-0.53500000000000003,-1.0900000000000001,-1.4025000000000001
44957,-0.64249999999999996,-1.095,-1.4475
44956,-0.59499999999999997,-1.0825,-1.425
44953,-0.59750000000000003,-0.995,-1.365
44952,-0.59499999999999997,-0.9325,-1.2350000000000001
44951,-0.5625,-0.97250000000000003,-1.335
44950,-0.4375,-0.91,-1.22
44949,-0.45,-0.9425,-1.3149999999999999
44946,-0.41499999999999998,-1.0225,-1.28
44945,-0.3725,-1.2124999999999999,-1.4
44944,-0.30249999999999999,-1.1850000000000001,-1.35
44943,-0.30499999999999999,-1.5125,-1.63
44942,-0.30249999999999999,-1.62,-1.895
44939,-0.3,-1.8075000000000001,-1.9650000000000001
44938,-0.28000000000000003,-1.79,-1.9125000000000001
44937,-0.29749999999999999,-1.1850000000000001,-1.41
44936,-0.32250000000000001,-1.18,-1.4750000000000001
44935,-0.3775,-1.3574999999999999,-1.68
44932,-0.505,-1.42,-1.7649999999999999
44931,-0.5675,-1.385,-1.74
44930,-0.52500000000000002,-1.5325,-1.86
44929,-0.57750000000000001,-1.8474999999999999,-2.17
44928,-0.50249999999999995,-1.79,-1.9924999999999999
44925,-0.5,-1.7350000000000001,-1.9375
44924,-0.5,-1.7150000000000001,-1.9
44923,-0.5,-1.6325000000000001,-1.8225
44922,-0.5,-1.6850000000000001,-1.8225
44921,-0.50249999999999995,-1.6875,-1.8525
44918,-0.505,-1.585,-1.835
44917,-0.50249999999999995,-1.6775,-1.845
44916,-0.54500000000000004,-1.7450000000000001,-1.8525
44915,-0.54500000000000004,-1.915,-1.7450000000000001
44914,-0.54749999999999999,-0.95750000000000002,-1.1625000000000001
44911,-0.52,-0.85499999999999998,-1.145
44910,-0.40749999999999997,-0.71499999999999997,-0.9
44909,-0.39750000000000002,-0.81,-0.995
44908,-0.42,-0.9325,-1.03
44907,-0.46750000000000003,-0.99250000000000005,-1.105
44904,-0.495,-1.04,-1.1850000000000001
44903,-0.47499999999999998,-1.1299999999999999,-1.2050000000000001
44902,-0.47499999999999998,-1.1525000000000001,-1.18
44901,-0.52500000000000002,-1.2050000000000001,-1.21
44900,-0.52,-1.1975,-1.21
44897,-0.49,-1.335,-1.33
44896,-0.67249999999999999,-1.3425,-1.42
44895,-0.89249999999999996,-1.2024999999999999,-1.47
44894,-0.89500000000000002,-1.2725,-1.6274999999999999
44893,-0.82750000000000001,-1.2375,-1.5549999999999999
44890,-0.77749999999999997,-1.0149999999999999,-1.3925000000000001
44889,-0.79249999999999998,-0.92249999999999999,-1.3325
44888,-0.85499999999999998,-0.69,-1.19
44887,-0.94750000000000001,-0.59750000000000003,-1.17
44886,-0.97250000000000003,-0.52749999999999997,-1.175
44883,-0.90249999999999997,-0.55000000000000004,-1.1625000000000001
44882,-0.90249999999999997,-0.53,-1.18
44881,-0.87749999999999995,-0.64749999999999996,-1.2450000000000001
44880,-0.91500000000000004,-0.75,-1.22
44879,-0.72250000000000003,-0.97499999999999998,-1.31
44876,-0.66249999999999998,-1.3374999999999999,-1.47
44875,-0.66749999999999998,-0.6875,-1.1675
44874,-0.875,-0.625,-1.1625000000000001
44873,-0.79749999999999999,-0.57999999999999996,-1.1425000000000001
44872,-0.84250000000000003,-0.51500000000000001,-1.0925
44869,-0.875,-0.4975,-1.0974999999999999
44868,-1.0725,-0.495,-1.1325000000000001
44867,-1.0425,-0.625,-1.2975000000000001
44866,-1.1200000000000001,-0.66500000000000004,-1.32
44865,-1.1850000000000001,-0.65749999999999997,-1.3674999999999999
44862,-1.1375,-0.66,-1.385
44861,-1.0325,-1.4575,-2.0449999999999999
44860,-0.85750000000000004,-1.8625,-2.1124999999999998
44859,-1.0225,-1.8149999999999999,-2.2374999999999998
44858,-1.1924999999999999,-1.7749999999999999,-2.2850000000000001
44855,-1.2250000000000001,-1.6375,-2.2349999999999999
44854,-1.2549999999999999,-0.99,-1.83
44853,-1.2849999999999999,-0.96750000000000003,-1.7949999999999999
44852,-1.1675,-0.77249999999999996,-1.7450000000000001
44851,-1.2549999999999999,-0.81,-1.9
44848,-1.3474999999999999,-0.65749999999999997,-1.875
44847,-1.355,-1.0649999999999999,-2.0699999999999998
44846,-1.4824999999999999,-1.4724999999999999,-2.3875000000000002
44845,-1.64,-1.5249999999999999,-2.4824999999999999
44844,-1.72,-1.53,-2.4874999999999998
44841,-1.7050000000000001,-1.5449999999999999,-2.4874999999999998
44840,-1.6924999999999999,-1.4950000000000001,-2.4575
44839,-1.6775,-1.58,-2.4550000000000001
44838,-1.34,-1.5425,-2.2149999999999999
44837,-1.645,-1.4350000000000001,-2.4249999999999998
44834,-1.7,-1.5575000000000001,-2.4525000000000001
44833,-1.68,-1.575,-2.35
44832,-1.8174999999999999,-1.4524999999999999,-2.4175
44831,-1.69,-1.5125,-2.2650000000000001
44830,-1.7,-1.66,-2.38
44827,-1.3474999999999999,-1.3374999999999999,-2.0649999999999999
44826,-0.95,-0.98499999999999999,-1.5525
44825,-1.0249999999999999,-1.1599999999999999,-1.7475000000000001
44824,-0.84250000000000003,-1.1174999999999999,-1.6125
44823,-0.90749999999999997,-1.3149999999999999,-1.6975
44820,-0.85750000000000004,-1.29,-1.6975
44819,-1.0649999999999999,-1.04,-1.5475000000000001
44818,-1.1675,-1.0275000000000001,-1.5225
44817,-1.3774999999999999,-0.39500000000000002,-1.4375
44816,-1.0974999999999999,-0.42249999999999999,-1.4075
44813,-1.2,-0.20250000000000001,-1.2925
44812,-1.35,-0.04,-1.1675
44811,-1.42,0.14000000000000001,-1.2475000000000001
44810,-1.55,0.33500000000000002,-1.2725
44809,-1.575,2.2499999999999999E-2,-1.4025000000000001
44806,-1.4025000000000001,6.25E-2,-1.2675000000000001
44805,-1.4950000000000001,0.09,-1.3625
44804,-1.22,-6.5000000000000002E-2,-1.2625
44803,-1.2224999999999999,-6.5000000000000002E-2,-1.2825
44802,-1.19,-3.2500000000000001E-2,-1.2975000000000001
44799,-1.1225000000000001,-0.17749999999999999,-1.25
44798,-1.1575,-0.19500000000000001,-1.2849999999999999
44797,-1.2024999999999999,0.13250000000000001,-1.135
44796,-1.3225,0.22750000000000001,-1.2275
44795,-1.5974999999999999,0.27,-1.175
44792,-1.625,0.2175,-1.1025
44791,-1.665,-0.1275,-1.2175
44790,-1.4724999999999999,-0.15,-1.175
44789,-1.4924999999999999,-0.315,-1.2949999999999999
44788,-1.2549999999999999,-0.39,-1.3049999999999999
44785,-1.0674999999999999,-0.37,-0.99
44784,-0.99250000000000005,-0.38750000000000001,-1.06
44783,-0.9425,-0.48499999999999999,-1.0549999999999999
44782,-1.1875,-0.25,-1.095
44781,-1.2849999999999999,-0.315,-1.2649999999999999
44778,-1.4175,-0.34250000000000003,-1.34
44777,-1.5525,-0.4325,-1.57
44776,-1.665,-0.63500000000000001,-1.78
44775,-1.6425000000000001,-1.0900000000000001,-1.9550000000000001
44774,-1.5149999999999999,-1.1924999999999999,-2.0099999999999998
44771,-1.595,-1.1399999999999999,-2.0049999999999999
44770,-1.6125,-1.1074999999999999,-2.12
44769,-1.5925,-0.83750000000000002,-1.9475
44768,-1.6924999999999999,-1.1725000000000001,-2.14
44767,-1.6025,-1.1074999999999999,-2.0299999999999998
44764,-1.68,-1.075,-2.09
44763,-1.7725,-0.65749999999999997,-1.96
44762,-1.7949999999999999,-0.90500000000000003,-2.06
44761,-1.7350000000000001,-1.0049999999999999,-2.09
44760,-1.77,-1.0125,-2.1800000000000002
44757,-1.99,-1.0125,-2.38
44756,-2.1175000000000002,-1.0549999999999999,-2.5499999999999998
44755,-1.7775000000000001,-1.335,-2.4700000000000002
44754,-1.9650000000000001,-1.32,-2.56
44753,-2.0099999999999998,-1.1025,-2.5049999999999999
44750,-1.89,-1.3925000000000001,-2.5449999999999999
44749,-1.8274999999999999,-1.4175,-2.5049999999999999
44748,-2.1,-1.6950000000000001,-2.7050000000000001
44747,-2.0550000000000002,-1.6325000000000001,-2.61
44746,-1.5125,-1.595,-2.4249999999999998
44743,-1.7250000000000001,-1.63,-2.46
44742,-1.4475,-1.395,-2.1724999999999999
44741,-1.2175,-1.365,-2.1
44740,-0.92,-1.4624999999999999,-1.885
44739,-0.91249999999999998,-1.6025,-2.0699999999999998
44736,-1,-1.4950000000000001,-1.915
44735,-1.1625000000000001,-1.2825,-2.1150000000000002
44734,-1.0925,-1.0900000000000001,-1.9350000000000001
44733,-1.075,-0.87749999999999995,-1.7250000000000001
44732,-1.1475,-0.72,-1.51
44729,-1.2224999999999999,-0.73,-1.6375
44728,-1.2224999999999999,-1.9624999999999999,-2.4674999999999998
44727,-1.69,-0.97499999999999998,-2.2050000000000001
44726,-1.885,-0.74,-2.125
44725,-1.7424999999999999,-0.60250000000000004,-1.6475
44722,-0.92,0.15,-0.74
44721,-0.73750000000000004,0.34499999999999997,-0.41499999999999998
44720,-0.75749999999999995,0.38,-0.36499999999999999
44719,-0.75749999999999995,0.2525,-0.44500000000000001
44718,-0.77500000000000002,1.7500000000000002E-2,-0.61250000000000004
44715,-0.77500000000000002,-7.7499999999999999E-2,-0.6875
44714,-0.80249999999999999,-0.1075,-0.73
44713,-0.84499999999999997,-6.7500000000000004E-2,-0.72750000000000004
44712,-0.77500000000000002,-0.2475,-0.82499999999999996
44711,-0.6,-0.48249999999999998,-0.92249999999999999
44708,-0.65500000000000003,-0.57250000000000001,-1.07
44707,-0.75749999999999995,-0.68500000000000005,-1.25
44706,-0.79749999999999999,-0.73499999999999999,-1.2949999999999999
44705,-0.73,-0.93500000000000005,-1.3525
44704,-0.88,-0.73750000000000004,-1.5549999999999999
44701,-1.1000000000000001,-0.85499999999999998,-1.67
44700,-1.0774999999999999,-1.0325,-1.79
44699,-1.3725000000000001,-0.75749999999999995,-1.7175
44698,-1.1200000000000001,-0.41,-1.48
44697,-1.4025000000000001,-0.51749999999999996,-1.79
44694,-1.645,-0.52249999999999996,-1.7625
44693,-1.85,-0.92249999999999999,-2.3199999999999998
44692,-1.1074999999999999,-0.185,-1.2275
44691,-1.3474999999999999,9.7500000000000003E-2,-1.2725
44690,-1.585,0.34,-1.28
44687,-1.53,0.53,-1.2
44686,-1.58,0.55000000000000004,-1.145
44685,-1.23,0.16750000000000001,-1.1125
44684,-1.625,0.26250000000000001,-1.2150000000000001
44683,-1.7625,0.20749999999999999,-1.2549999999999999
44680,-1.72,0.15,-1.22
44679,-2.0350000000000001,0.09,-1.4850000000000001
44678,-1.625,-0.57250000000000001,-1.61
44677,-1.0325,-0.75,-1.3774999999999999
44676,-0.8125,-0.6925,-1.135
44673,-0.93,-3.5000000000000003E-2,-0.83499999999999996
44672,-0.75249999999999995,5.2499999999999998E-2,-0.69499999999999995
44671,-1.0425,0.14249999999999999,-0.82
44670,-1.2925,0.36249999999999999,-0.86750000000000005
44669,-1.31,0.3,-1.105
44666,-1.28,0.27750000000000002,-1.1025
44665,-1.2775000000000001,0.19500000000000001,-1.1399999999999999
44664,-1.2825,0.3175,-1.1200000000000001
44663,-1.2175,0.16750000000000001,-1.1499999999999999
44662,-1.3574999999999999,0.1825,-1.27
44659,-1.4225000000000001,8.2500000000000004E-2,-1.42
44658,-1.5774999999999999,0.05,-1.5449999999999999
44657,-1.86,0.125,-1.675
44656,-1.8325,8.2500000000000004E-2,-1.56
44655,-1.4975000000000001,0.125,-1.1675
44652,-1.1174999999999999,0.1125,-1.0125
44651,-0.98750000000000004,-9.2499999999999999E-2,-1
44650,-0.90500000000000003,-8.7499999999999994E-2,-0.995
44649,-1.0225,-0.01,-1.1325000000000001
44648,-1.4375,0.40500000000000003,-1.33
44645,-1.35,3.7499999999999999E-2,-1.4550000000000001
44644,-1.54,0.23499999999999999,-1.5249999999999999
44643,-1.5149999999999999,-0.1075,-1.52
44642,-1.6575,5.0000000000000001E-3,-1.62
44641,-1.655,-0.35499999999999998,-1.86
44638,-1.7050000000000001,-0.36499999999999999,-1.87
44637,-1.07,-0.51,-1.7250000000000001
44636,-1.31,-0.38750000000000001,-1.72
44635,-1.9550000000000001,-0.54,-2.3149999999999999
44634,-2.0874999999999999,-0.62250000000000005,-2.4049999999999998
44631,-2.1775000000000002,-0.92249999999999999,-2.7374999999999998
44630,-1.9775,-1.0925,-2.6324999999999998
44629,-1.51,-1.18,-2.4449999999999998
44628,-2.15,-1.36,-3.28
44627,-3.46,-1.5175000000000001,-4.1224999999999996
44624,-3.5049999999999999,-1.7350000000000001,-4.2824999999999998
44623,-2.5,-1.3474999999999999,-3.335
44622,-2.6025,-1.3574999999999999,-3.1150000000000002
44621,-2.2749999999999999,-1.3774999999999999,-3.5975000000000001
44620,-1.125,-1.1074999999999999,-2.3275000000000001
44617,-0.625,-1.01,-1.94
44616,-0.82499999999999996,-1.2050000000000001,-2.2774999999999999
44615,-0.48249999999999998,-0.95499999999999996,-1.7424999999999999
44614,-0.42,-1.19,-1.8625
44613,-0.48499999999999999,-1.3,-1.9375
44610,-0.45250000000000001,-1.2649999999999999,-1.8325
44609,-0.38750000000000001,-1.3625,-1.8425
44608,-0.2,-1.21,-1.63
44607,-0.25750000000000001,-1.2450000000000001,-1.73
44606,-0.4425,-1.47,-1.92
44603,-0.21,-1.1599999999999999,-0.97499999999999998
44602,0.14749999999999999,-0.60499999999999998,-0.51
44601,0.17249999999999999,-0.75,-0.55249999999999999
44600,0.21,-0.7,-0.53749999999999998
44599,0.20499999999999999,-0.7,-0.56999999999999995
44596,0.25,-0.71499999999999997,-0.57999999999999996
44595,0.105,-0.7,-0.71
44594,-0.17499999999999999,-0.71499999999999997,-0.87250000000000005
44593,-0.2,-0.68500000000000005,-0.91749999999999998
44592,-0.315,-0.65500000000000003,-0.96
44589,-0.40500000000000003,-0.67,-1.02
44588,-0.38500000000000001,-0.745,-1.03
44587,-0.3,-0.81,-1.0549999999999999
44586,-0.30499999999999999,-0.93500000000000005,-1.1399999999999999
44585,-0.30499999999999999,-0.995,-1.0475000000000001
44582,-0.23,-0.88500000000000001,-0.97250000000000003
44581,-0.18,-0.72499999999999998,-0.88
44580,-0.23,-0.67500000000000004,-0.85750000000000004
44579,-0.25,-0.66,-0.83499999999999996
44578,-0.16,-0.73,-0.82499999999999996
44575,-0.14499999999999999,-0.82499999999999996,-0.89500000000000002
44574,-7.4999999999999997E-2,-0.64749999999999996,-0.63
44573,-8.7499999999999994E-2,-0.57250000000000001,-0.59
44572,-0.1525,-0.53,-0.65249999999999997
44571,-0.19750000000000001,-0.5675,-0.69
44568,-0.17499999999999999,-0.46,-0.5625
44567,-0.17249999999999999,-0.40250000000000002,-0.57499999999999996
44566,-0.16,-0.28749999999999998,-0.51249999999999996
44565,-0.15,-0.26250000000000001,-0.5675
44564,-0.15,-0.50249999999999995,-0.71
44561,-0.1,-0.54500000000000004,-0.67249999999999999
44560,-5.5E-2,-0.55249999999999999,-0.66249999999999998
44559,-4.4999999999999998E-2,-0.55000000000000004,-0.68500000000000005
44558,-2.5000000000000001E-2,-0.53749999999999998,-0.69750000000000001
44557,-2.5000000000000001E-2,-0.56499999999999995,-0.71250000000000002
44554,-2.5000000000000001E-2,-0.5625,-0.70250000000000001
44553,-2.75E-2,-0.55500000000000005,-0.70750000000000002
44552,-7.4999999999999997E-3,-0.65749999999999997,-0.70250000000000001
44551,-0.02,-0.6875,-0.75
44550,-1.7500000000000002E-2,-0.8175,-0.8175
44547,2.5000000000000001E-3,-0.74250000000000005,-0.8
44546,1.7500000000000002E-2,-0.59750000000000003,-0.66
44545,-2.5000000000000001E-3,-0.66249999999999998,-0.75
44544,-2.75E-2,-0.75249999999999995,-0.78500000000000003
44543,-8.7499999999999994E-2,-0.73750000000000004,-0.8
44540,-8.2500000000000004E-2,-0.74250000000000005,-0.79
44539,-0.06,-0.78249999999999997,-0.83
44538,-0.1225,-0.82750000000000001,-0.88249999999999995
44537,-0.15,-0.90249999999999997,-0.90749999999999997
44536,-0.13750000000000001,-1.0625,-1.02
44533,-0.13750000000000001,-1.0925,-1.0549999999999999
44532,-0.13750000000000001,-1.0525,-0.97499999999999998
44531,-0.155,-0.96250000000000002,-0.99250000000000005
44530,-0.1075,-1.175,-1.2
44529,-0.1,-1.5325,-1.48
44526,-8.5000000000000006E-2,-1.77,-1.5874999999999999
44525,-0.39750000000000002,-0.20499999999999999,-0.72
44524,-0.41749999999999998,-0.20499999999999999,-0.75249999999999995
44523,-0.4325,-0.21249999999999999,-0.74
44522,-0.45750000000000002,-0.25,-0.80249999999999999
44519,-0.45,-0.41,-0.82250000000000001
44518,-0.25750000000000001,-0.12,-0.38750000000000001
44517,-0.53500000000000003,-0.01,-0.50749999999999995
44516,-0.625,2.2499999999999999E-2,-0.53500000000000003
44515,-0.45250000000000001,-5.5E-2,-0.51749999999999996
44512,-0.38750000000000001,-5.7500000000000002E-2,-0.47249999999999998
44511,-0.3775,-0.115,-0.4975
44510,-0.2225,-0.14499999999999999,-0.45
44509,-0.17499999999999999,-0.1575,-0.40250000000000002
44508,-0.24,-0.11,-0.42
44505,-0.245,-0.1075,-0.43
44504,-0.24,-9.5000000000000001E-2,-0.44500000000000001
44503,-0.24,-4.4999999999999998E-2,-0.42499999999999999
44502,-0.24,-6.7500000000000004E-2,-0.45
44501,-0.27,-3.5000000000000003E-2,-0.435
44498,-0.245,-0.115,-0.45500000000000002
44497,-0.18,-0.15,-0.42249999999999999
44496,-0.17499999999999999,-0.12,-0.41
44495,-0.17249999999999999,-4.7500000000000001E-2,-0.38250000000000001
44494,-0.17,-0.08,-0.42749999999999999
44491,-0.14749999999999999,-0.125,-0.4375
44490,-0.14749999999999999,-0.14749999999999999,-0.44750000000000001
44489,-0.14749999999999999,7.7499999999999999E-2,-0.20749999999999999
44488,-0.12,4.2500000000000003E-2,-0.21
44487,-0.21,0.11749999999999999,-0.2225
44484,-0.22,0.1525,-0.26750000000000002
44483,-0.245,0.04,-0.28749999999999998
44482,-0.38750000000000001,2.2499999999999999E-2,-0.36499999999999999
44481,-0.435,8.2500000000000004E-2,-0.46
44480,-0.37,-9.2499999999999999E-2,-0.50249999999999995
44477,-0.37,-0.24,-0.55000000000000004
44476,-0.35,-0.26250000000000001,-0.55249999999999999
44475,-0.38500000000000001,-0.27750000000000002,-0.5675
44474,-0.30499999999999999,-0.28749999999999998,-0.50749999999999995
44473,-0.32,-0.29749999999999999,-0.50749999999999995
44470,-0.35,-0.29499999999999998,-0.52749999999999997
44469,-0.38,-0.14000000000000001,-0.42749999999999999
44468,-0.38750000000000001,-0.12,-0.435
44467,-0.21,-9.2499999999999999E-2,-0.36749999999999999
44466,-0.16500000000000001,-0.10249999999999999,-0.34250000000000003
44463,-0.15,-0.23749999999999999,-0.40749999999999997
44462,-0.15,-0.33,-0.42249999999999999
44461,-0.16500000000000001,-0.4425,-0.5
44460,-0.14749999999999999,-0.47249999999999998,-0.45
44459,-0.16750000000000001,-0.35249999999999998,-0.435
44456,-9.7500000000000003E-2,-0.2475,-0.32
44455,-0.1,-0.29249999999999998,-0.33250000000000002
44454,-8.5000000000000006E-2,-0.28499999999999998,-0.3075
44453,-8.5000000000000006E-2,-0.20499999999999999,-0.315
44452,-8.7499999999999994E-2,-0.14749999999999999,-0.28499999999999998
44449,-8.2500000000000004E-2,-0.13250000000000001,-0.26500000000000001
44448,-9.2499999999999999E-2,-0.14499999999999999,-0.28999999999999998
44447,-7.0000000000000007E-2,-0.1275,-0.27500000000000002
44446,-5.5E-2,-0.16,-0.28000000000000003
44445,-5.5E-2,-0.16,-0.27750000000000002
44442,-5.2499999999999998E-2,-0.1575,-0.28499999999999998
44441,-0.05,-0.16250000000000001,-0.29499999999999998
44440,-4.2500000000000003E-2,-0.185,-0.30499999999999999
44439,-0.05,-0.22750000000000001,-0.39500000000000002
44438,-7.4999999999999997E-2,-0.22500000000000001,-0.40500000000000003
44435,-0.09,-0.2225,-0.40500000000000003
44434,-8.7499999999999994E-2,-0.23250000000000001,-0.41
44433,-8.5000000000000006E-2,-0.26500000000000001,-0.46250000000000002
44432,-8.7499999999999994E-2,-0.28499999999999998,-0.505
44431,-0.1,-0.30249999999999999,-0.51500000000000001
44428,-0.14749999999999999,-0.29249999999999998,-0.53500000000000003
44427,-0.1575,-0.3,-0.55500000000000005
44426,-0.13750000000000001,-0.29749999999999999,-0.49249999999999999
44425,-0.13750000000000001,-0.32500000000000001,-0.505
44424,-0.08,-0.36249999999999999,-0.47499999999999998
44421,-0.08,-0.255,-0.43
44420,-0.10249999999999999,-0.20250000000000001,-0.435
44419,-0.10249999999999999,-0.20499999999999999,-0.45500000000000002
44418,-0.13250000000000001,-0.20499999999999999,-0.505
44417,-0.1075,-0.28749999999999998,-0.50749999999999995
44414,-9.5000000000000001E-2,-0.32750000000000001,-0.53500000000000003
44413,-3.7499999999999999E-2,-0.36,-0.52
44412,-3.7499999999999999E-2,-0.48,-0.55500000000000005
44411,-7.4999999999999997E-3,-0.46500000000000002,-0.58250000000000002
44410,-7.4999999999999997E-3,-0.44750000000000001,-0.55500000000000005
44407,2.75E-2,-0.4425,-0.53500000000000003
44406,3.7499999999999999E-2,-0.44750000000000001,-0.53
44405,-2.75E-2,-0.47499999999999998,-0.54500000000000004
44404,-2.2499999999999999E-2,-0.51249999999999996,-0.57999999999999996
44403,-5.2499999999999998E-2,-0.36,-0.505
44400,-7.2499999999999995E-2,-0.39,-0.54500000000000004
44399,-0.10249999999999999,-0.45500000000000002,-0.63749999999999996
44398,-0.1125,-0.48499999999999999,-0.66
44397,-0.14749999999999999,-0.54500000000000004,-0.7
44396,-0.115,-0.5675,-0.71499999999999997
44393,-0.10249999999999999,-0.33,-0.56499999999999995
44392,-0.10249999999999999,-0.33,-0.59
44391,-0.11749999999999999,-0.26750000000000002,-0.56499999999999995
44390,-0.1225,-0.27750000000000002,-0.55000000000000004
44389,-7.2499999999999995E-2,-0.32250000000000001,-0.59
44386,-7.7499999999999999E-2,-0.34499999999999997,-0.58499999999999996
44385,-9.2499999999999999E-2,-0.52500000000000002,-0.61750000000000005
44384,-0.2225,-0.25,-0.52500000000000002
44383,-0.19750000000000001,-8.2500000000000004E-2,-0.46
44382,-0.1525,-2.5000000000000001E-2,-0.4
44379,-0.21249999999999999,-5.0000000000000001E-3,-0.41
44378,-0.21249999999999999,0.05,-0.47
44377,-0.1875,-2.2499999999999999E-2,-0.41749999999999998
44376,-0.1525,-8.5000000000000006E-2,-0.38750000000000001
44375,-9.7500000000000003E-2,-7.4999999999999997E-2,-0.36
44372,-9.2499999999999999E-2,-7.2499999999999995E-2,-0.375
44371,-9.7500000000000003E-2,-9.7500000000000003E-2,-0.4425
44370,-9.7500000000000003E-2,-8.7499999999999994E-2,-0.46
44369,-0.1875,-0.155,-0.47499999999999998
44368,-0.27750000000000002,-0.34749999999999998,-0.53749999999999998
44365,-0.34250000000000003,-2.75E-2,-0.45
44364,-0.38750000000000001,4.7500000000000001E-2,-0.38500000000000001
44363,-0.1875,6.25E-2,-0.17749999999999999
44362,-0.14249999999999999,-4.2500000000000003E-2,-0.20499999999999999
44361,-9.2499999999999999E-2,-0.1075,-0.22500000000000001
44358,-7.2499999999999995E-2,-9.7500000000000003E-2,-0.23499999999999999
44357,-1.2500000000000001E-2,-0.10249999999999999,-0.21
44356,-2.5000000000000001E-3,-0.12,-0.21249999999999999
44355,1.2500000000000001E-2,-7.0000000000000007E-2,-0.185
44354,0.01,-7.2499999999999995E-2,-0.1925
44351,2.5000000000000001E-2,-7.2499999999999995E-2,-0.19500000000000001
44350,-2.5000000000000001E-3,-4.2500000000000003E-2,-0.19500000000000001
44349,2.5000000000000001E-3,-0.105,-0.20250000000000001
44348,5.2499999999999998E-2,-0.125,-0.2175
44347,-2.5000000000000001E-3,-0.1125,-0.2225
44344,-7.4999999999999997E-3,-0.11,-0.22750000000000001
44343,8.5000000000000006E-2,-0.12,-0.20250000000000001
44342,0.1275,-0.27,-0.2475
44341,0.1875,-0.27,-0.20250000000000001
44340,0.14749999999999999,-0.27,-0.22750000000000001
44337,0.1575,-0.28499999999999998,-0.23749999999999999
44336,0.20250000000000001,-0.30499999999999999,-0.245
44335,0.20749999999999999,-0.33,-0.23499999999999999
44334,0.23250000000000001,-0.245,-0.24
44333,0.1525,-0.245,-0.255
44330,0.14749999999999999,-0.22,-0.245
44329,0.13750000000000001,-0.215,-0.255
44328,0.1875,-0.215,-0.21
44327,0.25750000000000001,-0.36,-0.2225
44326,0.26750000000000002,-0.27500000000000002,-0.21
44323,0.2525,-0.245,-0.16
44322,0.10249999999999999,-0.15,-0.23499999999999999
44321,1.7500000000000002E-2,-0.14000000000000001,-0.26
44320,1.2500000000000001E-2,-0.1,-0.27500000000000002
44319,2.5000000000000001E-2,-3.5000000000000003E-2,-0.26500000000000001
44316,3.5000000000000003E-2,-0.05,-0.255
44315,7.2499999999999995E-2,-5.5E-2,-0.26250000000000001
44314,6.25E-2,-0.19,-0.38750000000000001
44313,7.7499999999999999E-2,-0.33,-0.46500000000000002
44312,0.1275,-0.49,-0.51500000000000001
44309,0.14249999999999999,-0.53249999999999997,-0.5
44308,0.1225,-0.50249999999999995,-0.52500000000000002
44307,0.1225,-0.495,-0.52
44306,0.155,-0.49,-0.53
44305,0.17749999999999999,-0.48,-0.50749999999999995
44302,0.13250000000000001,-0.40500000000000003,-0.52749999999999997
44301,0.13,-0.41,-0.54500000000000004
44300,0.115,-0.46500000000000002,-0.55000000000000004
44299,7.4999999999999997E-2,-0.4,-0.54749999999999999
44298,8.5000000000000006E-2,-0.40250000000000002,-0.58499999999999996
44295,0.1075,-0.39500000000000002,-0.59
44294,9.7500000000000003E-2,-0.435,-0.61499999999999999
44293,0.1125,-0.39500000000000002,-0.57999999999999996
44292,5.2499999999999998E-2,-0.32,-0.625
44291,-0.01,-0.16500000000000001,-0.59499999999999997
44288,-0.02,-0.12,-0.625
44287,-0.09,-0.11,-0.62
44286,-0.1575,-7.2499999999999995E-2,-0.6875
44285,-0.2475,-8.2500000000000004E-2,-0.755
44284,-0.27500000000000002,-0.14749999999999999,-0.76
44281,-0.29249999999999998,-0.14749999999999999,-0.76
44280,-0.32250000000000001,-0.34250000000000003,-0.91
44279,-0.32750000000000001,-0.40250000000000002,-0.92249999999999999
44278,-0.22750000000000001,-0.38,-0.745
44277,-0.1825,-0.14499999999999999,-0.55000000000000004
44274,-0.19750000000000001,-0.15,-0.52
44273,-0.16750000000000001,-0.125,-0.45750000000000002
44272,-0.14000000000000001,-9.2499999999999999E-2,-0.41249999999999998
44271,-0.2225,-0.12,-0.47749999999999998
44270,-0.19750000000000001,-0.1125,-0.44
44267,-0.17,-0.17,-0.46
44266,-0.125,-0.24249999999999999,-0.47
44265,-0.21249999999999999,-0.2225,-0.46
44264,-0.33250000000000002,-0.17249999999999999,-0.5575
44263,-0.34250000000000003,-7.7499999999999999E-2,-0.57250000000000001
44260,-0.27,-0.11,-0.5575
44259,-0.19500000000000001,-0.1075,-0.54749999999999999
44258,-1.2500000000000001E-2,-0.2,-0.42499999999999999
44257,5.0000000000000001E-3,-0.22750000000000001,-0.44500000000000001
44256,-0.2175,-0.20749999999999999,-0.53
44253,-0.27,-0.23250000000000001,-0.67
44252,7.2499999999999995E-2,-0.22750000000000001,-0.51749999999999996
44251,-0.01,-0.25,-0.57250000000000001
44250,7.4999999999999997E-3,-0.40500000000000003,-0.59250000000000003
44249,-3.5000000000000003E-2,-0.46,-0.53249999999999997
44246,-1.2500000000000001E-2,-0.255,-0.42749999999999999
44245,-3.5000000000000003E-2,-0.185,-0.4375
44244,-0.02,-9.5000000000000001E-2,-0.42749999999999999
44243,5.2499999999999998E-2,5.0000000000000001E-3,-0.33750000000000002
44242,7.2499999999999995E-2,-0.15,-0.42249999999999999
44239,0.08,-0.245,-0.53249999999999997
44238,8.7499999999999994E-2,-0.31,-0.51249999999999996
44237,0.16,-0.32500000000000001,-0.50249999999999995
44236,0.1,-0.42,-0.5625
44235,-6.7500000000000004E-2,-0.28999999999999998,-0.53249999999999997
44232,-0.17749999999999999,-0.19500000000000001,-0.55249999999999999
44231,-0.28749999999999998,-0.20499999999999999,-0.56000000000000005
44230,-0.29749999999999999,-0.28000000000000003,-0.61499999999999999
44229,-0.28249999999999997,-0.28999999999999998,-0.59750000000000003
44228,-0.17749999999999999,-0.3,-0.55249999999999999
44225,-0.08,-0.24,-0.51749999999999996
44224,-0.1525,-0.27,-0.54249999999999998
44223,-0.105,-0.3,-0.46500000000000002
44222,3.2500000000000001E-2,-0.44,-0.51
44221,7.4999999999999997E-2,-0.46,-0.5
44218,0.1075,-0.46500000000000002,-0.51500000000000001
44217,7.7499999999999999E-2,-0.49,-0.55000000000000004
44216,1.4999999999999999E-2,-0.495,-0.55000000000000004
44215,-1.7500000000000002E-2,-0.51,-0.56000000000000005
44214,-0.15,-0.56000000000000005,-0.67500000000000004
44211,-0.13,-0.45500000000000002,-0.55000000000000004
44210,-0.12,-0.47,-0.54500000000000004
44209,-0.115,-0.55000000000000004,-0.49
44208,-5.2499999999999998E-2,-0.5,-0.46500000000000002
44207,-7.4999999999999997E-2,-0.42,-0.435
44204,0.08,-0.46500000000000002,-0.42
44203,0.19500000000000001,-0.55500000000000005,-0.38
44202,0.27,-0.76500000000000001,-0.47499999999999998
44201,0.29249999999999998,-0.83,-0.55000000000000004
44200,0.32250000000000001,-0.82,-0.53500000000000003
44197,0.28249999999999997,-0.8,-0.53500000000000003
44196,0.27250000000000002,-0.80500000000000005,-0.53500000000000003
44195,0.28249999999999997,-0.79500000000000004,-0.6
44194,0.115,-0.72,-0.61499999999999999
44193,4.2500000000000003E-2,-0.72,-0.60499999999999998
44190,2.5000000000000001E-2,-0.71499999999999997,-0.61499999999999999
44189,2.75E-2,-0.72,-0.61499999999999999
44188,7.4999999999999997E-3,-0.745,-0.63
44187,2.75E-2,-0.77249999999999996,-0.64
44186,2.75E-2,-0.82750000000000001,-0.68
44183,0.28249999999999997,-0.82499999999999996,-0.59
44182,0.28249999999999997,-0.81,-0.61
44181,0.215,-0.79,-0.67
44180,1.4999999999999999E-2,-0.79,-0.69
44179,4.4999999999999998E-2,-0.79,-0.69499999999999995
44176,-2.5000000000000001E-3,-0.73499999999999999,-0.77
44175,0.11,-0.67,-0.42
44174,0.19,-0.69,-0.39500000000000002
44173,0.18,-0.75,-0.44500000000000001
44172,0.24,-0.76,-0.43
44169,0.51,-0.78500000000000003,-0.37
44168,0.52500000000000002,-0.74,-0.375
44167,0.48499999999999999,-0.56499999999999995,-0.22
44166,0.42499999999999999,-0.61499999999999999,-0.36499999999999999
44165,0.3725,-0.59499999999999997,-0.53
44162,0.34,-0.64249999999999996,-0.59
44161,0.32,-0.63249999999999995,-0.56000000000000005
44160,0.28749999999999998,-0.63749999999999996,-0.6
44159,0.21,-0.67749999999999999,-0.67500000000000004
44158,0.20749999999999999,-0.72250000000000003,-0.74
44155,0.19500000000000001,-0.88749999999999996,-0.84499999999999997
44154,0.18,-0.96250000000000002,-0.90500000000000003
44153,0.21,-1.0325,-0.93
44152,0.17499999999999999,-1.0525,-0.96
44151,0.1125,-0.97750000000000004,-0.95
44148,9.7500000000000003E-2,-1.0325,-0.98
44147,0.1,-0.98250000000000004,-0.91
44146,0.09,-0.88249999999999995,-0.85499999999999998
44145,0.22500000000000001,-0.95250000000000001,-0.89
44144,0.28999999999999998,-0.84250000000000003,-0.81
44141,0.32,-1.1200000000000001,-1.0225
44140,0.2475,-1.1775,-1.115
44139,0.14749999999999999,-1.1399999999999999,-1.2275
44138,0.11,-1.4075,-1.625
44137,-5.7500000000000002E-2,-1.43,-1.7124999999999999
44134,-7.0000000000000007E-2,-1.4275,-1.68
44133,-0.19500000000000001,-1.4175,-1.7250000000000001
44132,-0.17249999999999999,-1.5175000000000001,-1.4550000000000001
44131,0.1825,-1.25,-1.27
44130,0.35499999999999998,-1.175,-1.0149999999999999
44127,0.4325,-1.175,-0.97
44126,0.4325,-1.21,-1.04
44125,0.44500000000000001,-1.29,-1.085
44124,0.375,-1.145,-0.98
44123,0.28000000000000003,-1.2,-1.0349999999999999
44120,0.19500000000000001,-1.18,-1.0325
44119,0.19750000000000001,-1.2,-1.0249999999999999
44118,0.36499999999999999,-1.2050000000000001,-0.84750000000000003
44117,0.42749999999999999,-1.1950000000000001,-0.83750000000000002
44116,0.44500000000000001,-1.155,-0.83
44113,0.4375,-1.1399999999999999,-0.84499999999999997
44112,0.39250000000000002,-1.1274999999999999,-0.83
44111,0.42,-1.19,-0.85250000000000004
44110,0.42499999999999999,-1.2450000000000001,-0.93500000000000005
44109,0.39250000000000002,-1.2625,-0.96
44106,0.40749999999999997,-1.3425,-0.98499999999999999
44105,0.42499999999999999,-0.79749999999999999,-0.65500000000000003
44104,0.39,-0.84,-0.64500000000000002
44103,0.30499999999999999,-0.88,-0.76500000000000001
44102,7.2499999999999995E-2,-0.92500000000000004,-0.82499999999999996
44099,1.7500000000000002E-2,-0.95,-0.86750000000000005
44098,-1.7500000000000002E-2,-0.98,-0.92749999999999999
44097,-0.02,-0.97750000000000004,-0.91249999999999998
44096,1.7500000000000002E-2,-1.05,-0.90749999999999997
44095,0.105,-1.2725,-0.99750000000000005
44092,0.3775,-1.23,-0.90749999999999997
44091,0.38750000000000001,-1.2050000000000001,-0.91749999999999998
44090,0.41499999999999998,-1.27,-0.96250000000000002
44089,0.44,-1.22,-0.88749999999999996
44088,0.38250000000000001,-1.105,-0.85750000000000004
44085,0.39,-1.07,-0.84250000000000003
44084,0.46500000000000002,-1.0649999999999999,-0.85250000000000004
44083,0.29249999999999998,-1.1274999999999999,-0.9325
44082,0.26750000000000002,-1.18,-0.8175
44081,0.35249999999999998,-1.07,-0.67749999999999999
44078,0.35499999999999998,-1.1000000000000001,-0.66249999999999998
44077,0.42,-1.07,-0.64
44076,0.46500000000000002,-0.98499999999999999,-0.58250000000000002
44075,0.61750000000000005,-1.075,-0.57750000000000001
44074,0.64500000000000002,-1.2549999999999999,-0.67
44071,0.61499999999999999,-1.3374999999999999,-0.71499999999999997
44070,0.44,-0.94499999999999995,-0.53500000000000003
44069,0.46500000000000002,-0.92500000000000004,-0.53249999999999997
44068,0.46,-0.91,-0.55000000000000004
44067,0.47499999999999998,-0.94499999999999995,-0.59499999999999997
44064,0.39500000000000002,-1.02,-0.61750000000000005
44063,0.625,-0.98499999999999999,-0.54749999999999999
44062,0.66749999999999998,-1.0449999999999999,-0.58750000000000002
44061,0.71,-1.1100000000000001,-0.59
44060,0.625,-0.92749999999999999,-0.54249999999999998
44057,0.62,-0.88500000000000001,-0.53249999999999997
44056,0.64249999999999996,-0.84499999999999997,-0.4975
44055,0.5,-0.83499999999999996,-0.52500000000000002
44054,0.48249999999999998,-0.86499999999999999,-0.48749999999999999
44053,0.49249999999999999,-0.96499999999999997,-0.4975
44050,0.56999999999999995,-1.0249999999999999,-0.50749999999999995
44049,0.70250000000000001,-1.2350000000000001,-0.49249999999999999
44048,0.82,-1.2749999999999999,-0.52749999999999997
44047,0.64500000000000002,-1.1425000000000001,-0.55249999999999999
44046,0.64,-1.2175,-0.50249999999999995
44043,0.64249999999999996,-1.2024999999999999,-0.50249999999999995
44042,0.55000000000000004,-1.2275,-0.5575
44041,0.54500000000000004,-1.4624999999999999,-0.62749999999999995
44040,0.51749999999999996,-1.5075000000000001,-0.69750000000000001
44039,0.62,-1.7050000000000001,-0.77249999999999996
44036,0.3175,-1.2949999999999999,-0.65749999999999997
44035,0.33,-0.80500000000000005,-0.3775
44034,0.34499999999999997,-0.74,-0.3775
44033,0.23250000000000001,-0.65249999999999997,-0.3775
44032,0.17749999999999999,-0.60499999999999998,-0.4375
44029,0.2,-0.68500000000000005,-0.48749999999999999
44028,0.20499999999999999,-0.64749999999999996,-0.50749999999999995
44027,0.2175,-0.67249999999999999,-0.4975
44026,0.33750000000000002,-0.6875,-0.47749999999999998
44025,0.34499999999999997,-0.71499999999999997,-0.5
44022,0.3075,-0.74250000000000005,-0.52249999999999996
44021,0.33750000000000002,-0.625,-0.48
44020,0.34,-0.57750000000000001,-0.41
44019,0.32750000000000001,-0.57250000000000001,-0.45750000000000002
44018,0.46250000000000002,-0.56999999999999995,-0.4325
44015,0.39250000000000002,-0.56999999999999995,-0.42249999999999999
44014,0.39250000000000002,-0.61,-0.44750000000000001
44013,0.31,-0.65500000000000003,-0.47249999999999998
44012,0.27250000000000002,-0.64249999999999996,-0.64500000000000002
44011,0.1575,-0.82499999999999996,-0.89249999999999996
44008,7.2499999999999995E-2,-0.89749999999999996,-0.93500000000000005
44007,0.05,-0.96,-0.995
44006,8.7499999999999994E-2,-1.07,-1.0325
44005,0.16,-1.175,-1.3425
44004,-0.125,-1.2150000000000001,-1.4924999999999999
44001,-0.15,-1.3149999999999999,-1.5649999999999999
44000,-0.19750000000000001,-1.425,-1.625
43999,-0.19500000000000001,-1.36,-1.6425000000000001
43998,-0.19750000000000001,-1.425,-1.7224999999999999
43997,-0.28000000000000003,-1.6775,-1.8825000000000001
43994,-0.32500000000000001,-1.7275,-1.925
43993,1.4999999999999999E-2,-1.825,-1.635
43992,0.47,-1.83,-1.5249999999999999
43991,0.22750000000000001,-1.5149999999999999,-1.2975000000000001
43990,0.20499999999999999,-1.0549999999999999,-0.98499999999999999
43987,0.28000000000000003,-0.81499999999999995,-0.88500000000000001
43986,0.16750000000000001,-0.86750000000000005,-0.96
43985,0.22750000000000001,-0.83750000000000002,-0.90500000000000003
43984,0.26,-0.97499999999999998,-1
43983,0.20749999999999999,-1.2375,-1.1599999999999999
43980,0.185,-1.3225,-1.2124999999999999
43979,0.19,-1.075,-1.08
43978,0.1,-1.085,-1.1100000000000001
43977,4.2500000000000003E-2,-1.175,-1.1924999999999999
43976,-7.4999999999999997E-2,-1.2749999999999999,-1.3125
43973,-0.09,-1.2775000000000001,-1.3374999999999999
43972,7.4999999999999997E-3,-1.21,-1.2524999999999999
43971,-3.7499999999999999E-2,-1.1525000000000001,-1.2350000000000001
43970,-0.125,-1.1025,-1.3075000000000001
43969,-0.3125,-1.1499999999999999,-1.385
43966,-0.46,-1.2175,-1.4424999999999999
43965,-0.46750000000000003,-1.2450000000000001,-1.4475
43964,-0.4325,-1.2075,-1.4075
43963,-0.41249999999999998,-1.1074999999999999,-1.5125
43962,-0.6,-1.07,-1.6025
43959,-0.64249999999999996,-1.145,-1.7124999999999999
43958,-0.77749999999999997,-1.2875000000000001,-1.85
43957,-0.89749999999999996,-1.3975,-1.9350000000000001
43956,-0.87250000000000005,-1.5649999999999999,-2.085
43955,-0.56999999999999995,-1.7024999999999999,-2.0425
43952,-0.48499999999999999,-1.54,-1.86
43951,-0.4975,-1.37,-1.8525
43950,-0.57750000000000001,-1.59,-2.2799999999999998
43949,-0.63749999999999996,-1.7849999999999999,-2.67
43948,-0.91249999999999998,-1.87,-2.9125000000000001
43945,-1.0449999999999999,-1.97,-2.99
43944,-1.02,-1.99,-2.9624999999999999
43943,-1.0225,-2.2250000000000001,-3.0950000000000002
43942,-0.99750000000000005,-2.38,-3.2349999999999999
43941,-0.91500000000000004,-2.36,-3.1524999999999999
43938,-0.94,-2.4950000000000001,-3.29
43937,-0.74,-2.6025,-3.3075000000000001
43936,-0.51249999999999996,-2.8075000000000001,-3.4375
43935,-0.24,-3.21,-3.5625
43934,-0.315,-3.5649999999999999,-3.7774999999999999
43931,-0.3,-3.31,-3.6124999999999998
43930,-0.3725,-3.2850000000000001,-3.6349999999999998
43929,-0.42749999999999999,-3.4175,-3.8025000000000002
43928,-0.54749999999999999,-3.2749999999999999,-3.83
43927,-0.85,-3.3424999999999998,-4.09
43924,-1.01,-3.6150000000000002,-4.4124999999999996
43923,-0.8175,-3.9624999999999999,-4.3125
43922,-0.69750000000000001,-4.2649999999999997,-4.4275000000000002
43921,-0.59750000000000003,-4.3025000000000002,-4.16
43920,-0.73250000000000004,-4.8425000000000002,-4.99
43917,-0.66,-5.23,-5.41
43916,-0.72750000000000004,-5.2,-4.99
43915,-1.415,-4.0549999999999997,-4.3174999999999999
43914,-1.6625000000000001,-4.4050000000000002,-4.7699999999999996
43913,-2.6974999999999998,-5.52,-6.14
43910,-2.9525000000000001,-6.1325000000000003,-6.5449999999999999
43909,-2.915,-6.6574999999999998,-6.96
43908,-1.375,-8.8674999999999997,-7.3525
43907,-6.5000000000000002E-2,-9.1199999999999992,-6.9974999999999996
43906,0.39750000000000002,-9.3249999999999993,-7.1574999999999998
43903,0.3125,-8.2149999999999999,-6.1749999999999998
43902,0.53249999999999997,-8.6300000000000008,-6.2949999999999999
43901,2.1924999999999999,-7.88,-4.6449999999999996
43900,2.1025,-7.38,-4.12
43899,2.895,-7.62,-4.29
43896,1.83,-4.0975000000000001,-1.845
43895,0.82499999999999996,-2.77,-1.4524999999999999
43894,0.65749999999999997,-2.2475000000000001,-1.25
43893,0.8075,-2.6675,-1.51
43892,0.755,-2.64,-1.4475
43889,0.61250000000000004,-2.395,-1.415
43888,0.495,-1.6025,-0.90500000000000003
43887,0.16250000000000001,-1.375,-0.94750000000000001
43886,-6.25E-2,-1.3174999999999999,-0.94
43885,-0.15,-1.24,-0.96750000000000003
43882,-0.13750000000000001,-0.6825,-0.66500000000000004
43881,-0.23,-0.41499999999999998,-0.54
43880,-0.29249999999999998,-0.52,-0.72499999999999998
43879,-0.27500000000000002,-1.0349999999999999,-0.93500000000000005
43878,-0.28249999999999997,-1.07,-0.94
43875,-0.27250000000000002,-1.1325000000000001,-0.94499999999999995
43874,-0.17499999999999999,-1.125,-0.9
43873,6.25E-2,-1.0249999999999999,-0.83250000000000002
43872,7.4999999999999997E-2,-1.075,-0.83750000000000002
43871,0.14000000000000001,-1.1625000000000001,-0.90249999999999997
43868,0.28249999999999997,-1.165,-0.84499999999999997
43867,0.32500000000000001,-1.075,-0.76500000000000001
43866,0.4425,-1.1825000000000001,-0.72
43865,0.46,-1.2350000000000001,-0.8175
43864,0.50249999999999995,-1.48,-0.96
43861,0.40749999999999997,-1.5175000000000001,-0.94750000000000001
43860,0.27500000000000002,-1.4450000000000001,-0.99
43859,0.2475,-1.21,-0.85250000000000004
43858,0.20250000000000001,-1.34,-0.92500000000000004
43857,0.23499999999999999,-1.4,-0.85
43854,0.245,-1.2150000000000001,-0.8125
43853,0.26,-1.2224999999999999,-0.77500000000000002
43852,0.34499999999999997,-0.97,-0.65500000000000003
43851,0.32250000000000001,-0.97499999999999998,-0.56999999999999995
43850,0.33,-0.6825,-0.39500000000000002
43847,0.35,-0.65,-0.38750000000000001
43846,0.37,-0.7,-0.4
43845,0.34499999999999997,-0.77,-0.48499999999999999
43844,0.32,-0.73750000000000004,-0.49
43843,0.3075,-0.77500000000000002,-0.54749999999999999
43840,0.25,-0.91249999999999998,-0.63
43839,0.23250000000000001,-0.96,-0.65500000000000003
43838,0.22750000000000001,-1.0149999999999999,-0.75249999999999995
43837,0.21249999999999999,-1.0449999999999999,-0.75
43836,0.23749999999999999,-1.1499999999999999,-0.875
43833,0.22750000000000001,-1.2925,-0.83499999999999996
43832,0.35249999999999998,-1.0549999999999999,-0.67
43831,0.41,-1.115,-0.66500000000000004
43830,0.41,-1.075,-0.66500000000000004
43829,0.42249999999999999,-0.96499999999999997,-0.63
43826,0.22750000000000001,-0.91500000000000004,-0.63249999999999995
43825,0.1925,-0.88,-0.64
43824,0.19,-0.85750000000000004,-0.64
43823,0.19500000000000001,-0.85750000000000004,-0.64
43822,0.1925,-0.88,-0.625
43819,0.17249999999999999,-0.9,-0.65
43818,0.19750000000000001,-0.90249999999999997,-0.64249999999999996
43817,0.22,-0.9,-0.66500000000000004
43816,0.26,-0.91,-0.71
43815,0.29499999999999998,-0.95,-0.7
43812,0.29249999999999998,-1,-0.74750000000000005
43811,0.26,-1.1074999999999999,-0.81
43810,0.27500000000000002,-1.2075,-0.86250000000000004
43809,0.245,-1.1850000000000001,-0.83
43808,0.24249999999999999,-1.1225000000000001,-0.81499999999999995
43805,0.26250000000000001,-1.115,-0.84
43804,0.31,-1.0575000000000001,-0.82499999999999996
43803,0.28000000000000003,-1.01,-0.78500000000000003
43802,0.27750000000000002,-0.98499999999999999,-0.74
43801,0.25750000000000001,-0.76249999999999996,-0.75
43798,0.14000000000000001,-0.67,-0.745
43797,0.215,-0.81,-0.8
43796,0.22,-0.82750000000000001,-0.79500000000000004
43795,0.22750000000000001,-0.92,-0.84499999999999997
43794,0.28999999999999998,-1,-0.94499999999999995
43791,0.29249999999999998,-1.1000000000000001,-0.97
43790,0.32250000000000001,-1.1000000000000001,-0.97
43789,0.32750000000000001,-1.05,-0.92749999999999999
43788,0.33,-0.95,-0.86499999999999999
43787,0.3075,-0.94499999999999995,-0.85499999999999998
43784,0.27,-0.95,-0.82750000000000001
43783,0.17,-0.92500000000000004,-0.90500000000000003
43782,0.125,-0.82,-0.76
43781,0.14249999999999999,-0.75,-0.72499999999999998
43780,0.1275,-0.73,-0.72250000000000003
43777,0.115,-0.67,-0.67500000000000004
43776,0.15,-0.67500000000000004,-0.70499999999999996
43775,0.15,-0.7,-0.7
43774,0.21,-0.7,-0.7
43773,0.3,-0.93,-0.8
43770,0.28749999999999998,-0.96499999999999997,-0.78500000000000003
43769,0.28499999999999998,-0.995,-0.77249999999999996
43768,0.24,-0.73,-0.6875
43767,0.22500000000000001,-0.78500000000000003,-0.68
43766,0.20749999999999999,-0.82499999999999996,-0.75
43763,0.23,-0.92,-0.69750000000000001
43762,0.245,-0.96,-0.79500000000000004
43761,0.26250000000000001,-0.98499999999999999,-0.78249999999999997
43760,0.35499999999999998,-0.97499999999999998,-0.78500000000000003
43759,0.36499999999999999,-1.05,-0.76
43756,0.36499999999999999,-1.0449999999999999,-0.8
43755,0.30249999999999999,-1.0349999999999999,-0.83499999999999996
43754,0.2225,-1.085,-0.91
43753,0.20250000000000001,-1.105,-0.98499999999999999
43752,0.20250000000000001,-1.1200000000000001,-1.0249999999999999
43749,0.2225,-1.1200000000000001,-1.0125
43748,0.14749999999999999,-1.1499999999999999,-1.17
43747,0.1125,-1.25,-1.2450000000000001
43746,0.1,-1.28,-1.2849999999999999
43745,0.11749999999999999,-1.325,-1.32
43742,0.1125,-1.36,-1.3875
43741,9.5000000000000001E-2,-1.49,-1.43
43740,0.04,-1.5249999999999999,-1.4750000000000001
43739,-0.1225,-1.4850000000000001,-1.33
43738,-0.2225,-1.5,-1.375
43735,-0.16,-1.5049999999999999,-1.375
43734,-0.13,-1.55,-1.4
43733,-4.2500000000000003E-2,-1.625,-1.37
43732,-3.7499999999999999E-2,-1.62,-1.36
43731,-4.7500000000000001E-2,-1.605,-1.34
43728,-1.4999999999999999E-2,-1.5249999999999999,-1.2175
43727,-1.4999999999999999E-2,-1.5049999999999999,-1.2350000000000001
43726,-0.02,-1.43,-1.2024999999999999
43725,-2.75E-2,-1.4325000000000001,-1.22
43724,-0.03,-1.45,-1.2450000000000001
43721,-3.5000000000000003E-2,-1.35,-1.2075
43720,-0.17499999999999999,-1.38,-1.3025
43719,-0.1925,-1.4225000000000001,-1.355
43718,-7.4999999999999997E-2,-1.43,-1.2625
43717,-7.0000000000000007E-2,-1.51,-1.3325
43714,-7.2499999999999995E-2,-1.5874999999999999,-1.3325
43713,-5.5E-2,-1.5349999999999999,-1.35
43712,-0.10249999999999999,-1.54,-1.4075
43711,-0.43,-1.7175,-1.62
43710,-0.45500000000000002,-1.6675,-1.6225000000000001
43707,-0.41749999999999998,-1.6950000000000001,-1.62
43706,-0.30249999999999999,-1.6625000000000001,-1.5774999999999999
43705,-0.11,-1.73,-1.5475000000000001
43704,-0.01,-1.7749999999999999,-1.5525
43703,0.01,-1.9,-1.64
43700,-7.4999999999999997E-2,-1.9350000000000001,-1.7424999999999999
43699,-0.32250000000000001,-1.58,-1.5249999999999999
43698,-0.26500000000000001,-1.59,-1.5125
43697,-0.24,-1.6174999999999999,-1.5024999999999999
43696,-0.19,-1.57,-1.4575
43693,-0.17,-1.6725000000000001,-1.6274999999999999
43692,-0.04,-1.8975,-1.73
43691,0.08,-1.88,-1.6475
43690,0.1275,-1.5525,-1.3725000000000001
43689,0.16,-1.885,-1.5825
43686,0.1525,-1.825,-1.53
43685,0.16500000000000001,-1.7549999999999999,-1.4424999999999999
43684,0.14249999999999999,-1.91,-1.4375
43683,2.75E-2,-1.73,-1.33
43682,-5.2499999999999998E-2,-1.9750000000000001,-1.8525
43679,-0.32250000000000001,-1.7024999999999999,-1.6525000000000001
43678,-0.41,-1.4,-1.335
43677,-0.19,-0.98499999999999999,-0.98750000000000004
43676,-9.7500000000000003E-2,-1.0549999999999999,-0.98250000000000004
43675,-6.5000000000000002E-2,-0.98,-0.88500000000000001
43672,-4.2500000000000003E-2,-0.94,-0.84499999999999997
43671,-3.7499999999999999E-2,-1.01,-0.91
43670,0.01,-1.0725,-0.90749999999999997
43669,0.185,-1.0475000000000001,-0.85750000000000004
43668,0.33,-1.1200000000000001,-0.87749999999999995
43665,0.35,-1.1924999999999999,-0.9375
43664,0.34,-1.1775,-0.9375
43663,0.3,-1.0249999999999999,-0.85
43662,0.33500000000000002,-0.96,-0.81
43661,0.35499999999999998,-0.94499999999999995,-0.79249999999999998
43658,0.33250000000000002,-0.96750000000000003,-0.79500000000000004
43657,0.29499999999999998,-0.99750000000000005,-0.77
43656,0.24,-0.9375,-0.75249999999999995
43655,0.19,-0.97499999999999998,-0.79249999999999998
43654,0.2175,-0.97499999999999998,-0.78
43651,0.2175,-0.99750000000000005,-0.8075
43650,0.26,-1.0575000000000001,-0.84
43649,0.255,-1.06,-0.84499999999999997
43648,0.25750000000000001,-1.03,-0.8175
43647,0.29749999999999999,-1.0475000000000001,-0.82750000000000001
43644,0.38500000000000001,-1.1399999999999999,-0.85
43643,0.29499999999999998,-1.1325000000000001,-0.89249999999999996
43642,0.30249999999999999,-1.1575,-0.93500000000000005
43641,0.42249999999999999,-1.2075,-0.91
43640,0.44500000000000001,-1.1924999999999999,-0.86499999999999999
43637,0.38750000000000001,-1.2275,-0.91
43636,0.29499999999999998,-1.2825,-1.0049999999999999
43635,0.19750000000000001,-1.2925,-1.0925
43634,0.14749999999999999,-1.3225,-1.1475
43633,0.155,-1.3274999999999999,-1.0549999999999999
43630,0.14749999999999999,-1.3325,-1.0449999999999999
43629,0.19750000000000001,-1.32,-1.0325
43628,0.27750000000000002,-1.3574999999999999,-1.0125
43627,0.39750000000000002,-1.3274999999999999,-0.97
43626,0.49,-1.3374999999999999,-0.97499999999999998
43623,0.42499999999999999,-1.3875,-1.01
43622,0.375,-1.5375000000000001,-1.1924999999999999
43621,0.40749999999999997,-1.6425000000000001,-1.3049999999999999
43620,0.32500000000000001,-1.7975000000000001,-1.4750000000000001
43619,7.0000000000000007E-2,-1.895,-1.7275
43616,-6.7500000000000004E-2,-1.825,-1.7324999999999999
43615,-0.1225,-1.5425,-1.4325000000000001
43614,-0.1125,-1.58,-1.4724999999999999
43613,-0.16,-1.4875,-1.36
43612,-0.17499999999999999,-1.6125,-1.4575
43609,-0.185,-1.6025,-1.47
43608,-0.20499999999999999,-1.6425000000000001,-1.5375000000000001
43607,-0.23749999999999999,-1.3925000000000001,-1.415
43606,-0.24,-1.3774999999999999,-1.4325000000000001
43605,-0.26,-1.5249999999999999,-1.6074999999999999
43602,-0.27,-1.5149999999999999,-1.63
43601,-0.20749999999999999,-1.6225000000000001,-1.6575
43600,-0.2,-1.8825000000000001,-1.835
43599,-0.23749999999999999,-1.9025000000000001,-1.8274999999999999
43598,-0.21,-2.1225000000000001,-1.9650000000000001
43595,-0.23499999999999999,-1.8574999999999999,-1.83
43594,-0.28999999999999998,-1.9025000000000001,-1.9575
43593,-0.34250000000000003,-1.54,-1.7050000000000001
43592,-0.35,-1.405,-1.575
43591,-0.36499999999999999,-1.3425,-1.55
43588,-0.35499999999999998,-1.1100000000000001,-1.3325
43587,-0.3175,-1.0349999999999999,-1.2825
43586,-0.21249999999999999,-1.1325000000000001,-1.3474999999999999
43585,-0.23499999999999999,-1.1499999999999999,-1.355
43584,-0.35,-1.0625,-1.33
43581,-0.42749999999999999,-1.08,-1.365
43580,-0.55249999999999999,-1.0649999999999999,-1.385
43579,-0.435,-0.92500000000000004,-1.2375
43578,-0.16,-0.86,-1.05
43577,-2.5000000000000001E-2,-0.84250000000000003,-0.98499999999999999
43574,0.01,-0.83499999999999996,-0.97499999999999998
43573,3.2500000000000001E-2,-0.81499999999999995,-0.95750000000000002
43572,7.4999999999999997E-2,-0.81499999999999995,-0.92500000000000004
43571,6.7500000000000004E-2,-0.85,-0.94499999999999995
43570,7.2499999999999995E-2,-0.84499999999999997,-0.96499999999999997
43567,0.04,-0.80500000000000005,-0.99750000000000005
43566,-2.75E-2,-0.9375,-1.165
43565,-5.5E-2,-1.0249999999999999,-1.3075000000000001
43564,-0.16,-1.05,-1.3425
43563,-0.23749999999999999,-1.0325,-1.405
43560,-0.23,-0.98499999999999999,-1.325
43559,-0.24249999999999999,-1,-1.4125000000000001
43558,-0.25,-1.03,-1.4675
43557,-0.315,-1.085,-1.53
43556,-0.33750000000000002,-1.1575,-1.5225
43553,-0.375,-1.3049999999999999,-1.6950000000000001
43552,-0.42749999999999999,-1.3325,-1.7775000000000001
43551,-0.34250000000000003,-1.1850000000000001,-1.62
43550,-0.29749999999999999,-1.1575,-1.5075000000000001
43549,-0.33250000000000002,-1.2925,-1.5874999999999999
43546,-0.39,-1.4,-1.7450000000000001
43545,-0.43,-1.145,-1.5325
43544,0.06,-0.97499999999999998,-1.0049999999999999
43543,-2.5000000000000001E-3,-0.82,-0.91249999999999998
43542,-4.2500000000000003E-2,-0.78500000000000003,-0.91500000000000004
43539,-5.5E-2,-0.8,-0.96
43538,-0.13250000000000001,-0.86,-1.03
43537,-0.14499999999999999,-0.91500000000000004,-1.0925
43536,-0.28499999999999998,-1.0549999999999999,-1.2150000000000001
43535,-0.31,-1.0475000000000001,-1.2849999999999999
43532,-0.35,-1.06,-1.345
43531,-0.38500000000000001,-0.83499999999999996,-1.0900000000000001
43530,-0.28999999999999998,-0.78749999999999998,-1.0024999999999999
43529,-0.27750000000000002,-0.73499999999999999,-1.0225
43528,-0.28749999999999998,-0.8175,-1.0649999999999999
43525,-0.28249999999999997,-0.83499999999999996,-1.1000000000000001
43524,-0.30249999999999999,-0.90500000000000003,-1.1675
43523,-0.29249999999999998,-0.96,-1.1924999999999999
43522,-0.28749999999999998,-0.88500000000000001,-1.1325000000000001
43521,-0.33500000000000002,-0.8075,-1.0425
43518,-0.34499999999999997,-0.83250000000000002,-1.0674999999999999
43517,-0.35749999999999998,-0.91249999999999998,-1.1200000000000001
43516,-0.37,-0.89500000000000002,-1.1399999999999999
43515,-0.38250000000000001,-0.87749999999999995,-1.1299999999999999
43514,-0.46,-0.92500000000000004,-1.175
43511,-0.51,-0.94499999999999995,-1.19
43510,-0.51,-0.88,-1.1675
43509,-0.48499999999999999,-0.82,-1.1200000000000001
43508,-0.45250000000000001,-0.84250000000000003,-1.1599999999999999
43507,-0.46250000000000002,-0.88500000000000001,-1.19
43504,-0.30499999999999999,-0.96,-1.175
43503,-0.255,-0.90749999999999997,-1.0774999999999999
43502,-0.15,-0.875,-0.94750000000000001
43501,-0.115,-0.85499999999999998,-0.91749999999999998
43500,-5.5E-2,-0.86499999999999999,-0.92
43497,-0.01,-0.90249999999999997,-0.93500000000000005
43496,4.7500000000000001E-2,-1.105,-1.0575000000000001
43495,-0.08,-1.04,-1.1375
43494,-0.14000000000000001,-1.0625,-1.175
43493,-0.1525,-1.0275000000000001,-1.17
43490,-0.23749999999999999,-1.0375000000000001,-1.19
43489,-0.255,-1.0525,-1.1825000000000001
43488,-0.155,-1.085,-1.19
43487,-0.155,-1.1499999999999999,-1.25
43486,-0.10249999999999999,-1.1625000000000001,-1.2450000000000001
43483,-0.10249999999999999,-1.1125,-1.2075
43482,-0.11,-1.22,-1.2975000000000001
43481,-0.1525,-1.33,-1.3825000000000001
43480,-0.1275,-1.355,-1.3725000000000001
43479,-4.4999999999999998E-2,-1.4624999999999999,-1.3325
43476,2.75E-2,-1.48,-1.3075000000000001
43475,6.25E-2,-1.5049999999999999,-1.3274999999999999
43474,3.7499999999999999E-2,-1.4650000000000001,-1.3374999999999999
43473,-0.02,-1.33,-1.2849999999999999
43472,-2.75E-2,-1.53,-1.45
43469,-4.4999999999999998E-2,-1.8474999999999999,-1.7725
43468,-0.10249999999999999,-2.0499999999999998,-1.9350000000000001
43467,-2.2499999999999999E-2,-1.71,-1.5825
43466,3.5000000000000003E-2,-1.9175,-1.6575
43465,3.7499999999999999E-2,-1.91,-1.6525000000000001
43462,3.5000000000000003E-2,-1.94,-1.65
43461,1.7500000000000002E-2,-1.9575,-1.75
43460,-0.01,-1.7925,-1.6875
43459,-0.2225,-1.75,-1.6274999999999999
43458,-0.02,-1.75,-1.6174999999999999
43455,-3.5000000000000003E-2,-1.665,-1.53
43454,-7.7499999999999999E-2,-1.4550000000000001,-1.4325000000000001
43453,-0.14499999999999999,-1.1425000000000001,-1.2975000000000001
43452,-0.21,-1.18,-1.32
43451,-0.26500000000000001,-0.96,-1.2324999999999999
43448,-0.28499999999999998,-0.83250000000000002,-1.1375
43447,-0.1825,-0.79,-1.1325000000000001
43446,-0.19,-0.89,-1.1875
43445,-0.27500000000000002,-0.95,-1.2675000000000001
43444,-0.22500000000000001,-0.9375,-1.2649999999999999
43441,-0.22500000000000001,-0.9325,-1.24
43440,-0.245,-0.95250000000000001,-1.2925
43439,-0.40500000000000003,-0.74250000000000005,-1.135
43438,-0.43,-0.76500000000000001,-1.1625000000000001
43437,-0.39500000000000002,-0.71499999999999997,-1.1525000000000001
43434,-0.4425,-0.78749999999999998,-1.2050000000000001
43433,-0.42749999999999999,-0.78249999999999997,-1.2549999999999999
43432,-0.48,-0.74,-1.2875000000000001
43431,-0.53249999999999997,-0.82,-1.3325
43430,-0.53749999999999998,-0.86499999999999999,-1.4125000000000001
43427,-0.56999999999999995,-0.90749999999999997,-1.49
43426,-0.50749999999999995,-0.91749999999999998,-1.4924999999999999
43425,-0.59750000000000003,-0.95250000000000001,-1.6
43424,-0.62749999999999995,-0.98250000000000004,-1.5525
43423,-0.56000000000000005,-0.97499999999999998,-1.5575000000000001
43420,-0.58750000000000002,-1.05,-1.6725000000000001
43419,-0.71499999999999997,-0.93500000000000005,-1.68
43418,-0.54500000000000004,-0.77,-1.3374999999999999
43417,-0.60750000000000004,-0.70499999999999996,-1.325
43416,-0.6925,-0.65500000000000003,-1.2925
43413,-0.52,-0.63,-1.21
43412,-0.44,-0.75,-1.2375
43411,-0.39,-0.8175,-1.2949999999999999
43410,-0.53500000000000003,-0.84250000000000003,-1.3625
43409,-0.62,-0.91,-1.4375
43406,-0.625,-0.94499999999999995,-1.4924999999999999
43405,-0.66,-0.99750000000000005,-1.5774999999999999
43404,-0.83750000000000002,-1.03,-1.68
43403,-0.88,-1.1599999999999999,-1.8125
43402,-0.875,-1.2224999999999999,-1.8325
43399,-0.86,-1.2825,-1.8825000000000001
43398,-0.755,-1.0874999999999999,-1.7424999999999999
43397,-0.89249999999999996,-0.9325,-1.66
43396,-0.79249999999999998,-0.90249999999999997,-1.5874999999999999
43395,-0.8,-0.81,-1.4975000000000001
43392,-0.85750000000000004,-0.83,-1.5349999999999999
43391,-0.82499999999999996,-0.8175,-1.5149999999999999
43390,-0.66500000000000004,-0.86,-1.4875
43389,-0.61,-0.96750000000000003,-1.6025
43388,-0.63500000000000001,-1.1325000000000001,-1.8025
43385,-0.64500000000000002,-1.1074999999999999,-1.7725
43384,-0.64749999999999996,-1.125,-1.7749999999999999
43383,-0.77,-0.96499999999999997,-1.7549999999999999
43382,-0.83250000000000002,-0.86250000000000004,-1.7175
43381,-0.77500000000000002,-0.82,-1.6325000000000001
43378,-0.69,-0.68500000000000005,-1.4650000000000001
43377,-0.72750000000000004,-0.67500000000000004,-1.4950000000000001
43376,-0.76249999999999996,-0.56000000000000005,-1.3725000000000001
43375,-0.79,-0.54500000000000004,-1.39
43374,-0.66249999999999998,-0.4425,-1.1599999999999999
43371,-0.66,-0.50749999999999995,-1.2
43370,-0.61750000000000005,-0.5675,-1.155
43369,-0.50749999999999995,-0.55249999999999999,-1.125
43368,-0.53249999999999997,-0.56999999999999995,-1.175
43367,-0.51749999999999996,-0.59499999999999997,-1.2150000000000001
43364,-0.4975,-0.54500000000000004,-1.17
43363,-0.4425,-0.57250000000000001,-1.2175
43362,-0.64749999999999996,-0.61,-1.2675000000000001
43361,-0.66500000000000004,-0.63500000000000001,-1.345
43360,-0.68,-0.71499999999999997,-1.4475
43357,-0.67249999999999999,-0.75749999999999995,-1.45
43356,-0.64,-0.78249999999999997,-1.5125
43355,-0.71250000000000002,-0.83,-1.6425000000000001
43354,-0.87,-1.0349999999999999,-1.8075000000000001
43353,-0.9,-1.0900000000000001,-1.8975
43350,-0.97499999999999998,-1.1375,-2.0225
43349,-0.96,-1.03,-1.8774999999999999
43348,-1.05,-1,-1.9475
43347,-1.1775,-1.0049999999999999,-1.9924999999999999
43346,-1.0549999999999999,-1.0149999999999999,-1.9624999999999999
43343,-0.995,-1.0249999999999999,-1.9475
43342,-0.8,-0.9325,-1.6625000000000001
43341,-0.71499999999999997,-0.79,-1.4
43340,-0.64500000000000002,-0.85,-1.355
43339,-0.69499999999999995,-0.94750000000000001,-1.53
43336,-0.71750000000000003,-0.95250000000000001,-1.59
43335,-0.76500000000000001,-1.0249999999999999,-1.63
43334,-0.54249999999999998,-1.1675,-1.65
43333,-0.55500000000000005,-1.19,-1.6625000000000001
43332,-0.65500000000000003,-1.21,-1.9350000000000001
43329,-0.81499999999999995,-1.2649999999999999,-2.02
43328,-0.90500000000000003,-1.2150000000000001,-2.0099999999999998
43327,-1.2275,-1.27,-2.165
43326,-1.2375,-1.2175,-2.0150000000000001
43325,-1.2925,-1.5049999999999999,-2.2650000000000001
43322,-1.2024999999999999,-1.2725,-1.9350000000000001
43321,-0.85,-0.94,-1.4175
43320,-0.75,-0.90500000000000003,-1.3825000000000001
43319,-0.79,-0.82499999999999996,-1.32
43318,-0.8125,-0.84499999999999997,-1.3049999999999999
43315,-0.6875,-0.83750000000000002,-1.23
43314,-0.495,-0.89500000000000002,-1.2075
43313,-0.38250000000000001,-0.72750000000000004,-0.97750000000000004
43312,-0.37,-0.80249999999999999,-1.0325
43311,-0.39500000000000002,-1.2424999999999999,-1.4075
43308,-0.41499999999999998,-1.1475,-1.3474999999999999
43307,-0.38750000000000001,-1.1325000000000001,-1.3125
43306,-0.46500000000000002,-1.0725,-1.3374999999999999
43305,-0.47249999999999998,-1.1100000000000001,-1.34
43304,-0.46250000000000002,-1.1525000000000001,-1.37
43301,-0.54749999999999999,-0.95,-1.2424999999999999
43300,-0.67,-0.59,-1
43299,-0.66249999999999998,-0.44750000000000001,-0.875
43298,-0.63249999999999995,-0.4375,-0.90749999999999997
43297,-0.66249999999999998,-0.45250000000000001,-0.92749999999999999
43294,-0.68,-0.45750000000000002,-0.96
43293,-0.62749999999999995,-0.46,-0.92500000000000004
43292,-0.59,-0.56000000000000005,-0.97250000000000003
43291,-0.47,-0.52749999999999997,-0.95499999999999996
43290,-0.40500000000000003,-0.76,-1.1425000000000001
43287,-0.4425,-0.91,-1.3125
43286,-0.6,-0.97,-1.4225000000000001
43285,-0.66749999999999998,-0.93,-1.4175
43284,-0.67249999999999999,-0.92,-1.4125000000000001
43283,-0.69750000000000001,-0.97,-1.4775
43280,-0.66500000000000004,-0.97499999999999998,-1.4524999999999999
43279,-0.8075,-1.145,-1.7775000000000001
43278,-0.73499999999999999,-1.1675,-1.7424999999999999
43277,-0.75249999999999995,-1.2450000000000001,-1.7925
43276,-0.75749999999999995,-1.3025,-1.8274999999999999
43273,-0.77249999999999996,-1.1399999999999999,-1.6525000000000001
43272,-0.78749999999999998,-1.2124999999999999,-1.7275
43271,-0.76500000000000001,-1.115,-1.6425000000000001
43270,-0.875,-1.31,-1.8374999999999999
43269,-0.82250000000000001,-0.86499999999999999,-1.4125000000000001
43266,-0.76500000000000001,-0.74750000000000005,-1.3574999999999999
43265,-0.56999999999999995,-0.76,-1.22
43264,-0.435,-0.72,-1.1475
43263,-0.41749999999999998,-0.89749999999999996,-1.2675000000000001
43262,-0.35,-1.0425,-1.3374999999999999
43259,-0.27,-1.125,-1.4850000000000001
43258,-9.5000000000000001E-2,-0.84750000000000003,-1.085
43257,-0.11,-0.79,-0.95
43256,-0.35749999999999998,-0.81,-1.0900000000000001
43255,-0.40500000000000003,-0.80500000000000005,-1.1525000000000001
43252,-0.55500000000000005,-0.86,-1.2725
43251,-0.71750000000000003,-1.1399999999999999,-1.675
43250,-0.87749999999999995,-1.22,-1.92
43249,-0.82750000000000001,-1.1599999999999999,-1.8225
43248,-0.65749999999999997,-0.97,-1.49
43245,-0.65500000000000003,-0.995,-1.4724999999999999
43244,-0.65,-1.02,-1.4025000000000001
43243,-0.71750000000000003,-0.91,-1.345
43242,-0.65500000000000003,-0.48499999999999999,-0.93
43241,-0.6825,-0.42,-0.88249999999999995
43238,-0.60499999999999998,-0.39,-0.8125
43237,-0.60750000000000004,-0.41749999999999998,-0.8075
43236,-0.55500000000000005,-0.4325,-0.86250000000000004
43235,-0.35499999999999998,-0.42249999999999999,-0.6875
43234,-0.26500000000000001,-0.54,-0.72750000000000004
43231,-0.27250000000000002,-0.54749999999999999,-0.70499999999999996
43230,-0.37,-0.56499999999999995,-0.76249999999999996
43229,-0.505,-0.59499999999999997,-0.78749999999999998
43228,-0.48749999999999999,-0.75,-0.8125
43227,-0.41,-0.70250000000000001,-0.81499999999999995
43224,-0.435,-0.72,-0.82750000000000001
43223,-0.41,-0.66249999999999998,-0.80249999999999999
43222,-0.4,-0.51249999999999996,-0.625
43221,-0.35499999999999998,-0.59499999999999997,-0.64249999999999996
43220,-0.27,-0.62,-0.64749999999999996
43217,-0.29499999999999998,-0.61750000000000005,-0.64749999999999996
43216,-0.3,-0.62,-0.64749999999999996
43215,-0.24249999999999999,-0.62,-0.62749999999999995
43214,-0.15,-0.59499999999999997,-0.5675
43213,-5.0000000000000001E-3,-0.69750000000000001,-0.64249999999999996
43210,0.14499999999999999,-0.75,-0.57750000000000001
43209,0.21,-0.76749999999999996,-0.57499999999999996
43208,0.20499999999999999,-0.75249999999999995,-0.57250000000000001
43207,0.2,-0.745,-0.55500000000000005
43206,0.19,-0.74,-0.57250000000000001
43203,0.1825,-0.7,-0.60499999999999998
43202,0.16250000000000001,-0.76249999999999996,-0.62250000000000005
43201,0.17499999999999999,-0.79249999999999998,-0.59250000000000003
43200,0.12,-0.78500000000000003,-0.62749999999999995
43199,0.02,-0.77749999999999997,-0.64
43196,-0.01,-0.78,-0.70750000000000002
43195,4.4999999999999998E-2,-0.78249999999999997,-0.69
43194,8.2500000000000004E-2,-0.85250000000000004,-0.76500000000000001
43193,0.10249999999999999,-0.875,-0.82
43192,0.125,-0.83,-0.82750000000000001
43189,0.13750000000000001,-0.85750000000000004,-0.8125
43188,0.13250000000000001,-0.86,-0.83499999999999996
43187,0.14000000000000001,-0.86750000000000005,-0.88249999999999995
43186,0.17,-1.0549999999999999,-0.9
43185,0.17499999999999999,-1.17,-0.99750000000000005
43182,0.14499999999999999,-1.3,-1.115
43181,0.155,-1.1399999999999999,-0.98499999999999999
43180,0.1225,-1.0349999999999999,-0.88249999999999995
43179,0.15,-1.105,-0.89749999999999996
43178,0.16750000000000001,-1.1950000000000001,-0.96499999999999997
43175,0.14249999999999999,-1.2050000000000001,-0.97
43174,0.215,-1.1575,-0.92749999999999999
43173,0.2,-1.0075000000000001,-0.86
43172,0.19500000000000001,-0.92,-0.9
43171,0.19,-1.0125,-1
43168,0.16500000000000001,-0.94750000000000001,-1.0024999999999999
43167,0.22500000000000001,-1.1850000000000001,-1.1225000000000001
43166,0.27750000000000002,-1.3,-1.1875
43165,0.23250000000000001,-1.28,-1.1950000000000001
43164,0.17,-1.4350000000000001,-1.3174999999999999
43161,-9.5000000000000001E-2,-1.57,-1.8025
43160,-0.28000000000000003,-1.2250000000000001,-1.6375
43159,-0.29749999999999999,-1.125,-1.605
43158,-0.3,-1.1000000000000001,-1.56
43157,-0.37,-1.17,-1.6924999999999999
43154,-0.54500000000000004,-1.2250000000000001,-1.865
43153,-0.55249999999999999,-1.385,-2.08
43152,-0.54,-1.35,-2.0674999999999999
43151,-0.48,-1.4750000000000001,-2.0724999999999998
43150,-0.32500000000000001,-1.655,-2.0724999999999998
43147,-0.28999999999999998,-1.82,-2.125
43146,-0.27750000000000002,-1.9550000000000001,-2.2675000000000001
43145,-0.45500000000000002,-2.0049999999999999,-2.37
43144,-0.62250000000000005,-2.0550000000000002,-2.4775
43143,-0.77249999999999996,-2.1,-2.5150000000000001
43140,-0.75749999999999995,-2.2650000000000001,-2.7275
43139,-0.52,-2.165,-2.5024999999999999
43138,-0.46500000000000002,-1.99,-2.2650000000000001
43137,-0.34499999999999997,-1.94,-2.1800000000000002
43136,-8.5000000000000006E-2,-1.53,-1.6375
43133,0.26250000000000001,-0.93,-0.47
43132,0.2525,-0.98,-0.52
43131,0.17749999999999999,-1.0449999999999999,-0.54749999999999999
43130,0.16750000000000001,-1.1950000000000001,-0.59750000000000003
43129,0.16250000000000001,-1.2275,-0.51749999999999996
43126,0.30499999999999999,-1.2350000000000001,-0.52249999999999996
43125,0.40500000000000003,-1.27,-0.49249999999999999
43124,0.57999999999999996,-1.05,-0.51749999999999996
43123,0.49,-0.82,-0.39500000000000002
43122,0.495,-0.83250000000000002,-0.39750000000000002
43119,0.63749999999999996,-0.89749999999999996,-0.38
43118,0.73750000000000004,-0.78249999999999997,-0.21
43117,0.73499999999999999,-0.86250000000000004,-0.25750000000000001
43116,0.65249999999999997,-0.89,-0.32
43115,0.70750000000000002,-0.89,-0.24
43112,0.63749999999999996,-0.84250000000000003,-0.3
43111,0.46750000000000003,-0.78249999999999997,-0.46250000000000002
43110,0.34749999999999998,-0.84,-0.51249999999999996
43109,0.16250000000000001,-0.38500000000000001,-0.38500000000000001
43108,0.2,-0.33500000000000002,-0.29499999999999998
43105,0.28999999999999998,-0.33500000000000002,-0.24249999999999999
43104,0.33750000000000002,-0.37,-0.26250000000000001
43103,0.39500000000000002,-0.42499999999999999,-0.26250000000000001
43102,0.44,-0.44,-0.25
43101,0.42,-0.45500000000000002,-0.28749999999999998
43098,0.40250000000000002,-0.44,-0.30249999999999999
43097,0.36,-0.4,-0.32750000000000001
43096,0.31,-0.39500000000000002,-0.34250000000000003
43095,0.33250000000000002,-0.38,-0.33750000000000002
43094,0.31,-0.41,-0.33250000000000002
43091,0.32500000000000001,-0.39,-0.33750000000000002
43090,0.32,-0.4375,-0.34499999999999997
43089,0.28749999999999998,-0.47,-0.34250000000000003
43088,0.13750000000000001,-0.52,-0.40500000000000003
43087,0.14000000000000001,-0.52500000000000002,-0.41249999999999998
43084,0.1525,-0.61750000000000005,-0.4325
43083,0.21,-0.60750000000000004,-0.42
43082,0.27750000000000002,-0.63500000000000001,-0.41
43081,0.27250000000000002,-0.65,-0.40250000000000002
43080,0.3,-0.65,-0.42499999999999999
43077,0.31,-0.64500000000000002,-0.41249999999999998
43076,0.34250000000000003,-0.67749999999999999,-0.40749999999999997
43075,0.44500000000000001,-0.69750000000000001,-0.41
43074,0.48,-0.65,-0.375
43073,0.57999999999999996,-0.64500000000000002,-0.375
43070,0.60499999999999998,-0.80500000000000005,-0.45
43069,0.57250000000000001,-0.63249999999999995,-0.45750000000000002
43068,0.5675,-0.70250000000000001,-0.50249999999999995
43067,0.60750000000000004,-0.755,-0.56000000000000005
43066,0.72250000000000003,-0.79249999999999998,-0.53249999999999997
43063,0.6,-0.83499999999999996,-0.54749999999999999
43062,0.48,-0.89,-0.62749999999999995
43061,0.39,-0.875,-0.71250000000000002
43060,0.39,-0.81,-0.70250000000000001
43059,0.41749999999999998,-0.95,-0.73750000000000004
43056,0.48499999999999999,-0.97,-0.63249999999999995
43055,0.48249999999999998,-0.92500000000000004,-0.61750000000000005
43054,0.52500000000000002,-1.0125,-0.64
43053,0.38750000000000001,-0.8175,-0.67500000000000004
43052,0.1525,-0.83250000000000002,-0.70499999999999996
43049,0.13250000000000001,-0.83,-0.71
43048,0.09,-0.745,-0.66
43047,-5.0000000000000001E-3,-0.59,-0.61499999999999999
43046,-7.4999999999999997E-3,-0.51749999999999996,-0.56999999999999995
43045,3.2500000000000001E-2,-0.51500000000000001,-0.60499999999999998
43042,8.5000000000000006E-2,-0.5625,-0.59250000000000003
43041,0.1575,-0.57999999999999996,-0.59
43040,7.0000000000000007E-2,-0.62749999999999995,-0.66249999999999998
43039,4.7500000000000001E-2,-0.74,-0.70250000000000001
43038,2.2499999999999999E-2,-0.755,-0.69499999999999995
43035,2.5000000000000001E-3,-0.67500000000000004,-0.65
43034,0.24249999999999999,-0.7,-0.57499999999999996
43033,0.3725,-0.63749999999999996,-0.54249999999999998
43032,0.34749999999999998,-0.67749999999999999,-0.53249999999999997
43031,0.35249999999999998,-0.63749999999999996,-0.54
43028,0.35749999999999998,-0.86250000000000004,-0.75749999999999995
43027,0.36,-1.0075000000000001,-0.84750000000000003
43026,0.33500000000000002,-1.0249999999999999,-0.83250000000000002
43025,0.39500000000000002,-1.2749999999999999,-1.0375000000000001
43024,0.4375,-1.3774999999999999,-1.135
43021,0.49249999999999999,-1.4850000000000001,-1.145
43020,0.52,-1.4950000000000001,-1.1725000000000001
43019,0.55500000000000005,-1.4975000000000001,-1.2475000000000001
43018,0.495,-1.5375000000000001,-1.27
43017,0.3725,-1.5375000000000001,-1.2925
43014,0.36749999999999999,-1.5049999999999999,-1.2524999999999999
43013,0.37,-1.54,-1.2575000000000001
43012,0.3125,-1.59,-1.2825
43011,0.28749999999999998,-1.5649999999999999,-1.31
43010,0.30249999999999999,-1.69,-1.365
43007,0.28749999999999998,-1.635,-1.375
43006,0.28249999999999997,-1.615,-1.345
43005,0.26,-1.2375,-0.87749999999999995
43004,0.27750000000000002,-1.07,-0.86499999999999999
43003,0.28749999999999998,-0.86499999999999999,-0.59750000000000003
43000,0.34499999999999997,-0.84,-0.60250000000000004
42999,0.29749999999999999,-0.64749999999999996,-0.53
42998,0.30249999999999999,-0.64500000000000002,-0.49249999999999999
42997,0.27,-0.64,-0.52749999999999997
42996,0.245,-0.81,-0.59250000000000003
42993,0.25,-0.83,-0.62
42992,0.23250000000000001,-0.87250000000000005,-0.74250000000000005
42991,0.26750000000000002,-0.9,-0.75
42990,0.34499999999999997,-0.96,-0.78249999999999997
42989,0.36249999999999999,-1.2250000000000001,-0.9
42986,0.4325,-1.6575,-1.0525
42985,0.36499999999999999,-1.4,-0.94750000000000001
42984,0.29749999999999999,-1.3049999999999999,-0.98499999999999999
42983,0.27,-1.3075000000000001,-1.0225
42982,0.215,-1.2175,-0.9375
42979,0.20749999999999999,-0.92249999999999999,-0.80249999999999999
42978,0.17499999999999999,-0.97750000000000004,-0.82750000000000001
42977,0.1875,-0.88749999999999996,-0.80249999999999999
42976,0.255,-1.1299999999999999,-0.98
42975,0.2,-0.88,-0.83
42972,0.19500000000000001,-0.93,-0.73750000000000004
42971,0.17749999999999999,-1,-0.88
42970,0.11,-1.0649999999999999,-0.88749999999999996
42969,5.5E-2,-1.1425000000000001,-0.85
42968,3.7499999999999999E-2,-1.2749999999999999,-1.1074999999999999
42965,0.02,-1.19,-1.0825
42964,0.03,-0.97499999999999998,-0.73
42963,0.03,-0.89,-0.67249999999999999
42962,-0.01,-0.98499999999999999,-1.0175000000000001
42961,2.5000000000000001E-2,-1.1975,-0.85250000000000004
42958,0.21249999999999999,-1.5475000000000001,-1.1274999999999999
42957,-1.2500000000000001E-2,-1.4225000000000001,-1.1475
42956,6.7500000000000004E-2,-1.1850000000000001,-0.8125
42955,0.3,-0.80500000000000005,-0.28999999999999998
42954,0.30499999999999999,-0.82499999999999996,-0.48249999999999998
42951,0.35,-0.91,-0.42
42950,0.41499999999999998,-1.05,-0.40500000000000003
42949,0.44750000000000001,-1.07,-0.44
42948,0.46,-1.105,-0.41249999999999998
42947,0.50249999999999995,-1.075,-0.41
42944,0.51249999999999996,-1.03,-0.39750000000000002
42943,0.55500000000000005,-0.97499999999999998,-0.36749999999999999
42942,0.53,-0.95,-0.375
42941,0.49249999999999999,-1.0449999999999999,-0.48
42940,0.45500000000000002,-1.1025,-0.41749999999999998
42937,0.46500000000000002,-1.1575,-0.47499999999999998
42936,0.40749999999999997,-1.155,-0.59250000000000003
42935,0.36249999999999999,-1.175,-0.57750000000000001
42934,0.35499999999999998,-1.165,-0.57750000000000001
42933,0.27250000000000002,-1.0900000000000001,-0.51500000000000001
42930,0.29499999999999998,-1.0874999999999999,-0.5575
42929,0.32750000000000001,-1.075,-0.43
42928,0.38750000000000001,-1.1100000000000001,-0.45250000000000001
42927,0.39250000000000002,-0.88,-0.48
42926,0.36249999999999999,-0.77,-0.5
42923,0.39,-0.82250000000000001,-0.46500000000000002
42922,0.25,-0.92500000000000004,-0.51249999999999996
42921,0.23749999999999999,-0.89,-0.46750000000000003
42920,0.26750000000000002,-0.86,-0.40250000000000002
42919,0.32,-0.83499999999999996,-0.34749999999999998
42916,0.39250000000000002,-0.91,-0.23
42915,0.44750000000000001,-0.82,-0.28000000000000003
42914,0.54,-0.83750000000000002,-0.21249999999999999
42913,0.33,-0.69750000000000001,-0.34749999999999998
42912,0.16250000000000001,-0.90500000000000003,-0.71750000000000003
42909,0.13,-0.91,-0.72250000000000003
42908,0.1075,-0.91500000000000004,-0.76
42907,0.09,-0.77249999999999996,-0.70750000000000002
42906,0.115,-0.64500000000000002,-0.60499999999999998
42905,0.1075,-0.63500000000000001,-0.64500000000000002
42902,9.5000000000000001E-2,-0.64749999999999996,-0.73750000000000004
42901,0.12,-0.82499999999999996,-0.72750000000000004
42900,0.27,-1.0075000000000001,-0.81
42899,5.5E-2,-0.95250000000000001,-0.84499999999999997
42898,5.5E-2,-1.05,-0.81499999999999995
42895,4.7500000000000001E-2,-1.0674999999999999,-0.99250000000000005
42894,-1.2500000000000001E-2,-1.2350000000000001,-0.95750000000000002
42893,-3.7499999999999999E-2,-1.3825000000000001,-1.0349999999999999
42892,1.7500000000000002E-2,-1.4875,-1.0249999999999999
42891,2.5000000000000001E-3,-1.3925000000000001,-0.97499999999999998
42888,2.5000000000000001E-3,-1.4175,-0.96750000000000003
42887,-8.2500000000000004E-2,-1.3825000000000001,-0.98499999999999999
42886,-0.13750000000000001,-1.4375,-1.0625
42885,-0.245,-1.5674999999999999,-1.0375000000000001
42884,-0.1075,-1.55,-0.92
42881,-6.5000000000000002E-2,-1.5475000000000001,-0.9325
42880,0.01,-1.355,-0.90749999999999997
42879,7.0000000000000007E-2,-1.3674999999999999,-0.89500000000000002
42878,0.2,-1.4475,-0.95
42877,0.27500000000000002,-1.4350000000000001,-0.98
42874,0.33250000000000002,-1.85,-1.2050000000000001
42873,0.32,-2.0299999999999998,-1.1675
42872,0.33750000000000002,-1.1100000000000001,-0.66500000000000004
42871,0.25,-0.57750000000000001,-0.5
42870,0.1825,-0.54500000000000004,-0.5
42867,0.14000000000000001,-0.4975,-0.47499999999999998
42866,0.12,-0.4425,-0.495
42865,0.105,-0.40250000000000002,-0.4375
42864,0.105,-0.23,-0.47
42863,0.105,-0.45250000000000001,-0.60750000000000004
42860,-0.75749999999999995,-0.87,-1.7024999999999999
42859,-0.89249999999999996,-0.8175,-1.81
42858,-0.93500000000000005,-0.92249999999999999,-1.8174999999999999
42857,-0.92,-0.95499999999999996,-1.84
42856,-0.9325,-0.86499999999999999,-1.81
42853,-0.89249999999999996,-0.89500000000000002,-1.6525000000000001
42852,-0.83499999999999996,-0.81499999999999995,-1.3825000000000001
42851,-0.82250000000000001,-0.87,-1.2925
42850,-0.92500000000000004,-0.99750000000000005,-1.5649999999999999
42849,-1.3875,-1.115,-1.8149999999999999
42846,-3.9449999999999998,-2.4350000000000001,-5.1725000000000003
42845,-3.9350000000000001,-2.3199999999999998,-5.1675000000000004
42844,-4.0774999999999997,-2.4049999999999998,-5.5750000000000002
42843,-4.125,-2.7025000000000001,-5.79
42842,-4.12,-2.86,-6.35
42839,-3.92,-2.6924999999999999,-6.2249999999999996
42838,-4.0350000000000001,-2.5449999999999999,-6.1475
42837,-3.9649999999999999,-2.5950000000000002,-5.875
42836,-3.81,-2.2675000000000001,-5.36
42835,-3.6974999999999998,-1.905,-4.7450000000000001
42832,-3.5,-1.915,-4.62
42831,-3.23,-1.75,-4.67
42830,-1.3774999999999999,-1.0575000000000001,-2.4449999999999998
42829,-1.355,-1.0575000000000001,-2.4449999999999998
42828,-1.26,-1.0349999999999999,-2.4674999999999998
42825,-1.1325000000000001,-1.1425000000000001,-2.4750000000000001
42824,-1.1000000000000001,-1.1225000000000001,-2.4375
42823,-1.04,-1.325,-2.2925
42822,-0.94750000000000001,-1.4025000000000001,-2.4275000000000002
42821,-0.87749999999999995,-1.5625,-2.4624999999999999
42818,-1.0175000000000001,-1.6274999999999999,-2.3975
42817,-1.0874999999999999,-1.76,-2.3424999999999998
42816,-0.17249999999999999,-1.0175000000000001,-0.83750000000000002
42815,-0.185,-0.6875,-0.44750000000000001
42814,-0.27250000000000002,-0.54749999999999999,-0.4325
42811,-0.3175,-0.41,-0.39250000000000002
42810,-0.41,-0.35499999999999998,-0.40749999999999997
42809,-0.41,-0.315,-0.48
42808,-0.40749999999999997,-0.26500000000000001,-0.52500000000000002
42807,-0.36749999999999999,-0.2475,-0.47249999999999998
42804,-0.505,-0.19750000000000001,-0.61750000000000005
42803,-0.53500000000000003,-0.17,-0.73499999999999999
42802,-0.59750000000000003,-0.19,-0.72750000000000004
42801,-0.57499999999999996,-0.215,-0.69499999999999995
42800,-0.6,-0.21,-0.66
42797,-0.76249999999999996,-0.1,-0.6875
42796,-0.8125,-0.01,-0.72499999999999998
42795,-0.8,-0.1275,-0.76749999999999996
42794,-0.78749999999999998,-0.26500000000000001,-0.99
42793,-0.80500000000000005,-0.26,-1.03
42790,-0.83499999999999996,-0.17249999999999999,-1.06
42789,-0.85,-0.22500000000000001,-1.0525
42788,-0.89500000000000002,-0.28249999999999997,-1.1475
42787,-0.89,-0.30499999999999999,-1.0149999999999999
42786,-0.755,-0.34250000000000003,-0.95499999999999996
42783,-0.74,-0.29499999999999998,-0.97750000000000004
42782,-0.75,-0.14749999999999999,-0.67249999999999999
42781,-0.65749999999999997,-0.1125,-0.56499999999999995
42780,-0.66,-0.14000000000000001,-0.61499999999999999
42779,-0.71499999999999997,-0.2225,-0.60499999999999998
42776,-0.75,-0.38750000000000001,-0.6925
42775,-0.69750000000000001,-0.5675,-0.71499999999999997
42774,-0.73,-0.58499999999999996,-0.75
42773,-0.625,-0.57499999999999996,-0.71250000000000002
42772,-0.5625,-0.69750000000000001,-0.75249999999999995
42769,-0.435,-0.72250000000000003,-0.76249999999999996
42768,-0.39,-0.73499999999999999,-0.73250000000000004
42767,-0.48,-0.62250000000000005,-0.66749999999999998
42766,-0.49,-0.69750000000000001,-0.73750000000000004
42765,-0.75249999999999995,-0.44500000000000001,-0.745
42762,-0.7,-0.28749999999999998,-0.29749999999999999
42761,-0.63249999999999995,-0.26250000000000001,-0.30499999999999999
42760,-0.495,-0.41499999999999998,-0.375
42759,-0.52749999999999997,-0.53,-0.52249999999999996
42758,-0.5675,-0.61750000000000005,-0.54500000000000004
42755,-0.62749999999999995,-0.56999999999999995,-0.58250000000000002
42754,-0.63249999999999995,-0.61750000000000005,-0.6825
42753,-0.59750000000000003,-0.76249999999999996,-0.77749999999999997
42752,-0.58750000000000002,-0.95250000000000001,-0.85499999999999998
42751,-0.66,-0.88249999999999995,-0.82250000000000001
42748,-0.60750000000000004,-0.85750000000000004,-0.77
42747,-0.61250000000000004,-1.08,-0.89500000000000002
42746,-0.65749999999999997,-0.96750000000000003,-0.9
42745,-0.44750000000000001,-0.89249999999999996,-0.87250000000000005
42744,-0.45750000000000002,-0.78249999999999997,-0.89749999999999996
42741,-0.40749999999999997,-0.86750000000000005,-0.90500000000000003
42740,-0.41499999999999998,-1.0149999999999999,-1.0049999999999999
42739,-0.52249999999999996,-0.83750000000000002,-0.92249999999999999
42738,-0.57750000000000001,-0.93500000000000005,-0.88749999999999996
42737,-0.41749999999999998,-1.0325,-0.98499999999999999
42734,-0.4425,-1.04,-0.98250000000000004
42733,-0.62749999999999995,-1.0475000000000001,-1.0275000000000001
42732,-0.63749999999999996,-0.89500000000000002,-0.95
42731,-0.64,-0.88500000000000001,-0.9325
42730,-0.88500000000000001,-0.92500000000000004,-0.94499999999999995
42727,-1.0049999999999999,-0.97499999999999998,-0.9325
42726,-0.91749999999999998,-0.96750000000000003,-0.93
42725,-1.0449999999999999,-0.97,-0.95750000000000002
42724,-1.2175,-0.96250000000000002,-0.995
42723,-1.2075,-1.0024999999999999,-1.0325
42720,-1.1425000000000001,-0.90500000000000003,-0.95
42719,-1.2024999999999999,-0.81,-0.92500000000000004
42718,-1.0475000000000001,-1.0674999999999999,-1.0525
42717,-0.96750000000000003,-1.0349999999999999,-1.0449999999999999
42716,-1.0125,-1.05,-1.105
42713,-1.3075000000000001,-0.86750000000000005,-1.1299999999999999
42712,-0.91500000000000004,-0.83,-1.0325
42711,-0.99250000000000005,-0.64249999999999996,-0.96750000000000003
42710,-1.05,-0.64500000000000002,-1.02
42709,-1.04,-0.52749999999999997,-1.0349999999999999
42706,-1.2575000000000001,-0.58750000000000002,-1.155
42705,-1.2424999999999999,-0.52500000000000002,-1.0425
42704,-1.2424999999999999,-0.44500000000000001,-0.98499999999999999
42703,-1.2925,-0.39500000000000002,-0.98499999999999999
42702,-1.2075,-0.46,-0.92
42699,-1.2825,-0.23499999999999999,-0.83250000000000002
42698,-1.31,-0.11749999999999999,-0.83499999999999996
42697,-1.2350000000000001,-0.245,-0.96
42696,-1.0049999999999999,-0.37,-1.155
42695,-1.145,-0.51,-1.1000000000000001
42692,-1.3149999999999999,-0.59499999999999997,-1.2575000000000001
42691,-0.95,-1.0874999999999999,-1.41
42690,-0.89,-1.375,-1.5774999999999999
42689,-0.72499999999999998,-1.38,-1.575
42688,-0.72499999999999998,-1.2124999999999999,-1.52
42685,-0.51500000000000001,-1.3374999999999999,-1.48
42684,-0.39,-1.1850000000000001,-1.51
42683,-0.23250000000000001,-1.5149999999999999,-1.6325000000000001
42682,1.0449999999999999,-2.6850000000000001,-1.8425
42681,0.92,-2.1025,-1.6950000000000001
42678,1.0275000000000001,-2.0924999999999998,-1.7949999999999999
42677,0.45500000000000002,-2.0924999999999998,-1.845
42676,0.39250000000000002,-2.0575000000000001,-1.8125
42675,5.7500000000000002E-2,-1.675,-1.4924999999999999
42674,2.5000000000000001E-2,-1.2024999999999999,-1.34
42671,-4.4999999999999998E-2,-1.29,-1.36
42670,-0.28499999999999998,-1.1499999999999999,-1.4850000000000001
42669,-0.3175,-1.1225000000000001,-1.48
42668,-0.41749999999999998,-1.2275,-1.5475000000000001
42667,-0.48499999999999999,-1.3975,-1.7849999999999999
42664,-0.45250000000000001,-1.4575,-1.83
42663,-0.44500000000000001,-1.4750000000000001,-1.9424999999999999
42662,-0.495,-1.5175000000000001,-1.9850000000000001
42661,-0.5575,-1.635,-2.0175000000000001
42660,-0.62,-1.6475,-2.0625
42657,-0.74750000000000005,-1.6575,-2.0049999999999999
42656,-0.83750000000000002,-1.6575,-1.96
42655,-0.88500000000000001,-1.5175000000000001,-1.7175
42654,-0.72750000000000004,-1.5549999999999999,-1.51
42653,-0.65749999999999997,-1.5024999999999999,-1.51
42650,-0.73250000000000004,-1.4575,-1.51
42649,-0.63249999999999995,-1.1975,-1.3525
42648,-0.505,-0.47249999999999998,-0.73499999999999999
42647,-0.69750000000000001,-0.66249999999999998,-0.99750000000000005
42646,-0.74250000000000005,-0.99750000000000005,-1.21
42643,-0.76,-1.0900000000000001,-1.5024999999999999
42642,-0.65,-1.0874999999999999,-1.2
42641,-0.48749999999999999,-1.54,-1.34
42640,-0.4325,-1.57,-1.395
42639,-0.40749999999999997,-1.2949999999999999,-1.17
42636,-0.46750000000000003,-1.0425,-1.0575000000000001
42635,-0.44750000000000001,-1.0475000000000001,-1.0649999999999999
42634,-0.54500000000000004,-0.995,-0.97250000000000003
42633,-0.57499999999999996,-0.6925,-0.84
42632,-0.5675,-0.64749999999999996,-0.82499999999999996
42629,-0.56499999999999995,-0.57250000000000001,-0.52500000000000002
42628,-0.53749999999999998,-0.44,-0.47249999999999998
42627,-0.54,-0.3725,-0.40250000000000002
42626,-0.57999999999999996,-0.42749999999999999,-0.47749999999999998
42625,-0.62749999999999995,-0.105,-0.13500000000000001
42622,-0.54,0.13250000000000001,-5.5E-2
42621,-0.51749999999999996,5.0000000000000001E-3,-7.0000000000000007E-2
42620,-0.48,-2.75E-2,-0.11749999999999999
42619,-0.56000000000000005,4.7500000000000001E-2,-0.11749999999999999
42618,-0.56000000000000005,0.1,-9.7500000000000003E-2
42615,-0.56000000000000005,0.13,-1.2500000000000001E-2
42614,-0.54,0.17,2.5000000000000001E-3
42613,-0.56000000000000005,0.24,1.4999999999999999E-2
42612,-0.52500000000000002,0.13750000000000001,3.2500000000000001E-2
42611,-0.47,-1.2500000000000001E-2,-7.2499999999999995E-2
42608,-0.42499999999999999,-0.34749999999999998,-0.12
42607,-0.34499999999999997,-0.36,-0.22
42606,-0.27750000000000002,-0.58499999999999996,-0.33
42605,-0.22750000000000001,-0.96499999999999997,-0.78
42604,-0.2175,-1.0349999999999999,-0.65
42601,-0.21249999999999999,-1.8625,-1.2849999999999999
42600,-0.19750000000000001,-1.9924999999999999,-1.44
42599,-0.23250000000000001,-1.865,-1.5049999999999999
42598,-0.245,-1.8975,-1.5575000000000001
42597,-0.32500000000000001,-1.2050000000000001,-1.34
42594,-0.33,-1.2949999999999999,-1.365
42593,-0.32,-1.24,-1.38
42592,-0.35,-1.2975000000000001,-1.42
42591,-0.43,-1.18,-1.38
42590,-0.44,-1.29,-1.44
42587,-0.44500000000000001,-1.4575,-1.5349999999999999
42586,-0.46,-1.4650000000000001,-1.5249999999999999
42585,-0.42499999999999999,-1.6,-1.66
42584,-0.42,-1.5774999999999999,-1.6950000000000001
42583,-0.4375,-1.31,-1.47
42580,-0.43,-1.19,-1.2849999999999999
42579,-0.495,-0.625,-0.92
42578,-0.51500000000000001,-0.67,-1.165
42577,-0.56000000000000005,-0.875,-1.375
42576,-0.59,-0.85750000000000004,-1.34
42573,-0.64500000000000002,-0.98250000000000004,-1.4450000000000001
42572,-0.65749999999999997,-0.93500000000000005,-1.345
42571,-0.67,-0.91249999999999998,-1.325
42570,-0.65,-1.1125,-1.4325000000000001
42569,-0.65,-1.1599999999999999,-1.49
42566,-0.68500000000000005,-1.2,-1.51
42565,-0.57999999999999996,-1.1499999999999999,-1.4175
42564,-0.54500000000000004,-1.125,-1.395
42563,-0.61,-1.0249999999999999,-1.4750000000000001
42562,-0.67249999999999999,-1.4,-1.7224999999999999
42559,-0.83750000000000002,-2.06,-2.4824999999999999
42558,-0.90500000000000003,-1.9475,-2.4300000000000002
42557,-0.98750000000000004,-2.0024999999999999,-2.48
42556,-0.9375,-1.7250000000000001,-2.2225000000000001
42555,-0.97,-1.31,-1.9275
42552,-1.1599999999999999,-1.3325,-2.0125000000000002
42551,-1.1850000000000001,-1.5024999999999999,-2.3774999999999999
42550,-1.325,-2.0049999999999999,-2.77
42549,-1.5275000000000001,-2.14,-3.0175000000000001
42548,-2.2450000000000001,-2.93,-4.2649999999999997
42545,-2.1974999999999998,-2.9,-4.18
42544,-2.375,-2.2825000000000002,-4.0199999999999996
42543,-2.6575000000000002,-2.9375,-4.6050000000000004
42542,-2.57,-2.7,-4.165
42541,-2.4325000000000001,-2.6549999999999998,-4.3
42538,-2.9275000000000002,-2.7650000000000001,-4.5149999999999997
42537,-3,-2.97,-4.8250000000000002
42536,-2.9,-2.6575000000000002,-4.9000000000000004
42535,-3.3424999999999998,-2.7225000000000001,-4.9950000000000001
42534,-2.9550000000000001,-2.3650000000000002,-4.21
42531,-2.4375,-1.9950000000000001,-3.4249999999999998
42530,-1.6325000000000001,-1.6425000000000001,-2.7749999999999999
42529,-1.3075000000000001,-1.2050000000000001,-2.4024999999999999
42528,-1.19,-1.145,-2.4424999999999999
42527,-1.1225000000000001,-1.1775,-2.4525000000000001
42524,-1.1025,-1.2150000000000001,-2.4049999999999998
42523,-1.2575000000000001,-1.0249999999999999,-2.3275000000000001
42522,-1.27,-0.97250000000000003,-2.0575000000000001
42521,-1.2324999999999999,-0.70499999999999996,-1.6775
42520,-1.0425,-0.68,-1.59
42517,-1.0674999999999999,-0.72,-1.605
42516,-1.075,-0.71,-1.6174999999999999
42515,-0.57250000000000001,-0.28499999999999998,-0.47
42514,-0.54749999999999999,-0.32500000000000001,-0.43
42513,-0.51749999999999996,-0.41499999999999998,-0.45
42510,-0.44,-0.33750000000000002,-0.45500000000000002
42509,-0.48499999999999999,-0.31,-0.39
42508,-0.44500000000000001,-0.33,-0.40500000000000003
42507,-0.28000000000000003,-0.52,-0.44500000000000001
42506,-0.38250000000000001,-0.80500000000000005,-0.88500000000000001
42503,-0.21,-1.0974999999999999,-0.95250000000000001
42502,-7.0000000000000007E-2,-1.0974999999999999,-0.87250000000000005
42501,2.5000000000000001E-3,-1.2475000000000001,-0.92
42500,7.4999999999999997E-3,-1.1525000000000001,-0.91249999999999998
42499,1.7500000000000002E-2,-1.2549999999999999,-1.0125
42496,2.2499999999999999E-2,-1.575,-1.2075
42495,0.1525,-1.7275,-1.2075
42494,0.20499999999999999,-1.94,-1.175
42493,0.255,-2.3875000000000002,-1.395
42492,0.11749999999999999,-2.0975000000000001,-1.375
42489,7.4999999999999997E-2,-2.0299999999999998,-1.3725000000000001
42488,1.4999999999999999E-2,-1.65,-1.25
42487,4.7500000000000001E-2,-0.87,-0.70499999999999996
42486,9.5000000000000001E-2,-0.79500000000000004,-0.64749999999999996
42485,9.7500000000000003E-2,-0.73250000000000004,-0.64500000000000002
42482,9.5000000000000001E-2,-0.54249999999999998,-0.66500000000000004
42481,0.13250000000000001,-0.66500000000000004,-0.82250000000000001
42480,0.17749999999999999,-0.96,-0.90500000000000003
42479,0.1825,-1.2975000000000001,-1.1000000000000001
42478,6.7500000000000004E-2,-1.3925000000000001,-1.1825000000000001
42475,0.06,-1.115,-1.075
42474,0.12,-1.1425000000000001,-1.0349999999999999
42473,0.19,-1.1850000000000001,-1.0549999999999999
42472,0.215,-1.5449999999999999,-1.2649999999999999
42471,0.1875,-1.6125,-1.35
42468,-0.01,-1.35,-1.26
42467,0.13500000000000001,-1.4575,-1.3225
42466,0.10249999999999999,-1.32,-1.2450000000000001
42465,0.16250000000000001,-1.3225,-1.28
42464,0.2,-0.71499999999999997,-0.75749999999999995
42461,0.20499999999999999,-0.64749999999999996,-0.76249999999999996
42460,0.17,-0.70499999999999996,-0.79749999999999999
42459,-1.2500000000000001E-2,-1.0225,-1.325
42458,-0.13750000000000001,-0.84,-1.3425
42457,-0.1525,-0.86,-1.36
42454,-0.1825,-0.90249999999999997,-1.36
42453,-0.19750000000000001,-0.91749999999999998,-1.36
42452,-4.7500000000000001E-2,-1.0475000000000001,-1.37
42451,-1.7500000000000002E-2,-1.3374999999999999,-1.3925000000000001
42450,0.22,-1.49,-1.395
42447,0.23749999999999999,-1.58,-1.4225000000000001
42446,0.17499999999999999,-1.59,-1.46
42445,-0.14000000000000001,-1.63,-1.44
42444,-0.16,-1.7375,-1.49
42443,-0.13,-1.5249999999999999,-1.4850000000000001
42440,-9.7500000000000003E-2,-1.7549999999999999,-1.575
42439,6.5000000000000002E-2,-1.7625,-1.605
42438,-0.11749999999999999,-1.8474999999999999,-1.66
42437,-3.5000000000000003E-2,-1.84,-1.7150000000000001
42436,-3.7499999999999999E-2,-1.7375,-1.7224999999999999
42433,-2.75E-2,-1.73,-1.7375
42432,-0.04,-1.8,-1.7250000000000001
42431,-0.10249999999999999,-1.8925000000000001,-1.82
42430,-0.11,-1.9524999999999999,-1.895
42429,-1.2500000000000001E-2,-2.1349999999999998,-2.0175000000000001
42426,4.7500000000000001E-2,-2.1349999999999998,-2.02
42425,0.105,-2.0299999999999998,-2.2349999999999999
42424,8.7499999999999994E-2,-2.4175,-2.39
42423,8.2500000000000004E-2,-2.375,-2.3075000000000001
42422,6.5000000000000002E-2,-2.3149999999999999,-2.2250000000000001
42419,6.25E-2,-2.395,-2.1524999999999999
42418,5.2499999999999998E-2,-1.9924999999999999,-1.6375
42417,-0.03,-1.9875,-1.6950000000000001
42416,-2.5000000000000001E-2,-1.7150000000000001,-1.4624999999999999
42415,-2.2499999999999999E-2,-1.43,-1.52
42412,-1.7500000000000002E-2,-2.0525000000000002,-1.88
42411,-0.03,-2.4550000000000001,-2.145
42410,-0.16250000000000001,-2.56,-1.835
42409,0.26,-2.8050000000000002,-1.625
42408,0.21249999999999999,-2.4550000000000001,-1.1599999999999999
42405,0.4425,-1.69,-0.70499999999999996
42404,0.64,-1.6525000000000001,-0.69499999999999995
42403,0.57499999999999996,-1.7575000000000001,-0.64
42402,0.35,-1.2549999999999999,-0.61499999999999999
42401,0.21,-1.0900000000000001,-0.60499999999999998
42398,0.1525,-1.1074999999999999,-0.62
42397,0.28999999999999998,-1.4850000000000001,-0.74750000000000005
42396,0.23,-1.4850000000000001,-0.755
42395,0.215,-1.575,-0.77
42394,0.23,-1.29,-0.77500000000000002
42391,0.19,-1.44,-0.77500000000000002
42390,0.185,-1.79,-1.19
42389,0.33,-2.0274999999999999,-1.135
42388,0.24,-1.6074999999999999,-1.095
42387,0.24,-1.74,-1.1399999999999999
42384,0.27,-1.855,-1.24
42383,6.5000000000000002E-2,-1.55,-1.355
42382,-2.5000000000000001E-3,-1.3525,-1.325
42381,-0.05,-1.67,-1.4
42380,-0.105,-1.8474999999999999,-1.4350000000000001
42377,-0.13,-1.86,-1.3875
42376,-0.19750000000000001,-1.82,-1.51
42375,-0.33,-1.375,-1.46
42374,-0.38750000000000001,-1.25,-1.1775
42373,-0.38250000000000001,-1.3149999999999999,-0.90500000000000003
42370,-0.46750000000000003,-0.98250000000000004,-0.75749999999999995
42369,-0.45,-0.98,-0.745
42368,-0.44500000000000001,-1.0175000000000001,-0.73750000000000004
42367,-0.45,-1.0774999999999999,-0.71
42366,-0.45500000000000002,-1.0549999999999999,-0.6825
42363,-0.44500000000000001,-1.0249999999999999,-0.70750000000000002
42362,-0.44750000000000001,-1.0349999999999999,-0.70250000000000001
42361,-0.45500000000000002,-0.96,-0.70250000000000001
42360,-0.41,-0.97250000000000003,-0.65500000000000003
42359,-0.45,-0.97750000000000004,-0.67249999999999999
42356,-0.47,-1,-0.69499999999999995
42355,-0.42,-0.7,-0.59750000000000003
42354,-0.3175,-1.01,-0.61250000000000004
42353,-0.30499999999999999,-1.425,-0.60499999999999998
42352,-0.32500000000000001,-1.72,-0.63249999999999995
42349,-0.37,-1.6625000000000001,-0.66249999999999998
42348,-0.41,-1.4325000000000001,-0.6
42347,-0.42,-1.3425,-0.55249999999999999
42346,-0.47,-0.67,-0.42249999999999999
42345,-0.4975,-0.58250000000000002,-0.42749999999999999
42342,-0.41749999999999998,-0.60499999999999998,-0.39750000000000002
42341,-0.1825,-0.54749999999999999,-0.4425
42340,-0.26750000000000002,-0.51749999999999996,-0.47749999999999998
42339,-0.34499999999999997,-0.52749999999999997,-0.51
42338,-0.38250000000000001,-0.47,-0.4975
42335,-0.40250000000000002,-0.47,-0.65500000000000003
42334,-0.43,-0.46500000000000002,-0.69
42333,-0.45750000000000002,-0.435,-0.74750000000000005
42332,-0.45,-0.38500000000000001,-0.755
42331,-0.53,-0.2475,-0.83499999999999996
42328,-0.51500000000000001,-0.255,-0.77749999999999997
42327,-0.53500000000000003,-0.1275,-0.80249999999999999
42326,-0.57250000000000001,-0.09,-0.82
42325,-0.60499999999999998,-0.1825,-0.83750000000000002
42324,-0.55500000000000005,-0.35,-0.84750000000000003
42321,-0.48499999999999999,-0.255,-0.83
42320,-0.53500000000000003,-0.2,-0.82250000000000001
42319,-0.58499999999999996,-0.17249999999999999,-0.8
42318,-0.7,-0.04,-0.71499999999999997
42317,-0.67749999999999999,0.17749999999999999,-0.62749999999999995
42314,-0.745,0.40749999999999997,-0.70750000000000002
42313,-0.81499999999999995,0.42249999999999999,-0.74250000000000005
42312,-0.79500000000000004,0.38500000000000001,-0.8
42311,-0.60250000000000004,0.21,-0.64500000000000002
42310,-0.44,0.105,-0.53249999999999997
42307,-0.45,0.155,-0.51500000000000001
42306,-0.51,0.48749999999999999,-0.48749999999999999
42305,-0.69750000000000001,0.38,-0.4975
42304,-0.72750000000000004,0.2525,-0.47249999999999998
42303,-0.84750000000000003,0.27,-0.64249999999999996
42300,-1.135,0.23250000000000001,-0.755
42299,-0.89500000000000002,-0.04,-0.76249999999999996
42298,-0.62749999999999995,-0.26,-0.69499999999999995
42297,-0.59499999999999997,-0.43,-0.72750000000000004
42296,-0.51749999999999996,-0.47249999999999998,-0.78249999999999997
42293,-0.48249999999999998,-0.52749999999999997,-0.79249999999999998
42292,-0.45500000000000002,-0.65500000000000003,-0.75249999999999995
42291,-0.3725,-0.45500000000000002,-0.61250000000000004
42290,-0.38,-0.29499999999999998,-0.67749999999999999
42289,-0.32500000000000001,-0.33,-0.66749999999999998
42286,-0.3,-0.38,-0.70250000000000001
42285,-0.28249999999999997,-0.46250000000000002,-0.75249999999999995
42284,-0.30499999999999999,-0.4325,-0.75249999999999995
42283,-0.33750000000000002,-0.67,-0.89749999999999996
42282,-0.33,-0.82,-1.0275000000000001
42279,-0.34749999999999998,-1.0175000000000001,-1.2475000000000001
42278,-0.51,-1.0900000000000001,-1.33
42277,-0.50249999999999995,-1.1825000000000001,-1.425
42276,-0.4975,-1.365,-1.47
42275,-0.50249999999999995,-1.1675,-1.49
42272,-0.52,-1.1399999999999999,-1.4624999999999999
42271,-0.51500000000000001,-1.31,-1.4950000000000001
42270,-0.57750000000000001,-1.2050000000000001,-1.5
42269,-0.59250000000000003,-1.0825,-1.4650000000000001
42268,-0.46250000000000002,-1.1825000000000001,-1.32
42265,-0.35,-1.1924999999999999,-1.3125
42264,-0.375,-0.94750000000000001,-1.23
42263,-0.35249999999999998,-0.96250000000000002,-1.26
42262,-0.315,-1,-1.2875000000000001
42261,-0.30249999999999999,-1.125,-1.3149999999999999
42258,-0.30499999999999999,-1.29,-1.5549999999999999
42257,-0.3175,-1.375,-1.6074999999999999
42256,-0.33750000000000002,-1.2949999999999999,-1.5349999999999999
42255,-0.3125,-1.7,-1.69
42254,-0.33750000000000002,-1.86,-1.76
42251,-0.33750000000000002,-1.7625,-1.7450000000000001
42250,-0.38,-1.2324999999999999,-1.4275
42249,-0.35749999999999998,-1.3049999999999999,-1.3574999999999999
42248,-0.38250000000000001,-1.2124999999999999,-1.34
42247,-0.41499999999999998,-0.90249999999999997,-1.355
42244,-0.38500000000000001,-0.95750000000000002,-1.3174999999999999
42243,-0.32500000000000001,-0.92749999999999999,-1.375
42242,-0.19500000000000001,-1.2024999999999999,-1.34
42241,-8.7499999999999994E-2,-1.105,-1.22
42240,-0.14749999999999999,-1.52,-1.2150000000000001
42237,-0.45750000000000002,-0.91249999999999998,-1.0249999999999999
42236,-0.61499999999999999,-0.36,-0.82250000000000001
42235,-0.5625,-0.26250000000000001,-0.81
42234,-0.58250000000000002,-0.24,-0.79249999999999998
42233,-0.51,-0.18,-0.77500000000000002
42230,-0.5,-0.185,-0.76249999999999996
42229,-0.45750000000000002,-0.19,-0.73750000000000004
42228,-0.45250000000000001,-0.115,-0.76500000000000001
42227,-0.51749999999999996,9.2499999999999999E-2,-0.73
42226,-0.48749999999999999,9.5000000000000001E-2,-0.87749999999999995
42223,-0.505,0.11,-0.92500000000000004
42222,-0.54749999999999999,0.16500000000000001,-0.99250000000000005
42221,-0.57750000000000001,0.1225,-0.98
42220,-0.53500000000000003,0.04,-0.95499999999999996
42219,-0.3775,3.7499999999999999E-2,-0.96
42216,-0.35499999999999998,3.5000000000000003E-2,-0.99250000000000005
42215,-0.4,4.4999999999999998E-2,-1.01
42214,-0.38750000000000001,-0.14249999999999999,-1.03
42213,-0.3125,-0.17499999999999999,-0.99250000000000005
42212,-0.2475,-0.19500000000000001,-1.02
42209,-0.28000000000000003,-0.1075,-1.0625
42208,-0.32,-5.5E-2,-0.91249999999999998
42207,-0.30249999999999999,-0.1,-0.91
42206,-0.3075,-7.7499999999999999E-2,-0.98
42205,-0.5675,-7.7499999999999999E-2,-1.2575000000000001
42202,-0.70250000000000001,-4.4999999999999998E-2,-1.33
42201,-0.96250000000000002,-3.5000000000000003E-2,-1.4775
42200,-0.94,-2.5000000000000001E-2,-1.56
42199,-0.98750000000000004,-0.245,-1.595
42198,-1.085,-0.3775,-1.9650000000000001
42195,-1.1575,-0.76,-2.4350000000000001
42194,-1.33,-1.155,-2.7549999999999999
42193,-1.3225,-1.2475000000000001,-2.6150000000000002
42192,-1.4624999999999999,-0.67749999999999999,-2.3650000000000002
42191,-1.3825000000000001,-0.50249999999999995,-2.1850000000000001
42188,-1.3925000000000001,-0.46500000000000002,-2.2400000000000002
42187,-1.2975000000000001,-0.39,-1.9750000000000001
42186,-1.5974999999999999,-0.56499999999999995,-2.1475
42185,-1.8975,-0.61250000000000004,-2.2999999999999998
42184,-1.69,-0.48,-2.2524999999999999
42181,-1.2024999999999999,-8.7499999999999994E-2,-1.4924999999999999
42180,-1.1174999999999999,-8.7499999999999994E-2,-1.4624999999999999
42179,-1.105,-2.75E-2,-1.5275000000000001
42178,-1.4824999999999999,-0.13250000000000001,-1.7324999999999999
42177,-1.76,-0.23749999999999999,-2.1124999999999998
42174,-1.9650000000000001,-0.28249999999999997,-2.1924999999999999
42173,-1.2749999999999999,-0.20499999999999999,-1.71
42172,-1.26,-0.1875,-1.625
42171,-1.2625,-0.17749999999999999,-1.6475
42170,-1.2424999999999999,-0.155,-1.52
42167,-1.1100000000000001,-0.13500000000000001,-1.2175
42166,-1.03,-0.16250000000000001,-1.0525
42165,-1.0549999999999999,-0.255,-1.0375000000000001
42164,-1.0249999999999999,-3.2500000000000001E-2,-0.92249999999999999
42163,-1.0249999999999999,0.115,-0.84499999999999997
42160,-1.0575000000000001,0.14749999999999999,-0.8125
42159,-0.91249999999999998,0.14000000000000001,-0.78500000000000003
42158,-0.92,0.26250000000000001,-0.85
42157,-0.9325,0.32500000000000001,-0.95
42156,-1.0925,0.42,-1.0125
42153,-0.94,0.44500000000000001,-0.96
42152,-0.97499999999999998,0.54249999999999998,-0.96250000000000002
42151,-1.0974999999999999,0.66749999999999998,-1.0449999999999999
42150,-1.26,0.79500000000000004,-1.0475000000000001
42149,-1.2549999999999999,0.75249999999999995,-1
42146,-1.1599999999999999,0.72,-1.0125
42145,-1.165,0.7,-1.01
42144,-1.1850000000000001,0.79249999999999998,-1.0225
42143,-1.1924999999999999,0.66,-1.075
42142,-0.73250000000000004,0.45,-0.96
42139,-0.66749999999999998,0.38500000000000001,-1.07
42138,-0.62,0.3175,-1.125
42137,-0.86250000000000004,0.33,-1.2625
42136,-0.92,0.38750000000000001,-1.3049999999999999
42135,-0.95250000000000001,0.26750000000000002,-1.3274999999999999
42132,-0.9375,0.26250000000000001,-1.2975000000000001
42131,-0.9325,0.26250000000000001,-1.335
42130,-0.88,0.3125,-1.2350000000000001
42129,-1.0475000000000001,0.3075,-1.2250000000000001
42128,-0.9325,0.3075,-1.2350000000000001
42125,-0.84499999999999997,0.28000000000000003,-1.2350000000000001
42124,-0.87749999999999995,0.1,-1.39
42123,-0.85250000000000004,0.28999999999999998,-1.54
42122,-0.93500000000000005,0.2,-1.6625000000000001
42121,-1,0.105,-1.7825
42118,-0.95499999999999996,0.19,-1.8225
42117,-1.0649999999999999,0.185,-1.86
42116,-1.0900000000000001,2.75E-2,-1.9075
42115,-1.125,-0.125,-1.93
42114,-1.05,-0.20499999999999999,-1.885
42111,-1.0225,-0.185,-1.895
42110,-1.1074999999999999,-0.16500000000000001,-1.92
42109,-1.2875000000000001,-7.0000000000000007E-2,-1.9975000000000001
42108,-1.3075000000000001,-5.0000000000000001E-3,-1.885
42107,-1.3875,0.13,-1.87
42104,-1.3174999999999999,0.14499999999999999,-1.8125
42103,-1.2825,0.08,-1.6775
42102,-1.22,0.17,-1.7
42101,-1.325,0.23,-1.8075000000000001
42100,-1.2775000000000001,6.25E-2,-1.77
42097,-1.3225,3.7499999999999999E-2,-1.835
42096,-1.4175,4.2500000000000003E-2,-1.8875
42095,-1.5425,7.0000000000000007E-2,-1.905
42094,-1.65,0.08,-1.93
42093,-1.55,-5.5E-2,-1.9325000000000001
42090,-1.4924999999999999,-0.23,-1.9225000000000001
42089,-1.3025,-0.3,-1.7625
42088,-1.1850000000000001,-0.23,-1.75
42087,-1.125,-0.23749999999999999,-1.8975
42086,-1.2275,-0.27500000000000002,-2.0150000000000001
42083,-1.3025,-0.255,-2.0125000000000002
42082,-1.45,-9.2499999999999999E-2,-2.04
42081,-1.2875000000000001,-6.5000000000000002E-2,-2.0724999999999998
42080,-1.4950000000000001,3.5000000000000003E-2,-1.9924999999999999
42079,-1.4624999999999999,0.04,-1.98
42076,-1.5225,8.5000000000000006E-2,-2.0425
42075,-1.5024999999999999,9.2499999999999999E-2,-1.9325000000000001
42074,-1.585,0.1,-1.9850000000000001
42073,-1.2825,0.24249999999999999,-1.61
42072,-1.19,0.245,-1.4575
42069,-1.2925,0.34499999999999997,-1.6875
42068,-1.3025,0.23499999999999999,-1.6825000000000001
42067,-1.32,0.16500000000000001,-1.6675
42066,-1.2524999999999999,0.185,-1.5275000000000001
42065,-1.34,0.23,-1.6225000000000001
42062,-1.2524999999999999,7.0000000000000007E-2,-1.5725
42061,-1.2324999999999999,-0.09,-1.6375
42060,-1.0125,-0.14249999999999999,-1.7875000000000001
42059,-1.5,-0.15,-2.04
42058,-1.93,-0.3,-2.3450000000000002
42055,-2.1274999999999999,-0.47499999999999998,-2.6349999999999998
42054,-1.7849999999999999,-0.21249999999999999,-2.12
42053,-1.79,-0.23,-2
42052,-1.655,-0.33,-2.0299999999999998
42051,-1.605,-0.34499999999999997,-1.9524999999999999
42048,-1.655,-0.33500000000000002,-1.98
42047,-1.7250000000000001,-0.1825,-2.09
42046,-1.78,0.10249999999999999,-2.1825000000000001
42045,-1.7524999999999999,-0.20749999999999999,-2.1775000000000002
42044,-1.7024999999999999,-0.30249999999999999,-2.1549999999999998
42041,-1.5049999999999999,-0.375,-2.1825000000000001
42040,-1.4975000000000001,-0.71250000000000002,-2.2974999999999999
42039,-1.1599999999999999,-0.64500000000000002,-2.0750000000000002
42038,-1.1675,-0.74250000000000005,-2.13
42037,-1.27,-0.76500000000000001,-2.2225000000000001
42034,-1.3049999999999999,-0.6825,-2.19
42033,-1.3025,-0.65249999999999997,-1.89
42032,-1.32,-0.60250000000000004,-1.88
42031,-1.42,-0.58750000000000002,-1.9025000000000001
42030,-1.6274999999999999,-0.56499999999999995,-1.915
42027,-1.575,-0.51,-1.98
42026,-1.5549999999999999,-0.53,-1.96
42025,-1.67,-0.54249999999999998,-2.085
42024,-1.675,-0.50249999999999995,-2.29
42023,-1.8,-0.95750000000000002,-2.48
42020,-2.2625000000000002,-1.0649999999999999,-2.44
42019,-1.21,-0.91500000000000004,-1.675
42018,-0.82250000000000001,-0.72750000000000004,-1.25
42017,-0.75249999999999995,-0.53249999999999997,-1.0549999999999999
42016,-0.73750000000000004,-0.42,-0.99250000000000005
42013,-0.75249999999999995,-0.36,-1.0149999999999999
42012,-0.83750000000000002,-0.32750000000000001,-1.05
42011,-0.77749999999999997,-0.35499999999999998,-1.0449999999999999
42010,-0.77,-0.35,-0.84750000000000003
42009,-0.79500000000000004,-2.75E-2,-0.77
42006,-0.90500000000000003,2.5000000000000001E-3,-0.7
42005,-0.94,-3.2500000000000001E-2,-0.69
42004,-0.92749999999999999,-0.01,-0.70250000000000001
42003,-0.9375,-2.2499999999999999E-2,-0.70750000000000002
42002,-0.88,0.09,-0.72
41999,-0.89249999999999996,1.2500000000000001E-2,-0.72499999999999998
41998,-0.88500000000000001,-2.75E-2,-0.7
41997,-0.89249999999999996,1.2500000000000001E-2,-0.71750000000000003
41996,-0.88749999999999996,-2.5000000000000001E-2,-0.75249999999999995
41995,-0.86750000000000005,-0.105,-0.76249999999999996
41992,-0.84750000000000003,-0.14499999999999999,-0.74250000000000005
41991,-1.0475000000000001,-0.17249999999999999,-0.75749999999999995
41990,-0.89500000000000002,-0.39,-0.79500000000000004
41989,-0.81,-0.51500000000000001,-0.81
41988,-0.79749999999999999,-0.255,-0.72
41985,-0.79749999999999999,-0.20250000000000001,-0.74750000000000005
41984,-0.77249999999999996,-0.27,-0.75249999999999995
41983,-0.75749999999999995,-0.255,-0.75749999999999995
41982,-0.75,-8.2500000000000004E-2,-0.69499999999999995
41981,-0.91249999999999998,0.4375,-0.435
41978,-0.9325,0.5675,-0.4425
41977,-0.99750000000000005,0.60750000000000004,-0.48
41976,-1.0974999999999999,0.56499999999999995,-0.46500000000000002
41975,-1.0249999999999999,0.27750000000000002,-0.49
41974,-0.94750000000000001,0.25,-0.46250000000000002
41971,-0.9325,0.17249999999999999,-0.44500000000000001
41970,-0.92500000000000004,0.17249999999999999,-0.42249999999999999
41969,-0.88,0.17249999999999999,-0.35249999999999998
41968,-0.88749999999999996,0.24,-0.34499999999999997
41967,-0.90249999999999997,0.29749999999999999,-0.38750000000000001
41964,-0.87250000000000005,0.2225,-0.34
41963,-0.74250000000000005,0.3725,-0.20499999999999999
41962,-0.64249999999999996,0.16750000000000001,-0.35
41961,-0.63249999999999995,4.2500000000000003E-2,-0.41
41960,-0.62,-1.2500000000000001E-2,-0.41499999999999998
41957,-0.64,0.08,-0.38750000000000001
41956,-0.63500000000000001,-7.2499999999999995E-2,-0.41499999999999998
41955,-0.64749999999999996,-0.16750000000000001,-0.4
41954,-0.69,-0.01,-0.38750000000000001
41953,-0.71250000000000002,-0.18,-0.45750000000000002
41950,-0.76249999999999996,6.5000000000000002E-2,-0.46
41949,-0.91249999999999998,0.2525,-0.40250000000000002
41948,-0.84750000000000003,0.42499999999999999,-0.24249999999999999
41947,-0.80249999999999999,0.38250000000000001,-0.24249999999999999
41946,-0.8125,0.51249999999999996,-0.2475
41943,-0.74750000000000005,0.3075,-0.30249999999999999
41942,-0.59499999999999997,-0.27750000000000002,-0.72499999999999998
41941,-0.435,-0.36249999999999999,-0.72250000000000003
41940,-0.45250000000000001,-0.41,-0.8175
41939,-0.50249999999999995,-0.4425,-0.92249999999999999
41936,-0.51,-0.42749999999999999,-0.91
41935,-0.51749999999999996,-0.46500000000000002,-1.0125
41934,-0.51749999999999996,-0.61250000000000004,-1.1074999999999999
41933,-0.51249999999999996,-0.73750000000000004,-1.1274999999999999
41932,-0.49,-0.74750000000000005,-1.1399999999999999
41929,-0.49249999999999999,-0.78749999999999998,-1.2849999999999999
41928,-0.46750000000000003,-1.0275000000000001,-1.2450000000000001
41927,-0.45250000000000001,-0.90749999999999997,-0.96250000000000002
41926,-0.60250000000000004,-0.74250000000000005,-0.96250000000000002
41925,-0.60499999999999998,-0.72499999999999998,-0.94750000000000001
41922,-0.63749999999999996,-0.66749999999999998,-0.92249999999999999
41921,-0.55249999999999999,-0.6875,-0.88500000000000001
41920,-0.5575,-0.66500000000000004,-0.91
41919,-0.65500000000000003,-0.68500000000000005,-0.99
41918,-0.66,-0.53,-0.96
41915,-0.63249999999999995,-0.4975,-1.02
41914,-0.4975,-0.62250000000000005,-1
41913,-0.57999999999999996,-0.47749999999999998,-0.98499999999999999
41912,-0.55000000000000004,-0.41749999999999998,-0.95499999999999996
41911,-0.55500000000000005,-0.44750000000000001,-0.97499999999999998
41908,-0.55500000000000005,-0.43,-0.91
41907,-0.56000000000000005,-0.42499999999999999,-0.68500000000000005
41906,-0.4375,-0.42,-0.61250000000000004
41905,-0.43,-0.38750000000000001,-0.63500000000000001
41904,-0.44500000000000001,-0.36249999999999999,-0.50749999999999995
41901,-0.44500000000000001,-0.23749999999999999,-0.4975
41900,-0.48249999999999998,-8.5000000000000006E-2,-0.48249999999999998
41899,-0.495,-0.1525,-0.59
41898,-0.57499999999999996,-0.14249999999999999,-0.62
41897,-0.58250000000000002,-0.11,-0.63
41894,-0.61,-0.08,-0.63749999999999996
41893,-0.64249999999999996,-7.7499999999999999E-2,-0.66249999999999998
41892,-0.65749999999999997,-4.2500000000000003E-2,-0.70250000000000001
41891,-0.66500000000000004,-0.1125,-0.6875
41890,-0.5575,-0.21249999999999999,-0.70750000000000002
41887,-0.62250000000000005,-0.2525,-0.69
41886,-0.57499999999999996,-0.28999999999999998,-0.67249999999999999
41885,-0.48,-0.16250000000000001,-0.61
41884,-0.51749999999999996,-0.17249999999999999,-0.68500000000000005
41883,-0.46250000000000002,-0.2175,-0.69
41880,-0.42749999999999999,-0.27500000000000002,-0.67500000000000004
41879,-0.39500000000000002,-0.23749999999999999,-0.65
41878,-0.40250000000000002,-0.18,-0.65500000000000003
41877,-0.34250000000000003,-0.16750000000000001,-0.64500000000000002
41876,-0.32,-0.16500000000000001,-0.65
41873,-0.29249999999999998,-0.16750000000000001,-0.63500000000000001
41872,-0.26750000000000002,-0.125,-0.65500000000000003
41871,-0.30499999999999999,-7.2499999999999995E-2,-0.59499999999999997
41870,-0.33750000000000002,-0.19750000000000001,-0.74
41869,-0.33750000000000002,-0.17249999999999999,-0.73499999999999999
41866,-0.33750000000000002,-0.13750000000000001,-0.72250000000000003
41865,-0.35749999999999998,-6.25E-2,-0.71250000000000002
41864,-0.3775,-2.5000000000000001E-2,-0.81
41863,-0.38250000000000001,-0.1275,-0.77
41862,-0.38750000000000001,-0.18,-0.76
41859,-0.41249999999999998,-0.435,-0.88
41858,-0.41,-4.4999999999999998E-2,-0.70250000000000001
41857,-0.41749999999999998,-0.04,-0.71499999999999997
41856,-0.435,4.4999999999999998E-2,-0.71499999999999997
41855,-0.4375,0.03,-0.73750000000000004
41852,-0.47749999999999998,0.11,-0.78500000000000003
41851,-0.50749999999999995,0.1575,-0.8
41850,-0.53249999999999997,0.11749999999999999,-0.82
41849,-0.53500000000000003,-0.1125,-0.88500000000000001
41848,-0.53749999999999998,-0.20250000000000001,-0.91500000000000004
41845,-0.55000000000000004,-0.28499999999999998,-0.97499999999999998
41844,-0.58750000000000002,-0.40500000000000003,-1.02
41843,-0.62749999999999995,-0.4975,-1.0449999999999999
41842,-0.6925,-0.49,-1.0149999999999999
41841,-0.62,-0.53,-0.97250000000000003
41838,-0.63249999999999995,-0.48499999999999999,-0.98499999999999999
41837,-0.61750000000000005,-0.41499999999999998,-0.86
41836,-0.63749999999999996,-0.27500000000000002,-0.80500000000000005
41835,-0.52249999999999996,-0.28499999999999998,-0.78
41834,-0.47749999999999998,-0.33250000000000002,-0.80249999999999999
41831,-0.47,-0.35,-0.82499999999999996
41830,-0.45,-0.3125,-0.70250000000000001
41829,-0.40749999999999997,-0.17749999999999999,-0.59499999999999997
41828,-0.40500000000000003,-0.155,-0.59250000000000003
41827,-0.40500000000000003,-0.11,-0.6
41824,-0.39750000000000002,-0.105,-0.61499999999999999
41823,-0.39500000000000002,-0.14000000000000001,-0.64749999999999996
41822,-0.40749999999999997,-0.23499999999999999,-0.64
41821,-0.40250000000000002,-0.25,-0.65
41820,-0.4,-0.26,-0.66
41817,-0.4325,-0.25,-0.65500000000000003
41816,-0.4325,-5.0000000000000001E-3,-0.46500000000000002
41815,-0.3775,0.02,-0.505
41814,-0.37,5.0000000000000001E-3,-0.53
41813,-0.3725,-0.01,-0.54
41810,-0.35749999999999998,-5.0000000000000001E-3,-0.59499999999999997
41809,-0.36249999999999999,-0.02,-0.62
41808,-0.39250000000000002,-0.02,-0.66500000000000004
41807,-0.41249999999999998,-9.2499999999999999E-2,-0.68500000000000005
41806,-0.42749999999999999,-9.2499999999999999E-2,-0.69499999999999995
41803,-0.40500000000000003,-9.5000000000000001E-2,-0.745
41802,-0.43,-0.13,-0.71499999999999997
41801,-0.52249999999999996,-0.115,-0.72499999999999998
41800,-0.54,-0.16750000000000001,-0.69
41799,-0.54500000000000004,-0.155,-0.71499999999999997
41796,-0.53749999999999998,-0.20250000000000001,-0.75
41795,-0.62,-9.5000000000000001E-2,-0.78500000000000003
41794,-0.67249999999999999,-8.2500000000000004E-2,-0.77249999999999996
41793,-0.63249999999999995,-7.2499999999999995E-2,-0.86
41792,-0.62250000000000005,-0.2,-0.89
41789,-0.60750000000000004,-0.245,-0.98
41788,-0.64749999999999996,-0.27,-1.0149999999999999
41787,-0.64500000000000002,-0.2525,-1.0149999999999999
41786,-0.62749999999999995,-0.26500000000000001,-1.0249999999999999
41785,-0.62,-0.26750000000000002,-1.0275000000000001
41782,-0.64249999999999996,-0.29749999999999999,-1.05
41781,-0.59750000000000003,-0.39750000000000002,-1.05
41780,-0.59750000000000003,-0.66749999999999998,-1.1499999999999999
41779,-0.56999999999999995,-0.64500000000000002,-1.115
41778,-0.57750000000000001,-0.70499999999999996,-1.18
41775,-0.59250000000000003,-0.63249999999999995,-1.21
41774,-0.60250000000000004,-0.51749999999999996,-0.9325
41773,-0.53749999999999998,-0.35749999999999998,-0.83
41772,-0.56499999999999995,-0.34,-0.82499999999999996
41771,-0.54249999999999998,-0.34,-0.73499999999999999
41768,-0.54249999999999998,-0.33750000000000002,-0.755
41767,-0.41749999999999998,-0.35499999999999998,-0.77
41766,-0.38250000000000001,-0.34749999999999998,-0.77500000000000002
41765,-0.42749999999999999,-0.28000000000000003,-0.73
41764,-0.47499999999999998,-0.2475,-0.76
41761,-0.47749999999999998,-0.2,-0.74
41760,-0.45750000000000002,-0.19500000000000001,-0.74
41759,-0.48249999999999998,-0.21,-0.74
41758,-0.47499999999999998,-0.17499999999999999,-0.81499999999999995
41757,-0.495,-0.23499999999999999,-0.81499999999999995
41754,-0.51749999999999996,-0.2225,-0.72
41753,-0.52249999999999996,-0.20749999999999999,-0.73499999999999999
41752,-0.51749999999999996,-0.18,-0.81499999999999995
41751,-0.52249999999999996,-0.1825,-0.80500000000000005
41750,-0.51749999999999996,-0.21249999999999999,-0.83
41747,-0.52,-0.28999999999999998,-0.81499999999999995
41746,-0.51749999999999996,-0.32750000000000001,-0.84
41745,-0.52500000000000002,-0.38250000000000001,-0.83750000000000002
41744,-0.51249999999999996,-0.4375,-0.94750000000000001
41743,-0.47499999999999998,-0.49,-0.93
41740,-0.32500000000000001,-0.48249999999999998,-0.97
41739,-0.35749999999999998,-0.47249999999999998,-0.97250000000000003
41738,-0.38750000000000001,-0.47249999999999998,-0.98250000000000004
41737,-0.4325,-0.53,-0.97
41736,-0.46750000000000003,-0.44750000000000001,-0.98
41733,-0.50749999999999995,-0.34499999999999997,-0.96
41732,-0.58499999999999996,-0.32250000000000001,-0.96499999999999997
41731,-0.5575,-0.30249999999999999,-0.97750000000000004
41730,-0.5625,-0.3175,-1.0575000000000001
41729,-0.59,-0.33500000000000002,-1.1100000000000001
41726,-0.59499999999999997,-0.36499999999999999,-1.1475
41725,-0.60250000000000004,-0.47749999999999998,-1.2475000000000001
41724,-0.54,-0.46500000000000002,-1.2649999999999999
41723,-0.45500000000000002,-0.55249999999999999,-1.25
41722,-0.47499999999999998,-0.54249999999999998,-1.27
41719,-0.45500000000000002,-0.60750000000000004,-1.2849999999999999
41718,-0.53,-0.61250000000000004,-1.2849999999999999
41717,-0.49249999999999999,-0.68,-1.31
41716,-0.48,-0.77,-1.2649999999999999
41715,-0.48249999999999998,-0.73,-1.2649999999999999
41712,-0.51,-0.77,-1.2324999999999999
41711,-0.40250000000000002,-0.52500000000000002,-0.95499999999999996
41710,-0.43,-0.52,-0.97
41709,-0.45500000000000002,-0.45,-0.94
41708,-0.4425,-0.44,-0.91500000000000004
41705,-0.45750000000000002,-0.36,-0.91249999999999998
41704,-0.52500000000000002,-0.44500000000000001,-0.98499999999999999
41703,-0.63749999999999996,-0.56999999999999995,-1.135
41702,-0.63500000000000001,-0.745,-1.3425
41701,-0.64,-0.87,-1.33
41698,-0.55000000000000004,-0.72,-0.89500000000000002
41697,-0.59499999999999997,-0.75,-0.80500000000000005
41696,-0.53,-0.64,-0.81499999999999995
41695,-0.5,-0.71499999999999997,-0.81
41694,-0.51249999999999996,-0.81,-0.86
41691,-0.52,-0.78749999999999998,-0.92249999999999999
41690,-0.50749999999999995,-0.90749999999999997,-0.91500000000000004
41689,-0.45250000000000001,-0.87749999999999995,-0.94499999999999995
41688,-0.4375,-0.90500000000000003,-0.94750000000000001
41687,-0.45,-1.0649999999999999,-1.145
41684,-0.44500000000000001,-1.075,-1.1625000000000001
41683,-0.44500000000000001,-1.0549999999999999,-1.1475
41682,-0.49,-0.92249999999999999,-1.1499999999999999
41681,-0.50249999999999995,-1,-1.3
41680,-0.4975,-1.0475000000000001,-1.3875
41677,-0.53249999999999997,-1.1399999999999999,-1.385
41676,-0.55249999999999999,-1.2849999999999999,-1.4624999999999999
41675,-0.63249999999999995,-1.415,-1.4650000000000001
41674,-0.65,-1.5249999999999999,-1.405
41673,-0.71250000000000002,-1.5674999999999999,-1.4575
41670,-0.8125,-1.4375,-1.41
41669,-0.65749999999999997,-1.385,-1.2825
41668,-0.56000000000000005,-1.415,-1.2375
41667,-0.52500000000000002,-1.26,-1.18
41666,-0.52749999999999997,-1.35,-1.2350000000000001
41663,-0.52249999999999996,-1.31,-1.1599999999999999
41662,-0.53749999999999998,-0.89500000000000002,-0.995
41661,-0.58250000000000002,-0.75749999999999995,-0.86
41660,-0.61750000000000005,-0.74,-0.93500000000000005
41659,-0.64249999999999996,-0.73,-0.91749999999999998
41656,-0.56999999999999995,-0.67249999999999999,-0.94
41655,-0.55249999999999999,-0.65500000000000003,-0.91
41654,-0.51249999999999996,-0.64249999999999996,-0.91500000000000004
41653,-0.47749999999999998,-0.75249999999999995,-0.875
41652,-0.50749999999999995,-0.67500000000000004,-0.89
41649,-0.48749999999999999,-0.60750000000000004,-0.88500000000000001
41648,-0.52749999999999997,-0.52749999999999997,-0.87250000000000005
41647,-0.49,-0.53249999999999997,-0.90500000000000003
41646,-0.47749999999999998,-0.745,-0.88
41645,-0.505,-0.8,-0.88749999999999996
41642,-0.58250000000000002,-0.8125,-0.88
41641,-0.59499999999999997,-0.74250000000000005,-0.76500000000000001
41640,-0.40749999999999997,-0.84250000000000003,-0.60499999999999998
41639,-0.40749999999999997,-0.83750000000000002,-0.63
41638,-0.39250000000000002,-0.84,-0.60750000000000004
41635,-0.34,-0.74,-0.61750000000000005
41634,-0.48749999999999999,-0.54749999999999999,-0.61
41633,-0.48749999999999999,-0.53,-0.54749999999999999
41632,-0.49249999999999999,-0.51249999999999996,-0.5625
41631,-0.49249999999999999,-0.45500000000000002,-0.56499999999999995
41628,-0.50749999999999995,-0.46,-0.56999999999999995
41627,-0.45500000000000002,-0.40500000000000003,-0.61499999999999999
41626,-0.42499999999999999,-0.42249999999999999,-0.67
41625,-0.46250000000000002,-0.39500000000000002,-0.64
41624,-0.48749999999999999,-0.39,-0.71
41621,-0.45250000000000001,-0.3125,-0.75
41620,-0.48249999999999998,-0.5,-0.72
41619,-0.41749999999999998,-0.46,-0.71
41618,-0.48749999999999999,-0.44,-0.70499999999999996
41617,-0.55249999999999999,-0.44750000000000001,-0.71
41614,-0.54749999999999999,-0.43,-0.65
41613,-0.57750000000000001,-0.45500000000000002,-0.66
41612,-0.5675,-0.35499999999999998,-0.64500000000000002
41611,-0.58250000000000002,-0.33250000000000002,-0.56999999999999995
41610,-0.57750000000000001,-0.26750000000000002,-0.51500000000000001
41607,-0.57250000000000001,-0.1825,-0.52
41606,-0.5675,-0.14749999999999999,-0.51500000000000001
41605,-0.5675,-0.16500000000000001,-0.48499999999999999
41604,-0.57250000000000001,-9.5000000000000001E-2,-0.45
41603,-0.59250000000000003,0.23250000000000001,-0.40500000000000003
41600,-0.53249999999999997,0.3075,-0.32750000000000001
41599,-0.51500000000000001,0.3725,-0.41
41598,-0.44,0.23499999999999999,-0.42499999999999999
41597,-0.33250000000000002,0.29499999999999998,-0.41
41596,-0.33500000000000002,0.28749999999999998,-0.42
41593,-0.38,0.375,-0.41749999999999998
41592,-0.4,0.375,-0.41749999999999998
41591,-0.41749999999999998,0.33,-0.42249999999999999
41590,-0.4325,0.35499999999999998,-0.41249999999999998
41589,-0.44500000000000001,0.2175,-0.64500000000000002
41586,-0.51749999999999996,0.1875,-0.6875
41585,-0.56000000000000005,0.23250000000000001,-0.65749999999999997
41584,-0.58750000000000002,0.28749999999999998,-0.63749999999999996
41583,-0.64249999999999996,0.17749999999999999,-0.64500000000000002
41582,-0.63,0.09,-0.72
41579,-0.65,0.06,-0.68500000000000005
41578,-0.57250000000000001,-0.01,-0.43
41577,-0.26500000000000001,-0.10249999999999999,-0.51749999999999996
41576,-0.125,-0.16500000000000001,-0.4975
41575,0.02,-0.3075,-0.54249999999999998
41572,3.5000000000000003E-2,-0.41,-0.7
41571,5.7500000000000002E-2,-0.28999999999999998,-0.69
41570,3.2500000000000001E-2,-0.375,-0.63249999999999995
41569,-1.7500000000000002E-2,-0.21249999999999999,-0.36499999999999999
41568,-0.13,-0.27,-0.35249999999999998
41565,-8.5000000000000006E-2,-0.29749999999999999,-0.3775
41564,-0.16750000000000001,-0.29249999999999998,-0.48249999999999998
41563,-0.28249999999999997,-0.28000000000000003,-0.55500000000000005
41562,-0.26250000000000001,-0.3075,-0.65
41561,-0.26500000000000001,-0.3775,-0.6925
41558,-0.31,-0.45250000000000001,-0.70499999999999996
41557,-0.39750000000000002,-0.54749999999999999,-0.755
41556,-0.45750000000000002,-0.59499999999999997,-0.83250000000000002
41555,-0.37,-0.62,-0.86250000000000004
41554,-0.45750000000000002,-0.64,-0.83250000000000002
41551,-0.44,-0.52500000000000002,-0.84750000000000003
41550,-0.51,-0.45500000000000002,-0.84499999999999997
41549,-0.74250000000000005,-0.6,-0.96499999999999997
41548,-0.65249999999999997,-0.44,-0.93
41547,-0.82,-0.54,-0.9425
41544,-0.755,-0.26250000000000001,-0.67249999999999999
41543,-0.78500000000000003,-0.29499999999999998,-0.69750000000000001
41542,-0.75,-0.28000000000000003,-0.65500000000000003
41541,-0.78749999999999998,-0.26,-0.53500000000000003
41540,-0.79,-0.245,-0.42499999999999999
41537,-0.73250000000000004,-0.13250000000000001,-0.42249999999999999
41536,-0.63749999999999996,-0.33750000000000002,-0.61
41535,-0.86499999999999999,-0.71,-1.1000000000000001
41534,-0.91749999999999998,-0.80500000000000005,-1.07
41533,-0.90249999999999997,-0.86,-1.125
41530,-0.95,-0.78249999999999997,-1.1375
41529,-0.9425,-0.77749999999999997,-1.04
41528,-0.875,-0.69750000000000001,-0.98499999999999999
41527,-0.91749999999999998,-0.6875,-1.0525
41526,-0.92249999999999999,-0.66500000000000004,-1.095
41523,-1.0649999999999999,-0.73250000000000004,-1.0625
41522,-1.115,-0.4,-1.0549999999999999
41521,-1.1375,-0.3075,-1.0900000000000001
41520,-1.3,-0.28499999999999998,-1.095
41519,-1.3,-0.27500000000000002,-1.2075
41516,-1.28,-0.38250000000000001,-1.2375
41515,-1.2,-0.41749999999999998,-1.4624999999999999
41514,-1.145,-0.60499999999999998,-1.5049999999999999
41513,-1.085,-0.7,-1.35
41512,-1.0874999999999999,-0.3,-1.0349999999999999
41509,-1.085,-0.3075,-1.0225
41508,-1.105,-0.39750000000000002,-0.96750000000000003
41507,-1.0575000000000001,-0.54749999999999999,-0.94
41506,-1.0125,-0.56000000000000005,-0.89500000000000002
41505,-1.0449999999999999,-0.34499999999999997,-0.78749999999999998
41502,-0.97750000000000004,-0.33750000000000002,-0.81
41501,-1.01,-0.17749999999999999,-0.82
41500,-1.04,-5.7500000000000002E-2,-0.80500000000000005
41499,-1,-0.1,-0.87749999999999995
41498,-0.89500000000000002,-0.47249999999999998,-1.145
41495,-0.76500000000000001,-0.62749999999999995,-1.1100000000000001
41494,-0.76,-0.79749999999999999,-1.2375
41493,-0.76249999999999996,-0.6825,-1.1850000000000001
41492,-0.77,-0.505,-1.2725
41491,-0.79,-0.54500000000000004,-1.2575000000000001
41488,-0.78,-0.54249999999999998,-1.2775000000000001
41487,-0.9,-0.58499999999999996,-1.2849999999999999
41486,-0.84250000000000003,-0.86499999999999999,-1.2875000000000001
41485,-0.82499999999999996,-0.81,-1.2350000000000001
41484,-0.76,-1.0225,-1.2350000000000001
41481,-0.74,-0.90249999999999997,-1.2075
41480,-0.73750000000000004,-0.73750000000000004,-1.2450000000000001
41479,-0.63,-0.76,-1.2949999999999999
41478,-0.53749999999999998,-0.81499999999999995,-1.3725000000000001
41477,-0.54,-0.83750000000000002,-1.4550000000000001
41474,-0.55249999999999999,-0.9,-1.4350000000000001
41473,-0.5675,-0.92500000000000004,-1.64
41472,-0.58499999999999996,-1.2949999999999999,-1.825
41471,-0.64,-1.42,-1.8574999999999999
41470,-0.65500000000000003,-1.3574999999999999,-1.895
41467,-0.65,-1.7549999999999999,-2.0099999999999998
41466,-0.64500000000000002,-1.7649999999999999,-2.0299999999999998
41465,-0.71250000000000002,-1.4524999999999999,-2.02
41464,-0.81,-1.1200000000000001,-2.0125000000000002
41463,-0.92,-0.99750000000000005,-2.0575000000000001
41460,-1.1325000000000001,-0.9,-2.0649999999999999
41459,-1.2224999999999999,-0.9,-2.0499999999999998
41458,-1.24,-0.82,-1.9624999999999999
41457,-1.135,-0.57250000000000001,-1.7649999999999999
41456,-1.165,-0.79,-1.8149999999999999
41453,-1.21,-0.79249999999999998,-1.7749999999999999
41452,-1.22,-0.82,-1.7949999999999999
41451,-1.34,-0.72,-1.89
41450,-1.31,-0.7,-1.9724999999999999
41449,-1.34,-0.44500000000000001,-1.8
41446,-1.165,-0.36249999999999999,-1.7375
41445,-0.99,-7.0000000000000007E-2,-1.7250000000000001
41444,-0.77749999999999997,-0.38,-1.86
41443,-0.70499999999999996,-0.60499999999999998,-1.8075000000000001
41442,-0.73,-1.0449999999999999,-1.7925
41439,-0.73750000000000004,-1.1950000000000001,-1.9450000000000001
41438,-0.79500000000000004,-1.2625,-2.1850000000000001
41437,-0.74750000000000005,-0.51,-1.62
41436,-0.79500000000000004,-0.4,-1.635
41435,-0.78,-7.2499999999999995E-2,-1.54
41432,-0.78,-0.3775,-1.7575000000000001
41431,-0.82,-0.2,-1.2524999999999999
41430,-0.92749999999999999,5.2499999999999998E-2,-1.17
41429,-0.92,7.4999999999999997E-3,-1.2150000000000001
41428,-0.93500000000000005,-0.38250000000000001,-1.2625
41425,-0.92749999999999999,-0.35499999999999998,-1.2
41424,-0.76500000000000001,-0.32750000000000001,-1.0874999999999999
41423,-0.80249999999999999,-0.23,-1.085
41422,-0.8125,-0.16250000000000001,-1.0249999999999999
41421,-0.8075,-0.4,-1.05
41418,-0.83,-0.28499999999999998,-0.9
41417,-0.91749999999999998,1.2500000000000001E-2,-0.81
41416,-0.90500000000000003,0.40250000000000002,-0.47249999999999998
41415,-0.875,0.34749999999999998,-0.47749999999999998
41414,-0.88,0.4425,-0.47249999999999998
41411,-0.91500000000000004,0.625,-0.47
41410,-0.84499999999999997,0.53,-0.44
41409,-1.0225,0.57250000000000001,-0.44
41408,-0.95,0.5575,-0.52249999999999996
41407,-1.0149999999999999,0.62250000000000005,-0.54249999999999998
41404,-1.06,0.74,-0.54249999999999998
41403,-0.89249999999999996,0.92500000000000004,-0.63500000000000001
41402,-0.88500000000000001,0.59499999999999997,-0.66249999999999998
41401,-0.88500000000000001,0.56000000000000005,-0.67500000000000004
41400,-0.89,0.63249999999999995,-0.67
41397,-0.90749999999999997,0.62250000000000005,-0.71750000000000003
41396,-0.98499999999999999,0.375,-0.64500000000000002
41395,-0.88249999999999995,0.25750000000000001,-0.60750000000000004
41394,-0.8,0.23499999999999999,-0.62
41393,-0.85,0.2175,-0.61499999999999999
41390,-0.90500000000000003,0.27500000000000002,-0.63249999999999995
41389,-0.89249999999999996,0.47,-0.53
41388,-0.9425,0.72,-0.51749999999999996
41387,-0.96750000000000003,0.73,-0.51249999999999996
41386,-0.98250000000000004,0.75249999999999995,-0.44750000000000001
41383,-0.85499999999999998,0.89,-0.47499999999999998
41382,-0.86250000000000004,0.73,-0.46250000000000002
41381,-0.83750000000000002,0.72499999999999998,-0.42249999999999999
41380,-0.78500000000000003,0.49,-0.42499999999999999
41379,-0.73750000000000004,0.505,-0.26500000000000001
41376,-0.73250000000000004,0.67,-0.08
41375,-0.74750000000000005,0.71,-0.13
41374,-0.76249999999999996,0.69,-0.29499999999999998
41373,-0.72,0.45500000000000002,-0.38250000000000001
41372,-0.755,0.6,-0.435
41369,-0.875,0.3175,-0.92500000000000004
41368,-0.95499999999999996,0.14000000000000001,-1.2150000000000001
41367,-1.05,6.25E-2,-1.7675000000000001
41366,-1.1325000000000001,-0.23,-2.0225
41365,-1.27,-0.32,-2.0699999999999998
41362,-1.2649999999999999,-0.32500000000000001,-1.9225000000000001
41361,-1.2450000000000001,-0.3125,-1.905
41360,-1.3149999999999999,-0.29499999999999998,-1.7775000000000001
41359,-1.2925,-0.35249999999999998,-1.7424999999999999
41358,-1.2324999999999999,-0.32500000000000001,-1.78
41355,-1.36,-0.4,-1.7450000000000001
41354,-1.21,-0.28999999999999998,-1.7275
41353,-1.1875,-0.29749999999999999,-1.8674999999999999
41352,-1.2775000000000001,-0.435,-1.7424999999999999
41351,-1.1200000000000001,-0.62749999999999995,-1.7275
41348,-0.96250000000000002,-0.35,-1.1850000000000001
41347,-1.02,-0.315,-1.2275
41346,-1.0475000000000001,-0.22750000000000001,-1.0475000000000001
41345,-1,-7.7499999999999999E-2,-0.98750000000000004
41344,-1.0575000000000001,0.16500000000000001,-0.89
41341,-1.0425,0.39250000000000002,-0.87250000000000005
41340,-1.0874999999999999,0.45250000000000001,-1.0149999999999999
41339,-1.1000000000000001,8.2500000000000004E-2,-1.2450000000000001
41338,-1.1399999999999999,0.06,-1.2825
41337,-1.2625,7.0000000000000007E-2,-1.3474999999999999
41334,-1.28,0.12,-1.335
41333,-1.28,5.2499999999999998E-2,-1.5625
41332,-1.3149999999999999,-7.4999999999999997E-3,-1.3975
41331,-1.5475000000000001,-7.4999999999999997E-2,-1.2050000000000001
41330,-0.86499999999999999,1.7500000000000002E-2,-0.93500000000000005
41327,-0.77249999999999996,0.16500000000000001,-0.91
41326,-0.77500000000000002,-0.02,-0.73499999999999999
41325,-0.62250000000000005,0.1525,-0.44
41324,-0.61750000000000005,0.28749999999999998,-0.44500000000000001
41323,-0.58250000000000002,0.45,-0.42249999999999999
41320,-0.52249999999999996,0.3,-0.47
41319,-0.48749999999999999,0.51749999999999996,-0.33500000000000002
41318,-0.34749999999999998,0.58750000000000002,-9.5000000000000001E-2
41317,-0.38750000000000001,0.62749999999999995,0.19750000000000001
41316,-0.39500000000000002,0.68,-6.25E-2
41313,-0.38250000000000001,0.65,-0.25
41312,-0.36749999999999999,0.88,0.33
41311,-0.3725,1.0375000000000001,0.34250000000000003
41310,-0.35499999999999998,0.92,0.255
41309,-0.20250000000000001,0.89,0.35749999999999998
41306,8.5000000000000006E-2,0.92500000000000004,0.4425
41305,3.2500000000000001E-2,0.78,0.23499999999999999
41304,8.2500000000000004E-2,0.73499999999999999,0.23250000000000001
41303,0.06,0.72499999999999998,0.20749999999999999
41302,3.5000000000000003E-2,0.76749999999999996,0.27
41299,8.5000000000000006E-2,0.85,0.32250000000000001
41298,-6.5000000000000002E-2,0.80500000000000005,-0.1075
41297,-0.19,0.42,-7.7499999999999999E-2
41296,-0.215,0.52749999999999997,6.7500000000000004E-2
41295,-0.2525,0.75749999999999995,5.7500000000000002E-2
41292,-0.24249999999999999,0.875,0.2
41291,-0.27,0.83250000000000002,6.7500000000000004E-2
41290,-0.255,0.56999999999999995,-0.1
41289,-0.17249999999999999,0.75749999999999995,0.20499999999999999
41288,-0.155,0.9,0.27500000000000002
41285,-0.1275,0.95,-5.5E-2
41284,-0.24,0.88249999999999995,-0.26
41283,-0.3075,0.63249999999999995,-0.30249999999999999
41282,-0.29499999999999998,0.57999999999999996,-0.25750000000000001
41281,-0.35,0.58250000000000002,-0.215
41278,-0.41499999999999998,0.61499999999999999,-0.13250000000000001
41277,-0.32500000000000001,0.57750000000000001,-0.11
41276,-0.26500000000000001,0.59250000000000003,-3.5000000000000003E-2
41275,-0.29249999999999998,0.61750000000000005,-4.2500000000000003E-2
41274,-0.30249999999999999,0.625,-3.7499999999999999E-2
41271,-0.29749999999999999,0.64500000000000002,-1.4999999999999999E-2
41270,-0.2175,0.63500000000000001,-4.4999999999999998E-2
41269,-0.25750000000000001,0.67,-5.5E-2
41268,-0.25750000000000001,0.5625,-5.2499999999999998E-2
41267,-0.24249999999999999,0.495,-4.4999999999999998E-2
41264,-0.23749999999999999,0.51749999999999996,-0.05
41263,-0.20749999999999999,0.58499999999999996,1.4999999999999999E-2
41262,-0.22750000000000001,0.6,6.25E-2
41261,-0.22500000000000001,0.61,0.1
41260,-0.19750000000000001,0.63500000000000001,0.1075
41257,-0.255,0.78749999999999998,0.1275
41256,-0.255,0.89500000000000002,0.11749999999999999
41255,-0.27500000000000002,0.78500000000000003,7.4999999999999997E-3
41254,-0.2475,0.66749999999999998,5.0000000000000001E-3
41253,-0.28749999999999998,0.6825,-5.7500000000000002E-2
41250,-0.23250000000000001,0.71750000000000003,-1.4999999999999999E-2
41249,-0.23,0.69750000000000001,-0.01
41248,-0.17249999999999999,0.68500000000000005,-0.105
41247,-7.0000000000000007E-2,0.60750000000000004,-1.2500000000000001E-2
41246,-0.08,0.8125,-0.01
41243,-0.2,0.8,-2.5000000000000001E-3
41242,-0.14000000000000001,0.71,2.75E-2
41241,-0.2175,0.74750000000000005,-2.5000000000000001E-3
41240,-0.21,0.73499999999999999,5.5E-2
41239,-0.17,0.81,0.14000000000000001
41236,-0.28000000000000003,0.83,0.1125
41235,-0.28499999999999998,1.0149999999999999,0.1
41234,-0.3725,1,-0.11749999999999999
41233,-0.34749999999999998,0.8125,-0.33500000000000002
41232,-0.33500000000000002,0.77500000000000002,-0.45
41229,-0.31,0.79500000000000004,-0.505
41228,-0.36499999999999999,0.93500000000000005,-0.61499999999999999
41227,-0.40749999999999997,0.71499999999999997,-0.64
41226,-0.52500000000000002,0.41499999999999998,-0.76249999999999996
41225,-0.5,0.4325,-0.61
41222,-0.51249999999999996,0.44,-0.63
41221,-0.52500000000000002,0.48499999999999999,-0.48
41220,-0.495,0.52249999999999996,-0.55249999999999999
41219,-0.44750000000000001,0.56499999999999995,-0.505
41218,-0.495,0.61750000000000005,-0.51500000000000001
41215,-0.39750000000000002,0.59499999999999997,-0.46
41214,-0.3725,0.5575,-0.46
41213,-0.34250000000000003,0.495,-0.44750000000000001
41212,-0.35,0.56999999999999995,-0.45
41211,-0.40749999999999997,0.61499999999999999,-0.4375
41208,-0.40250000000000002,0.62,-0.3125
41207,-0.34250000000000003,0.64249999999999996,-0.28499999999999998
41206,-0.39500000000000002,0.62250000000000005,-0.28499999999999998
41205,-0.26750000000000002,0.67749999999999999,-0.3175
41204,-0.28749999999999998,0.69499999999999995,-0.26750000000000002
41201,-0.3075,0.77,-4.7500000000000001E-2
41200,-0.27750000000000002,0.88500000000000001,-0.25
41199,-0.27,0.71,-0.39
41198,-0.39,0.72499999999999998,-0.44500000000000001
41197,-0.38750000000000001,0.78,-0.56499999999999995
41194,-0.4425,0.77500000000000002,-0.62
41193,-0.45750000000000002,0.60750000000000004,-0.63
41192,-0.48499999999999999,0.55000000000000004,-0.60250000000000004
41191,-0.50249999999999995,0.5575,-0.59
41190,-0.49,0.53500000000000003,-0.71750000000000003
41187,-0.40749999999999997,0.59750000000000003,-0.60499999999999998
41186,-0.44,0.61250000000000004,-0.64
41185,-0.4375,0.60250000000000004,-0.61750000000000005
41184,-0.41249999999999998,0.58750000000000002,-0.61499999999999999
41183,-0.46750000000000003,0.59,-0.67249999999999999
41180,-0.61250000000000004,0.57499999999999996,-0.63249999999999995
41179,-0.63249999999999995,0.56499999999999995,-0.63249999999999995
41178,-0.63249999999999995,0.5675,-0.63249999999999995
41177,-0.52,0.5,-0.59750000000000003
41176,-0.46,0.52500000000000002,-0.61
41173,-0.45500000000000002,0.47499999999999998,-0.59499999999999997
41172,-0.48,0.45,-0.65
41171,-0.34749999999999998,0.54,-0.44500000000000001
41170,-0.34,0.70499999999999996,-0.29749999999999999
41169,-0.20250000000000001,0.75249999999999995,-0.50749999999999995
41166,-0.13,0.74,-0.42749999999999999
41165,-0.45750000000000002,0.55000000000000004,-0.76
41164,-0.55500000000000005,0.43,-0.82250000000000001
41163,-0.6,0.31,-0.80249999999999999
41162,-0.59250000000000003,0.38,-0.8
41159,-0.60750000000000004,0.36249999999999999,-0.88749999999999996
41158,-0.8125,0.4325,-1.0900000000000001
41157,-0.875,0.375,-1.095
41156,-0.83250000000000002,0.34499999999999997,-1.0325
41155,-0.84250000000000003,0.32,-1.03
41152,-0.86750000000000005,0.38500000000000001,-1.0449999999999999
41151,-0.86,0.375,-0.97250000000000003
41150,-0.83750000000000002,0.32500000000000001,-1.2849999999999999
41149,-0.78749999999999998,0.39,-0.99250000000000005
41148,-0.745,0.38250000000000001,-1
41145,-0.72499999999999998,0.34,-0.89500000000000002
41144,-0.67249999999999999,0.34499999999999997,-0.98499999999999999
41143,-0.6875,0.39500000000000002,-0.98
41142,-0.72750000000000004,0.51,-1.375
41141,-0.84,0.61250000000000004,-0.95750000000000002
41138,-0.84,0.60499999999999998,-0.95499999999999996
41137,-0.88749999999999996,0.57499999999999996,-1.0125
41136,-0.88500000000000001,0.53500000000000003,-1.05
41135,-0.84750000000000003,0.46500000000000002,-1.0525
41134,-0.82,0.32500000000000001,-1.0449999999999999
41131,-0.875,0.375,-1.0449999999999999
41130,-0.8125,0.44500000000000001,-0.99750000000000005
41129,-0.8,0.45500000000000002,-0.97250000000000003
41128,-0.76749999999999996,0.42749999999999999,-1.0649999999999999
41127,-0.78749999999999998,0.34,-1.105
41124,-0.85250000000000004,0.32500000000000001,-1.2050000000000001
41123,-1.1725000000000001,0.33500000000000002,-1.19
41122,-1.1274999999999999,0.39500000000000002,-1.1425000000000001
41121,-1.125,0.33750000000000002,-1.3149999999999999
41120,-1.1074999999999999,0.32,-1.1975
41117,-0.87749999999999995,0.3,-1.35
41116,-0.84,0.27,-1.36
41115,-1.0425,0.245,-1.41
41114,-0.91500000000000004,0.11,-1.39
41113,-0.69499999999999995,0.185,-1.3925000000000001
41110,-0.4425,-0.05,-1.06
41109,-0.375,-0.01,-1.155
41108,-0.47249999999999998,-0.04,-1.26
41107,-0.80249999999999999,7.0000000000000007E-2,-1.49
41106,-0.86499999999999999,0.10249999999999999,-1.6775
41103,-0.92249999999999999,9.5000000000000001E-2,-1.75
41102,-0.91,9.5000000000000001E-2,-1.87
41101,-0.87250000000000005,7.4999999999999997E-2,-1.94
41100,-0.9375,0.09,-2.0175000000000001
41099,-0.98,0.105,-1.9975000000000001
41096,-1.0425,0.10249999999999999,-2
41095,-1.0049999999999999,0.1275,-2.0550000000000002
41094,-0.98750000000000004,0.15,-2.04
41093,-1.0475000000000001,0.10249999999999999,-2.1074999999999999
41092,-1.1074999999999999,0.1275,-2.085
41089,-1.0725,0.115,-2.11
41088,-1.3225,0.185,-2.2749999999999999
41087,-1.3374999999999999,0.13500000000000001,-2.3774999999999999
41086,-1.4675,0.16,-2.4024999999999999
41085,-1.385,0.28999999999999998,-2.3450000000000002
41082,-1.49,0.28499999999999998,-2.3475000000000001
41081,-1.405,0.29749999999999999,-2.39
41080,-1.4524999999999999,0.155,-2.4674999999999998
41079,-1.5225,8.5000000000000006E-2,-2.5924999999999998
41078,-1.6025,0.14749999999999999,-2.5225
41075,-1.7749999999999999,0.14000000000000001,-2.895
41074,-1.7649999999999999,0.17499999999999999,-2.9125000000000001
41073,-1.81,0.18,-2.8075000000000001
41072,-1.8049999999999999,0.14499999999999999,-2.8325
41071,-1.65,0.16500000000000001,-2.5750000000000002
41068,-1.7050000000000001,0.14499999999999999,-2.7574999999999998
41067,-1.5725,0.32,-2.7349999999999999
41066,-1.88,0.32,-2.9975000000000001
41065,-1.94,0.3,-3.2625000000000002
41064,-1.9375,0.22500000000000001,-3.335
41061,-2.0175000000000001,-2.75E-2,-3.4725000000000001
41060,-1.9975000000000001,-9.5000000000000001E-2,-3.3075000000000001
41059,-2.06,7.0000000000000007E-2,-3.1175000000000002
41058,-2.0074999999999998,0.23749999999999999,-2.86
41057,-2.0425,0.19,-2.8624999999999998
41054,-2.2250000000000001,0.2,-2.94
41053,-2.17,0.23,-3.0225
41052,-2.2000000000000002,0.27,-3.1324999999999998
41051,-1.8574999999999999,0.375,-2.6225000000000001
41050,-2.08,0.2,-2.92
41047,-2.3824999999999998,0.18,-2.9
41046,-2.1475,0.26250000000000001,-2.4925000000000002
41045,-2.14,0.42,-2.4624999999999999
41044,-1.9350000000000001,0.36499999999999999,-2.3275000000000001
41043,-1.9450000000000001,0.36,-2.355
41040,-1.7075,0.3,-2.2174999999999998
41039,-1.7350000000000001,0.32,-2.5099999999999998
41038,-1.9950000000000001,0.3125,-2.54
41037,-1.8174999999999999,0.36499999999999999,-2.2599999999999998
41036,-1.72,0.38,-1.97
41033,-1.4450000000000001,0.44500000000000001,-1.5075000000000001
41032,-1.34,0.36249999999999999,-1.865
41031,-1.405,0.26,-1.9225000000000001
41030,-1.34,0.13250000000000001,-1.575
41029,-1.28,0.17,-1.51
41026,-1.2549999999999999,0.32500000000000001,-1.67
41025,-1.21,0.39250000000000002,-1.61
41024,-1.2575000000000001,0.44500000000000001,-1.6475
41023,-1.33,0.25750000000000001,-2.0175000000000001
41022,-1.2849999999999999,0.1825,-1.825
41019,-1.29,0.35249999999999998,-1.5874999999999999
41018,-1.3474999999999999,0.33250000000000002,-1.635
41017,-1.345,0.28999999999999998,-1.6850000000000001
41016,-1.4350000000000001,0.125,-1.665
41015,-1.5475000000000001,7.0000000000000007E-2,-1.53
41012,-1.4,0.15,-1.5649999999999999
41011,-1.3574999999999999,6.25E-2,-1.635
41010,-1.4075,-9.5000000000000001E-2,-1.675
41009,-1.3525,-0.18,-1.655
41008,-1.3274999999999999,-0.11749999999999999,-1.7549999999999999
41005,-1.3,-0.105,-1.7324999999999999
41004,-1.3,-6.5000000000000002E-2,-1.6875
41003,-1.3049999999999999,-0.05,-1.4724999999999999
41002,-1.0075000000000001,-0.11749999999999999,-1.4924999999999999
41001,-0.91749999999999998,-0.09,-1.4624999999999999
40998,-0.81499999999999995,-0.115,-1.4675
40997,-0.78749999999999998,-0.25,-1.4125000000000001
40996,-0.77,-0.11,-1.1950000000000001
40995,-0.82250000000000001,-5.7500000000000002E-2,-1.3
40994,-0.84250000000000003,-0.08,-1.4450000000000001
40991,-0.82499999999999996,-0.1525,-1.45
40990,-0.82750000000000001,-0.11,-1.27
40989,-0.75,6.5000000000000002E-2,-1.07
40988,-0.88749999999999996,7.0000000000000007E-2,-1.1000000000000001
40987,-0.86,0.14499999999999999,-1.3525
40984,-0.97,0.19,-1.4924999999999999
40983,-1.04,0.26250000000000001,-1.5
40982,-1.175,0.27,-1.585
40981,-1.2350000000000001,0.32,-1.6575
40980,-1.2925,0.34749999999999998,-1.7675000000000001
40977,-1.36,0.51500000000000001,-1.8374999999999999
40976,-1.4424999999999999,7.4999999999999997E-2,-1.9225000000000001
40975,-1.6375,0.02,-1.9824999999999999
40974,-1.7475000000000001,0.14000000000000001,-1.6475
40973,-1.7250000000000001,0.35499999999999998,-1.27
40970,-1.8174999999999999,0.42249999999999999,-1.2275
40969,-1.7250000000000001,0.36,-1.2124999999999999
40968,-1.5149999999999999,0.38250000000000001,-1.2324999999999999
40967,-1.3625,0.38,-1.31
40966,-1.2749999999999999,0.44,-1.155
40963,-1.2150000000000001,0.53,-1.0575000000000001
40962,-1.1825000000000001,0.51500000000000001,-1.1475
40961,-1.5549999999999999,0.59750000000000003,-1.2375
40960,-1.7375,0.59,-1.3975
40959,-1.9624999999999999,0.66249999999999998,-1.2524999999999999
40956,-2.0550000000000002,0.58750000000000002,-1.4225000000000001
40955,-2.19,0.56000000000000005,-1.37
40954,-2.12,0.53,-0.98499999999999999
40953,-1.9424999999999999,0.59,-1.0175000000000001
40952,-1.7450000000000001,0.53500000000000003,-1.0075000000000001
40949,-1.7649999999999999,0.56000000000000005,-1.0225
40948,-1.5549999999999999,0.48749999999999999,-0.92249999999999999
40947,-1.6475,0.47,-1.0175000000000001
40946,-1.6775,0.45,-1.2224999999999999
40945,-1.7549999999999999,0.38250000000000001,-1.2549999999999999
40942,-1.5449999999999999,0.3,-1.27
40941,-1.395,0.2225,-1.27
40940,-1.3174999999999999,0.26,-1.2524999999999999
40939,-1.28,0.20499999999999999,-0.97499999999999998
40938,-1.2675000000000001,0.3,-0.88500000000000001
40935,-1.0225,0.3125,-0.75
40934,-1.0575000000000001,0.58499999999999996,-0.71499999999999997
40933,-1.04,0.77,-0.76
40932,-0.9425,0.74,-1.1599999999999999
40931,-0.91249999999999998,0.47749999999999998,-1.8225
40928,-0.9,0.28499999999999998,-1.1675
40927,-0.78500000000000003,0.38,-1.0649999999999999
40926,-0.85,0.26500000000000001,-1.19
40925,-0.79,0.38500000000000001,-1.2324999999999999
40924,-0.875,0.3725,-1.21
40921,-0.83499999999999996,0.375,-0.91
40920,-0.745,0.32,-0.94499999999999995
40919,-0.77249999999999996,0.3,-0.97250000000000003
40918,-0.70499999999999996,0.31,-1.0449999999999999
40917,-1.0549999999999999,0.17,-1.5275000000000001
40914,-1.3049999999999999,0.17499999999999999,-1.7224999999999999
40913,-1.365,0.15,-1.6975
40912,-1.2749999999999999,0.16750000000000001,-1.69
40911,-1.4025000000000001,0.1575,-1.6850000000000001
40910,-1.5525,0.24,-1.65
40907,-1.5575000000000001,0.22750000000000001,-1.7024999999999999
40906,-1.635,0.32250000000000001,-1.6475
40905,-1.6074999999999999,0.34,-1.6924999999999999
40904,-1.575,0.37,-1.6375
40903,-1.5674999999999999,0.34,-1.895
40900,-1.5625,0.37,-1.8425
40899,-1.58,0.16,-1.875
40898,-1.55,0.16750000000000001,-2.0175000000000001
40897,-1.6575,0.125,-2.0575000000000001
40896,-1.7825,0.13250000000000001,-2.5375000000000001
40893,-1.85,0.13500000000000001,-2.5074999999999998
40892,-2.42,0.155,-2.8725000000000001
40891,-2.6175000000000002,9.5000000000000001E-2,-2.8325
40890,-2.605,5.5E-2,-2.8849999999999998
40889,-2.67,3.5000000000000003E-2,-2.7974999999999999
40886,-2.61,6.5000000000000002E-2,-2.8675000000000002
40885,-2.4350000000000001,6.25E-2,-2.5024999999999999
40884,-2.1800000000000002,9.7500000000000003E-2,-2.42
40883,-2.1675,9.2499999999999999E-2,-2.5474999999999999
40882,-2.12,3.5000000000000003E-2,-2.5499999999999998
40879,-2.34,0.08,-2.6175000000000002
40878,-2.4500000000000002,5.0000000000000001E-3,-2.87
40877,-2.7549999999999999,0.1,-3.2149999999999999
40876,-2.8774999999999999,0.36749999999999999,-3.1924999999999999
40875,-3.0049999999999999,0.3,-3.51
40872,-3.1025,0.115,-4.1025
40871,-3.1949999999999998,-0.1225,-4.32
40870,-3.2450000000000001,-0.16250000000000001,-4.4725000000000001
40869,-3.27,-0.1225,-4.7024999999999997
40868,-3.3624999999999998,-0.66,-4.8025000000000002
40865,-3.3975,-0.20499999999999999,-4.9524999999999997
40864,-3.5775000000000001,-0.255,-5.3150000000000004
40863,-3.8574999999999999,-0.65500000000000003,-5.3
40862,-3.85,-0.60499999999999998,-5.0525000000000002
40861,-3.8,-0.215,-5.0324999999999998
40858,-3.7949999999999999,-0.64500000000000002,-5.0449999999999999
40857,-4.03,-0.32750000000000001,-5.0949999999999998
40856,-4.1924999999999999,-0.32750000000000001,-4.5125000000000002
40855,-3.68,-0.28249999999999997,-4.1775000000000002
40854,-3.7025000000000001,-0.255,-4.3274999999999997
40851,-3.625,-0.2,-4.4175000000000004
40850,-3.86,-0.33750000000000002,-4.29
40849,-3.7075,-0.315,-4.0724999999999998
40848,-3.6225000000000001,-0.23,-3.8824999999999998
40847,-3.1875,-0.18,-3.1074999999999999
40844,-3.01,-0.54500000000000004,-3.4874999999999998
40843,-2.9824999999999999,-0.59499999999999997,-3.61
40842,-3.3025000000000002,-0.5625,-3.84
40841,-3.3424999999999998,-0.6,-3.9375
40840,-3.3149999999999999,-0.53,-4.0075000000000003
40837,-3.4175,-0.31,-3.7875000000000001
40836,-3.34,-0.16750000000000001,-3.7825000000000002
40835,-3.1150000000000002,-0.14499999999999999,-3.78
40834,-3.1274999999999999,-0.13250000000000001,-3.8250000000000002
40833,-2.8325,-3.2500000000000001E-2,-3.3574999999999999
40830,-2.6375000000000002,-3.5000000000000003E-2,-3.42
40829,-2.6675,-0.155,-3.4
40828,-2.63,-8.2500000000000004E-2,-3.8574999999999999
40827,-2.72,-0.41749999999999998,-3.8624999999999998
40826,-2.61,-0.41249999999999998,-3.8574999999999999
40823,-2.7925,-0.45750000000000002,-4.2725
40822,-2.9449999999999998,-0.47,-4.5625
40821,-3.0674999999999999,-0.495,-5.19
40820,-3.24,-0.56499999999999995,-5.89
40819,-3.2250000000000001,-0.55000000000000004,-5.7949999999999999
40816,-3.0950000000000002,-0.57499999999999996,-5.5049999999999999
40815,-2.9550000000000001,-0.56499999999999995,-5.5650000000000004
40814,-3.165,-0.54500000000000004,-5.7850000000000001
40813,-3.1425000000000001,-0.62,-5.7649999999999997
40812,-3.4775,-0.67,-6
40809,-3.4725000000000001,-0.67,-6.0650000000000004
40808,-3.7149999999999999,-0.63,-6.0075000000000003
40807,-3.125,-0.61499999999999999,-5.7975000000000003
40806,-3.0649999999999999,-0.77500000000000002,-6
40805,-2.9750000000000001,-0.69499999999999995,-6.165
40802,-2.6175000000000002,-0.64500000000000002,-5.6224999999999996
40801,-2.75,-0.73,-5.7474999999999996
40800,-3.1775000000000002,-0.66500000000000004,-5.8624999999999998
40799,-3.3675000000000002,-0.64,-5.8875000000000002
40798,-3.9024999999999999,-0.64500000000000002,-5.6150000000000002
40795,-3.75,-0.4,-5.2450000000000001
40794,-3.6,-0.39500000000000002,-4.7225000000000001
40793,-3.7324999999999999,-0.42,-4.8274999999999997
40792,-4.0250000000000004,-0.79500000000000004,-4.91
40791,-3.3824999999999998,-0.81,-4.8624999999999998
40788,-3.0274999999999999,-0.84499999999999997,-4.4850000000000003
40787,-2.8925000000000001,-0.88,-4.45
40786,-2.8774999999999999,-0.95499999999999996,-4.3899999999999997
40785,-2.9725000000000001,-0.9375,-4.4000000000000004
40784,-3.0525000000000002,-1.1100000000000001,-4.4424999999999999
40781,-3.1675,-1.125,-4.51
40780,-3.2374999999999998,-1.115,-4.4749999999999996
40779,-3.2050000000000001,-1.395,-4.4924999999999997
40778,-3.14,-1.4650000000000001,-4.4850000000000003
40777,-3.2324999999999999,-1.56,-4.5149999999999997
40774,-3.2174999999999998,-1.655,-4.5274999999999999
40773,-3.1875,-1.69,-4.2549999999999999
40772,-3.0950000000000002,-1.655,-4.2350000000000003
40771,-3.1324999999999998,-1.7250000000000001,-4.1849999999999996
40770,-3.1575000000000002,-1.77,-4.2249999999999996
40767,-3.3325,-2.0699999999999998,-4.1974999999999998
40766,-3.4175,-2.1850000000000001,-4.4349999999999996
40765,-3.21,-2.0150000000000001,-4.1025
40764,-3.24,-2.1,-4.1074999999999999
40763,-3.2650000000000001,-1.6950000000000001,-3.8325
40760,-3.2349999999999999,-1.39,-3.3525
40759,-2.9575,-0.82750000000000001,-3.0350000000000001
40758,-2.6825000000000001,-1.72,-3.7349999999999999
40757,-2.6425000000000001,-1.7250000000000001,-3.76
40756,-2.165,-1.8075000000000001,-3.43
40753,-2.0024999999999999,-1.9375,-3.5225
40752,-1.9550000000000001,-1.79,-3.5550000000000002
40751,-1.8574999999999999,-1.7549999999999999,-3.2850000000000001
40750,-1.7825,-1.64,-3.2250000000000001
40749,-2.0699999999999998,-1.66,-3.2475000000000001
40746,-2.2050000000000001,-1.57,-3.27
40745,-2.64,-1.57,-3.49
40744,-2.8174999999999999,-1.37,-3.62
40743,-2.8050000000000002,-1.3049999999999999,-3.7149999999999999
40742,-2.9775,-1.43,-3.7949999999999999
40739,-2.8424999999999998,-1.395,-3.415
40738,-2.7625000000000002,-1.365,-3.3275000000000001
40737,-2.8450000000000002,-1.105,-3.22
40736,-3.04,-0.88,-3.43
40735,-2.875,-0.39250000000000002,-2.605
40732,-2.3875000000000002,-0.37,-1.865
40731,-2.29,-0.35,-1.915
40730,-2.38,-0.3775,-1.9275
40729,-2.1749999999999998,-0.35499999999999998,-1.99
40728,-2.1150000000000002,-0.40250000000000002,-1.96
40725,-2.1825000000000001,-0.38500000000000001,-2.0125000000000002
40724,-2.48,-0.35,-2.1150000000000002
40723,-2.7875000000000001,-0.33750000000000002,-2.2949999999999999
40722,-2.8675000000000002,-0.45750000000000002,-2.25
40721,-2.9750000000000001,-0.495,-2.2450000000000001
40718,-2.88,-0.65,-2.2650000000000001
40717,-2.98,-0.65500000000000003,-2.2225000000000001
40716,-2.5575000000000001,-0.66749999999999998,-2.3224999999999998
40715,-2.7749999999999999,-0.67,-2.4700000000000002
40714,-2.7625000000000002,-0.63500000000000001,-2.5099999999999998
40711,-2.7025000000000001,-0.58250000000000002,-2.5074999999999998
40710,-2.7075,-0.57750000000000001,-2.4249999999999998
40709,-2.5649999999999999,-0.5675,-1.81
40708,-2,-0.66749999999999998,-1.83
40707,-2.0499999999999998,-0.745,-1.88
40704,-1.85,-0.77,-1.895
40703,-1.8149999999999999,-0.80500000000000005,-1.8925000000000001
40702,-1.7549999999999999,-0.75249999999999995,-1.835
40701,-1.5225,-0.64500000000000002,-1.7649999999999999
40700,-1.6074999999999999,-0.495,-1.835
40697,-1.64,-0.48,-1.875
40696,-1.7549999999999999,-0.53500000000000003,-1.9
40695,-1.75,-0.41749999999999998,-1.95
40694,-1.7625,-0.41,-2
40693,-1.91,-0.47749999999999998,-2.0350000000000001
40690,-1.91,-0.48,-2.0525000000000002
40689,-1.94,-0.36,-2.0175000000000001
40688,-1.8625,-0.29499999999999998,-2.04
40687,-1.7825,-0.39,-2.08
40686,-1.85,-0.36,-1.9475
40683,-1.6950000000000001,-0.3,-1.9850000000000001
40682,-1.625,-0.4325,-2.1575000000000002
40681,-1.6475,-0.63500000000000001,-2.2675000000000001
40680,-1.6825000000000001,-0.64500000000000002,-2.2850000000000001
40679,-1.73,-0.70499999999999996,-2.31
40676,-1.7775000000000001,-0.72499999999999998,-2.3374999999999999
40675,-1.6875,-0.7,-2.2475000000000001
40674,-1.6375,-0.6825,-2.165
40673,-1.54,-0.79500000000000004,-2.2374999999999998
40672,-1.6875,-0.78249999999999997,-2.2000000000000002
40669,-1.4724999999999999,-0.79249999999999998,-2.25
40668,-1.2175,-0.79749999999999999,-2.21
40667,-1.1074999999999999,-0.6825,-1.8925000000000001
40666,-1.0275000000000001,-0.64749999999999996,-1.835
40665,-0.93500000000000005,-0.60250000000000004,-1.875
40662,-0.9375,-0.64500000000000002,-1.8925000000000001
40661,-0.9375,-0.67249999999999999,-1.9
40660,-0.96750000000000003,-0.91,-1.9275
40659,-0.96250000000000002,-1.0349999999999999,-1.96
40658,-0.94750000000000001,-0.99250000000000005,-1.78
40655,-0.90500000000000003,-0.99250000000000005,-1.7749999999999999
40654,-0.89,-0.99,-1.9125000000000001
40653,-1.01,-0.97750000000000004,-1.8875
40652,-1.2,-1.1825000000000001,-1.95
40651,-1.2350000000000001,-1.1174999999999999,-1.8425
40648,-1.0049999999999999,-1.0024999999999999,-1.625
40647,-1.02,-0.96499999999999997,-1.6074999999999999
40646,-0.96499999999999997,-0.77249999999999996,-1.58
40645,-0.98499999999999999,-0.71,-1.5674999999999999
40644,-0.9375,-0.41499999999999998,-1.4975000000000001
40641,-0.93500000000000005,-0.41499999999999998,-1.3725000000000001
40640,-1.0049999999999999,-0.3,-1.5149999999999999
40639,-1.0275000000000001,-0.28000000000000003,-1.43
40638,-1.2324999999999999,-0.38750000000000001,-1.5325
40637,-1.2375,-0.41499999999999998,-1.6425000000000001
40634,-1.24,-0.47499999999999998,-1.65
40633,-1.2549999999999999,-0.505,-1.7375
40632,-1.325,-0.48,-1.7675000000000001
40631,-1.3225,-0.78,-2.0474999999999999
40630,-1.3875,-0.93500000000000005,-2.1150000000000002
40627,-1.41,-1.0349999999999999,-2.165
40626,-1.3225,-1.0549999999999999,-2.16
40625,-1.385,-1.0325,-2.0474999999999999
40624,-1.2949999999999999,-1.19,-2.1749999999999998
40623,-1.2875000000000001,-1.1850000000000001,-2.1549999999999998
40620,-1.3025,-1.04,-2.21
40619,-1.3625,-2.0950000000000002,-2.8650000000000002
40618,-1.33,-1.57,-2.4049999999999998
40617,-1.335,-1.4650000000000001,-2.11
40616,-1.165,-1.1399999999999999,-1.9175
40613,-1.2949999999999999,-0.75,-1.26
40612,-1.2825,-0.32250000000000001,-1.18
40611,-1.0325,-0.41,-1.19
40610,-0.99750000000000005,-0.47499999999999998,-1.1850000000000001
40609,-0.79749999999999999,-0.57499999999999996,-1.21
40606,-0.8175,-0.57250000000000001,-1.2649999999999999
40605,-0.84750000000000003,-0.67749999999999999,-1.32
40604,-0.88749999999999996,-0.8125,-1.3049999999999999
40603,-0.91249999999999998,-0.81499999999999995,-1.2849999999999999
40602,-0.9,-0.89500000000000002,-1.29
40599,-1.0125,-0.89500000000000002,-1.2975000000000001
40598,-1.0575000000000001,-0.86750000000000005,-1.2050000000000001
40597,-1.0325,-0.495,-1.02
40596,-1.1225000000000001,-0.29249999999999998,-0.81
40595,-0.96750000000000003,-0.1575,-0.66249999999999998
40592,-1.0625,-0.11749999999999999,-0.6825
40591,-1.0874999999999999,-7.7499999999999999E-2,-0.68
40590,-1.1225000000000001,-3.5000000000000003E-2,-0.69499999999999995
40589,-1.1299999999999999,-9.7500000000000003E-2,-0.69499999999999995
40588,-1.155,-0.315,-0.72499999999999998
40585,-1.145,-9.7500000000000003E-2,-0.73
40584,-1.0900000000000001,-0.185,-0.70499999999999996
40583,-1,-0.2475,-0.8
40582,-1.0175000000000001,-0.3725,-0.9
40581,-1.3174999999999999,-0.35249999999999998,-0.9425
40578,-1.3474999999999999,-0.36,-0.94499999999999995
40577,-1.3925000000000001,-0.40250000000000002,-0.90500000000000003
40576,-1.3474999999999999,-0.40749999999999997,-0.94499999999999995
40575,-1.35,-0.36499999999999999,-0.99250000000000005
40574,-1.365,-0.35249999999999998,-0.99
40571,-1.355,-0.22750000000000001,-0.78249999999999997
40570,-1.145,-0.11749999999999999,-0.84499999999999997
40569,-0.97,-0.26750000000000002,-0.87749999999999995
40568,-0.91,-0.26750000000000002,-0.89
40567,-0.91,-0.3,-0.88500000000000001
40564,-0.97499999999999998,-0.28249999999999997,-0.89500000000000002
40563,-1.07,-0.28249999999999997,-0.89749999999999996
40562,-0.85,-0.4425,-0.97
40561,-0.9,-0.3,-1.1599999999999999
40560,-0.89500000000000002,-0.26500000000000001,-1.1599999999999999
40557,-0.71499999999999997,-0.26250000000000001,-1.24
40556,-0.64500000000000002,-0.2,-1.2024999999999999
40555,-0.93500000000000005,-0.35249999999999998,-1.44
40554,-1.23,-0.16500000000000001,-1.5449999999999999
40553,-1.5049999999999999,-0.16250000000000001,-1.7549999999999999
40550,-1.6074999999999999,-0.155,-1.7749999999999999
40549,-1.57,-0.13750000000000001,-1.8049999999999999
40548,-1.5149999999999999,-0.2,-1.89
40547,-1.4750000000000001,-0.28749999999999998,-1.9450000000000001
40546,-1.5249999999999999,-0.37,-1.9850000000000001
40543,-1.56,-0.3175,-2.02
40542,-1.595,-0.34499999999999997,-1.9650000000000001
40541,-1.67,-0.34250000000000003,-1.96
40540,-1.65,-0.29249999999999998,-2.0225
40539,-1.83,-0.25,-1.9375
40536,-1.835,-0.215,-1.9475
40535,-1.865,-0.23250000000000001,-1.9450000000000001
40534,-1.845,-0.15,-1.95
40533,-1.87,-0.1925,-1.9
40532,-1.93,-0.17,-1.895
40529,-1.9450000000000001,-0.17,-1.83
40528,-1.9750000000000001,-0.1875,-1.88
40527,-1.7949999999999999,-0.21,-1.89
40526,-1.64,-0.32250000000000001,-1.91
40525,-1.7075,-0.3125,-1.98
40522,-1.875,-0.23499999999999999,-2.0350000000000001
40521,-1.9850000000000001,-0.26,-2.08
40520,-1.9325000000000001,-0.29249999999999998,-2.2625000000000002
40519,-1.7849999999999999,-0.3775,-2.29
40518,-1.925,-0.42749999999999999,-2.34
40515,-1.875,-0.37,-2.3925000000000001
40514,-2.11,-0.28000000000000003,-2.4550000000000001
40513,-2.14,-0.21249999999999999,-2.36
40512,-2.38,-0.27750000000000002,-2.5150000000000001
40511,-2.2275,-0.23749999999999999,-2.3050000000000002
40508,-1.89,-0.2475,-2.2275
40507,-1.6575,-0.32250000000000001,-2.2200000000000002
40506,-1.6174999999999999,-0.3175,-2.1225000000000001
40505,-1.51,-0.32250000000000001,-2.0724999999999998
40504,-1.1675,-0.22,-1.76
40501,-1.1399999999999999,-0.21249999999999999,-1.7625
40500,-1.21,-0.21249999999999999,-1.7949999999999999
40499,-1.51,-0.24249999999999999,-1.92
40498,-1.595,-0.22500000000000001,-1.91
40497,-1.5149999999999999,-0.215,-2.04
40494,-1.5249999999999999,-0.50249999999999995,-1.9424999999999999
40493,-1.5175000000000001,-0.47249999999999998,-1.7925
40492,-1.5,-0.56499999999999995,-1.6074999999999999
40491,-1.4650000000000001,-0.74750000000000005,-1.68
40490,-1.2350000000000001,-0.83250000000000002,-1.4950000000000001
40487,-1.0674999999999999,-0.8075,-1.2925
40486,-0.81499999999999995,-0.85750000000000004,-1.3075000000000001
40485,-0.89,-0.93,-1.4375
40484,-0.84499999999999997,-0.9375,-1.4350000000000001
40483,-0.84,-0.92249999999999999,-1.54
40480,-0.86250000000000004,-0.97250000000000003,-1.585
40479,-0.84250000000000003,-0.97750000000000004,-1.47
40478,-0.90749999999999997,-0.97499999999999998,-1.41
40477,-0.69499999999999995,-1.1675,-1.4724999999999999
40476,-0.61499999999999999,-1.2150000000000001,-1.5275000000000001
40473,-0.58499999999999996,-1.2250000000000001,-1.48
40472,-0.57250000000000001,-1.1825000000000001,-1.4975000000000001
40471,-0.57999999999999996,-1.25,-1.605
40470,-0.70499999999999996,-1.2350000000000001,-1.5349999999999999
40469,-0.48249999999999998,-1.29,-1.54
40466,-0.2,-1.3225,-1.36
40465,-0.16500000000000001,-1.3574999999999999,-1.4924999999999999
40464,-0.33500000000000002,-1.2375,-1.4075
40463,-0.40250000000000002,-1.2324999999999999,-1.3975
40462,-0.23,-1.2224999999999999,-1.3725000000000001
40459,-0.23,-1.1625000000000001,-1.2625
40458,-0.155,-1.0974999999999999,-1.27
40457,-0.22750000000000001,-0.9325,-1.17
40456,-0.39250000000000002,-0.94,-1.165
40455,-0.45,-0.95499999999999996,-1.1850000000000001
40452,-0.32500000000000001,-0.96,-1.24
40451,-0.35249999999999998,-0.99750000000000005,-1.2375
40450,-0.27,-0.90249999999999997,-1.25
40449,-0.40749999999999997,-0.81499999999999995,-1.2324999999999999
40448,-0.36249999999999999,-0.74,-1.1000000000000001
40445,-0.4425,-0.72,-1.0974999999999999
40444,-0.55249999999999999,-0.72499999999999998,-1.1475
40443,-0.53749999999999998,-0.77500000000000002,-1.17
40442,-0.6825,-0.71499999999999997,-1.0625
40441,-0.6825,-0.6875,-1.1375
40438,-0.73,-0.6825,-1.2549999999999999
40437,-0.7,-0.70499999999999996,-1.2475000000000001
40436,-0.84499999999999997,-0.77500000000000002,-1.5049999999999999
40435,-0.89,-1.4775,-2.1274999999999999
40434,-1.0825,-1.24,-1.9475
40431,-1.19,-1.2450000000000001,-1.96
40430,-1.31,-1.3674999999999999,-2.0575000000000001
40429,-1.35,-1.3975,-2.0649999999999999
40428,-1.2949999999999999,-1.2649999999999999,-1.9275
40427,-1.1525000000000001,-1.0425,-1.905
40424,-1.24,-1.1525000000000001,-1.96
40423,-1.4550000000000001,-1.2524999999999999,-1.9775
40422,-1.4750000000000001,-1.345,-2.0125000000000002
40421,-1.7050000000000001,-1.335,-2.2124999999999999
40420,-1.6924999999999999,-1.3025,-2.0350000000000001
40417,-1.675,-1.4675,-2.1324999999999998
40416,-1.7224999999999999,-1.7324999999999999,-2.4300000000000002
40415,-1.77,-1.6525000000000001,-2.4849999999999999
40414,-1.7975000000000001,-1.7224999999999999,-2.6324999999999998
40413,-1.6025,-1.4575,-2.1324999999999998
40410,-1.5125,-1.4650000000000001,-2.1274999999999999
40409,-1.4125000000000001,-1.4524999999999999,-1.99
40408,-1.4350000000000001,-1.4524999999999999,-1.9450000000000001
40407,-1.4624999999999999,-1.49,-1.9924999999999999
40406,-1.5425,-1.4650000000000001,-2.0225
40403,-1.5525,-1.4750000000000001,-2.0150000000000001
40402,-1.5325,-1.5575000000000001,-2.09
40401,-1.2350000000000001,-1.65,-2.0249999999999999
40400,-0.87749999999999995,-1.5575000000000001,-1.7524999999999999
40399,-0.82750000000000001,-1.5674999999999999,-1.7625
40396,-0.84250000000000003,-1.6575,-1.9624999999999999
40395,-0.95499999999999996,-1.585,-1.93
40394,-0.87,-1.6975,-1.9575
40393,-0.78500000000000003,-1.575,-1.9850000000000001
40392,-0.86,-1.335,-1.9750000000000001
40389,-1.0774999999999999,-1.4650000000000001,-2.2200000000000002
40388,-1.085,-1.3049999999999999,-2.0950000000000002
40387,-1.19,-1.345,-2.1850000000000001
40386,-1.2949999999999999,-1.385,-2.4224999999999999
40385,-1.4225000000000001,-1.58,-2.4700000000000002
40382,-1.59,-1.7350000000000001,-2.7974999999999999
40381,-1.61,-1.825,-2.8275000000000001
40380,-1.4450000000000001,-1.7,-2.7124999999999999
40379,-1.2875000000000001,-1.7925,-3.1549999999999998
40378,-1.1975,-2.0299999999999998,-3.21
40375,-1.115,-2.0125000000000002,-3.125
40374,-1.075,-1.7224999999999999,-3.145
40373,-1.1074999999999999,-1.5475000000000001,-3.1425000000000001
40372,-1.1675,-1.67,-3.3424999999999998
40371,-1.1875,-1.76,-3.3774999999999999
40368,-1.1475,-1.855,-3.38
40367,-0.96499999999999997,-2.04,-3.5625
40366,-0.97250000000000003,-2.3050000000000002,-3.8675000000000002
40365,-0.95499999999999996,-2.1625000000000001,-3.9024999999999999
40364,-1.0649999999999999,-2.2524999999999999,-3.9049999999999998
40361,-1.1200000000000001,-2.33,-3.9624999999999999
40360,-1.36,-2.3725000000000001,-4.0674999999999999
40359,-1.6625000000000001,-2.0825,-4.0475000000000003
40358,-1.7250000000000001,-1.9575,-4.1574999999999998
40357,-1.5375000000000001,-1.6850000000000001,-3.63
40354,-1.5625,-1.71,-3.6625000000000001
40353,-1.5625,-1.42,-3.58
40352,-1.54,-1.2675000000000001,-3.4550000000000001
40351,-1.4275,-1.165,-3.34
40350,-1.3274999999999999,-1.1850000000000001,-3.4049999999999998
40347,-1.4924999999999999,-1.3049999999999999,-3.5225
40346,-1.5475000000000001,-1.3325,-3.5775000000000001
40345,-1.6025,-1.2925,-3.5049999999999999
40344,-1.615,-1.4450000000000001,-3.8275000000000001
40343,-1.5549999999999999,-1.5674999999999999,-3.8075000000000001
40340,-1.9424999999999999,-1.7324999999999999,-4.2175000000000002
40339,-2.13,-1.7875000000000001,-4.3949999999999996
40338,-2.5350000000000001,-1.925,-4.6449999999999996
40337,-2.7450000000000001,-1.9750000000000001,-4.8600000000000003
40336,-3.0550000000000002,-2.0024999999999999,-4.8899999999999997
40333,-3.145,-1.7875000000000001,-4.3550000000000004
40332,-2.9424999999999999,-1.7,-4.0650000000000004
40331,-3.0350000000000001,-1.9724999999999999,-4.0374999999999996
40330,-3.06,-2.4350000000000001,-4.22
40329,-2.9325000000000001,-2.3224999999999998,-4.0750000000000002
40326,-2.9175,-2.4624999999999999,-4.0650000000000004
40325,-2.9249999999999998,-2.7450000000000001,-4.1849999999999996
40324,-2.9575,-3.13,-4.5175000000000001
40323,-2.9649999999999999,-3.4024999999999999,-4.6974999999999998
40322,-2.6175000000000002,-3.1825000000000001,-4.6150000000000002
40319,-2.5950000000000002,-3.51,-4.8224999999999998
40318,-2.73,-3.4575,-4.9400000000000004
40317,-2.8650000000000002,-2.5325000000000002,-4.6574999999999998
40316,-2.62,-2.0375000000000001,-4.1449999999999996
40315,-2.7275,-2.0674999999999999,-4.1524999999999999
40312,-2.46,-1.8825000000000001,-3.9775
40311,-2.33,-1.575,-3.4224999999999999
40310,-2.5924999999999998,-1.7725,-3.3250000000000002
40309,-3,-2.1,-3.64
40308,-2.8125,-2.2025000000000001,-3.4874999999999998
40305,-2.9525000000000001,-2.5525000000000002,-4.1275000000000004
40304,-2.7275,-2.1124999999999998,-4.0824999999999996
40303,-2.1625000000000001,-0.84,-2.6575000000000002
40302,-1.905,-0.72,-2.3925000000000001
40301,-1.8474999999999999,-0.67,-1.9675
40298,-1.6924999999999999,-0.78,-1.9975000000000001
40297,-1.7875000000000001,-0.88,-2.0649999999999999
40296,-1.925,-0.91,-2.2149999999999999
40295,-1.6225000000000001,-0.91,-2.0724999999999998
40294,-1.4675,-0.79,-1.67
40291,-1.5149999999999999,-0.86499999999999999,-1.7649999999999999
40290,-1.4,-0.99250000000000005,-1.86
40289,-1.165,-0.96250000000000002,-1.67
40288,-1.1525000000000001,-0.99750000000000005,-1.7775000000000001
40287,-1.1875,-1.1599999999999999,-1.8975
40284,-1.0475000000000001,-0.99250000000000005,-1.7150000000000001
40283,-1.0175000000000001,-0.8075,-1.575
40282,-0.88,-0.79749999999999999,-1.5149999999999999
40281,-0.98499999999999999,-0.83250000000000002,-1.5149999999999999
40280,-1.01,-0.74750000000000005,-1.5249999999999999
40277,-1.2575000000000001,-0.71250000000000002,-1.6274999999999999
40276,-1.3525,-0.72499999999999998,-1.85
40275,-1.37,-0.55249999999999999,-1.595
40274,-1.2825,-0.41249999999999998,-1.52
40273,-1.18,-0.22,-1.23
40270,-1.165,-0.14249999999999999,-1.06
40269,-1.1950000000000001,-0.1925,-1.1200000000000001
40268,-1.2424999999999999,-7.0000000000000007E-2,-1.1575
40267,-1.2350000000000001,-0.13250000000000001,-1.2250000000000001
40266,-1.41,-8.7499999999999994E-2,-1.2424999999999999
40263,-1.5375000000000001,-6.5000000000000002E-2,-1.2549999999999999
40262,-1.57,-0.14249999999999999,-1.23
40261,-1.5425,-0.30249999999999999,-1.4
40260,-1.2975000000000001,-0.49,-1.4675
40259,-1.31,-0.51,-1.4350000000000001
40256,-1.1950000000000001,-0.39250000000000002,-1.2749999999999999
40255,-1.0525,-0.40250000000000002,-1.325
40254,-0.91,-0.51500000000000001,-1.37
40253,-1.0349999999999999,-0.49,-1.49
40252,-1.0175000000000001,-0.435,-1.385
40249,-1.0075000000000001,-0.3175,-1.425
40248,-1.2275,-0.29249999999999998,-1.4750000000000001
40247,-1.26,-0.36499999999999999,-1.5325
40246,-1.2849999999999999,-0.43,-1.625
40245,-1.22,-0.42,-1.6375
40242,-1.4475,-0.65,-1.91
40241,-1.4775,-0.78,-2.0750000000000002
40240,-1.4325000000000001,-0.87250000000000005,-2.1800000000000002
40239,-1.4924999999999999,-0.86,-2.2599999999999998
40238,-1.5049999999999999,-0.86750000000000005,-2.33
40235,-1.53,-0.88500000000000001,-2.4649999999999999
40234,-1.645,-0.88500000000000001,-2.4350000000000001
40233,-1.4775,-0.6825,-2.1850000000000001
40232,-1.4524999999999999,-0.53500000000000003,-2.17
40231,-1.5024999999999999,-0.61250000000000004,-1.905
40228,-1.6125,-0.58750000000000002,-1.9850000000000001
40227,-1.5275000000000001,-0.63,-2.0225
40226,-1.5024999999999999,-0.70250000000000001,-2.02
40225,-1.5475000000000001,-0.90500000000000003,-2.2225000000000001
40224,-1.6325000000000001,-0.98,-2.2675000000000001
40221,-1.6975,-1.0974999999999999,-2.3374999999999999
40220,-1.6174999999999999,-1.2250000000000001,-2.35
40219,-1.4275,-1.2124999999999999,-2.4550000000000001
40218,-1.5024999999999999,-1.4,-2.6349999999999998
40217,-1.69,-1.4875,-2.7149999999999999
40214,-1.7050000000000001,-1.5049999999999999,-2.6775000000000002
40213,-1.4650000000000001,-1.37,-2.2250000000000001
40212,-1.1525000000000001,-0.89,-1.7275
40211,-1.2150000000000001,-1.0349999999999999,-1.8149999999999999
40210,-1.2949999999999999,-1.075,-1.9125000000000001
40207,-1.335,-1.1174999999999999,-1.9850000000000001
40206,-1.3125,-1.19,-1.97
40205,-1.3625,-1.5149999999999999,-2.23
40204,-1.3049999999999999,-1.3875,-2.29
40203,-1.2725,-1.2350000000000001,-2.1124999999999998
40200,-1.38,-1.2450000000000001,-2.2000000000000002
40199,-1.47,-1.0049999999999999,-2.0975000000000001
40198,-1.17,-0.91249999999999998,-1.8325
40197,-1.1725000000000001,-0.875,-1.72
40196,-0.88,-0.92500000000000004,-1.6625000000000001
40193,-0.88500000000000001,-0.86499999999999999,-1.93
40192,-0.74250000000000005,-0.77249999999999996,-1.47
40191,-0.72250000000000003,-0.72499999999999998,-1.4675
40190,-0.71750000000000003,-0.84,-1.5125
40189,-0.71250000000000002,-0.64249999999999996,-1.3774999999999999
40186,-0.97250000000000003,-0.58750000000000002,-1.3525
40185,-1.07,-0.48749999999999999,-1.375
40184,-1.1174999999999999,-0.6825,-1.5425
40183,-1.1225000000000001,-0.64749999999999996,-1.5825
40182,-1.2375,-0.32250000000000001,-1.4375
40179,-1.2875000000000001,-0.315,-1.5125
40178,-1.2524999999999999,-0.33,-1.4175
40177,-1.2324999999999999,-0.33750000000000002,-1.36
40176,-1.2549999999999999,-0.33750000000000002,-1.3925000000000001
40175,-1.3374999999999999,-0.39,-1.61
40172,-1.3075000000000001,-0.34250000000000003,-1.59
40171,-1.3425,-0.34250000000000003,-1.4675
40170,-1.3149999999999999,-0.36249999999999999,-1.45
40169,-1.3125,-0.48,-1.5349999999999999
40168,-1.2324999999999999,-0.505,-1.6225000000000001
40165,-1.355,-0.55500000000000005,-1.65
40164,-1.5575000000000001,-0.62,-1.68
40163,-1.43,-0.63749999999999996,-1.575
40162,-1.4025000000000001,-0.69750000000000001,-1.66
40161,-1.2749999999999999,-0.96250000000000002,-1.865
40158,-1.2,-0.83499999999999996,-1.7475000000000001
40157,-1.17,-1.1000000000000001,-1.96
40156,-1.2350000000000001,-1.18,-2.085
40155,-1.1975,-1.165,-1.9175
40154,-1.2024999999999999,-0.8175,-1.605
40151,-1.2024999999999999,-0.73499999999999999,-1.4550000000000001
40150,-1.1399999999999999,-1.2450000000000001,-1.95
40149,-1.1074999999999999,-1.47,-2.15
40148,-1.1875,-1.7075,-2.35
40147,-1.1675,-2.2250000000000001,-2.7625000000000002
40144,-1.2450000000000001,-2.4024999999999999,-3.01
40143,-0.89500000000000002,-2.1225000000000001,-2.84
40142,-0.79749999999999999,-1.375,-2.3174999999999999
40141,-0.90500000000000003,-0.97250000000000003,-2
40140,-0.89,-0.97499999999999998,-1.8875
40137,-0.91249999999999998,-0.97750000000000004,-1.98
40136,-0.83,-0.90500000000000003,-1.97
40135,-0.76749999999999996,-0.84750000000000003,-1.8049999999999999
40134,-0.83499999999999996,-0.93500000000000005,-1.845
40133,-0.82250000000000001,-0.89500000000000002,-1.6875
40130,-0.85750000000000004,-0.89,-1.68
40129,-0.89749999999999996,-0.94,-1.6575
40128,-0.745,-1.0649999999999999,-1.75
40127,-0.74750000000000005,-0.99750000000000005,-1.5925
40126,-0.74,-1.0325,-1.6975
40123,-0.96250000000000002,-1.0525,-1.7324999999999999
40122,-0.99250000000000005,-1.075,-1.7375
40121,-0.96499999999999997,-1.1950000000000001,-1.7475000000000001
40120,-1.0475000000000001,-1.3425,-1.86
40119,-0.86,-1.3274999999999999,-1.7975000000000001
40116,-0.76500000000000001,-1.0974999999999999,-1.5475000000000001
40115,-0.79749999999999999,-1.0925,-1.4650000000000001
40114,-0.73250000000000004,-1.27,-1.5475000000000001
40113,-0.62250000000000005,-0.98499999999999999,-1.2024999999999999
40112,-0.47,-0.95,-0.97
40109,-0.28999999999999998,-1.0575000000000001,-1.0425
40108,-0.21,-1.23,-1.105
40107,-0.19750000000000001,-1.3225,-1.22
40106,-7.4999999999999997E-3,-1.41,-1.29
40105,5.5E-2,-1.4550000000000001,-1.36
40102,5.5E-2,-1.5225,-1.4524999999999999
40101,7.0000000000000007E-2,-1.6775,-1.615
40100,8.2500000000000004E-2,-1.8474999999999999,-1.6725000000000001
40099,-7.0000000000000007E-2,-1.7124999999999999,-1.7475000000000001
40098,-0.16500000000000001,-1.8875,-1.9175
40095,-0.19,-2.0150000000000001,-2
40094,-0.185,-2.2000000000000002,-2.1724999999999999
40093,-0.23250000000000001,-2.1724999999999999,-2.2000000000000002
40092,-0.19500000000000001,-1.9424999999999999,-2.1825000000000001
40091,-0.21249999999999999,-1.8025,-2.02
40088,-0.22750000000000001,-2.0775000000000001,-2.1524999999999999
40087,-0.1875,-1.9924999999999999,-2.09
40086,-8.2500000000000004E-2,-2.145,-2.2774999999999999
40085,2.5000000000000001E-3,-2.1949999999999998,-2.31
40084,1.2500000000000001E-2,-1.82,-2.36
40081,0.02,-1.8425,-1.9325000000000001
40080,7.0000000000000007E-2,-1.5549999999999999,-1.66
40079,0.22500000000000001,-1.68,-1.655
40078,0.25,-1.7324999999999999,-1.78
40077,0.14749999999999999,-1.68,-1.82
40074,0.26500000000000001,-2.0350000000000001,-2.0125000000000002
40073,0.29749999999999999,-1.9650000000000001,-2.0249999999999999
40072,0.3,-1.97,-2.0249999999999999
40071,0.25,-1.8049999999999999,-1.94
40070,0.315,-1.9,-2.16
40067,0.35749999999999998,-1.7524999999999999,-2.13
40066,0.39,-1.57,-2.0474999999999999
40065,0.39,-1.39,-2.1475
40064,0.35749999999999998,-1.4375,-2.1349999999999998
40063,0.12,-1.4025000000000001,-2.0874999999999999
40060,0.04,-1.2150000000000001,-2.2450000000000001
40059,0.03,-1.5249999999999999,-2.2774999999999999
40058,0.05,-1.3875,-2.1324999999999998
40057,0.1225,-1.4850000000000001,-2.0375000000000001
40056,0.20499999999999999,-1.46,-1.9850000000000001
40053,0.215,-1.5249999999999999,-1.9550000000000001
40052,0.1825,-1.5525,-1.9650000000000001
40051,0.17499999999999999,-1.4950000000000001,-1.9650000000000001
40050,0.20749999999999999,-1.5125,-1.9724999999999999
40049,0.17749999999999999,-1.5024999999999999,-2.0425
40046,0.215,-1.6725000000000001,-1.9624999999999999
40045,7.0000000000000007E-2,-1.5649999999999999,-1.9450000000000001
40044,7.7499999999999999E-2,-1.6325000000000001,-1.99
40043,0.06,-1.58,-1.9524999999999999
40042,6.7500000000000004E-2,-1.73,-2.0499999999999998
40039,0.26250000000000001,-1.59,-1.885
40038,0.27500000000000002,-1.42,-1.7725
40037,0.17749999999999999,-1.54,-1.8174999999999999
40036,0.26250000000000001,-1.3125,-1.6375
40035,0.2175,-0.97750000000000004,-1.22
40032,0.38250000000000001,-0.91500000000000004,-1.1125
40031,0.59,-1.34,-1.415
40030,0.61,-1.6025,-1.6675
40029,0.47249999999999998,-1.69,-1.7524999999999999
40028,0.42249999999999999,-1.7324999999999999,-1.7925
40025,0.31,-1.75,-1.9125000000000001
40024,0.25750000000000001,-1.83,-1.9624999999999999
40023,0.31,-2.0674999999999999,-2.1675
40022,0.38,-2.0150000000000001,-2.0225
40021,0.51,-1.9775,-2.0150000000000001
40018,0.50249999999999995,-2.1850000000000001,-2.2524999999999999
40017,0.48,-2.19,-2.3224999999999998
40016,0.47499999999999998,-2.4925000000000002,-2.5924999999999998
40015,0.47249999999999998,-2.3849999999999998,-2.4649999999999999
40014,0.46250000000000002,-2.2675000000000001,-2.4125000000000001
40011,0.32250000000000001,-2.4700000000000002,-2.4849999999999999
40010,0.34749999999999998,-2.4725000000000001,-2.4775
40009,0.31,-2.5649999999999999,-2.5225
40008,0.125,-2.8125,-2.6025
40007,4.7500000000000001E-2,-2.8725000000000001,-2.6949999999999998
40004,6.25E-2,-2.91,-2.8525
40003,0.11,-2.7774999999999999,-2.7174999999999998
40002,5.7500000000000002E-2,-2.625,-2.6225000000000001
40001,0.36749999999999999,-2.0350000000000001,-2.0175000000000001
40000,0.36499999999999999,-1.855,-1.9975000000000001
39997,0.45750000000000002,-1.92,-1.9424999999999999
39996,0.54500000000000004,-1.76,-1.8025
39995,0.60750000000000004,-1.84,-1.7475000000000001
39994,0.54500000000000004,-2.08,-1.9350000000000001
39993,0.52249999999999996,-2.3250000000000002,-2.145
39990,0.51749999999999996,-2.3199999999999998,-2.1274999999999999
39989,0.45250000000000001,-2.3174999999999999,-2.2400000000000002
39988,0.60499999999999998,-2.5924999999999998,-2.4249999999999998
39987,0.51,-2.6524999999999999,-2.4750000000000001
39986,0.34499999999999997,-2.4024999999999999,-2.2574999999999998
39983,0.30249999999999999,-2.4300000000000002,-2.2425000000000002
39982,0.34250000000000003,-2.4449999999999998,-2.0674999999999999
39981,0.34,-2.5225,-2.2725
39980,0.33250000000000002,-2.1974999999999998,-2.0074999999999998
39979,0.29749999999999999,-1.9575,-1.7424999999999999
39976,0.49,-1.8774999999999999,-1.6725000000000001
39975,0.51749999999999996,-1.895,-1.7625
39974,0.52,-1.925,-1.7825
39973,0.53249999999999997,-1.855,-1.7875000000000001
39972,0.23499999999999999,-1.6924999999999999,-1.7675000000000001
39969,0.27250000000000002,-1.9475,-1.7324999999999999
39968,0.42249999999999999,-2.1225000000000001,-1.7575000000000001
39967,0.46250000000000002,-2.145,-1.6775
39966,1.1725000000000001,-2.0474999999999999,-1.6375
39965,1.3125,-2.0625,-1.7124999999999999
39962,1.1924999999999999,-1.9750000000000001,-1.7775000000000001
39961,0.98750000000000004,-1.8875,-1.5974999999999999
39960,0.95,-2.17,-1.9675
39959,1.0375000000000001,-2.1349999999999998,-2.1724999999999999
39958,0.97,-2.7349999999999999,-2.15
39955,1.1200000000000001,-2.5099999999999998,-2.27
39954,0.8175,-2.4950000000000001,-2.1850000000000001
39953,0.58499999999999996,-2.2174999999999998,-2.1850000000000001
39952,0.55000000000000004,-2.1324999999999998,-2.1524999999999999
39951,0.4425,-2.4624999999999999,-2.4649999999999999
39948,0.6,-2.6425000000000001,-2.4849999999999999
39947,0.58250000000000002,-2.6575000000000002,-2.5049999999999999
39946,0.61,-2.71,-2.3075000000000001
39945,0.63249999999999995,-2.4525000000000001,-2.0575000000000001
39944,0.5,-2.0775000000000001,-1.74
39941,0.55500000000000005,-1.585,-1.6575
39940,0.42249999999999999,-1.6625000000000001,-1.7324999999999999
39939,0.4975,-1.76,-1.89
39938,0.56499999999999995,-1.6725000000000001,-1.8125
39937,0.56499999999999995,-1.6924999999999999,-1.9724999999999999
39934,0.54,-2.0550000000000002,-2.2949999999999999
39933,0.53,-2.3475000000000001,-2.34
39932,0.45500000000000002,-2.6625000000000001,-2.4624999999999999
39931,0.26500000000000001,-2.92,-2.6074999999999999
39930,0.29249999999999998,-2.81,-2.6175000000000002
39927,0.3775,-2.7349999999999999,-2.4700000000000002
39926,4.7500000000000001E-2,-2.5674999999999999,-2.5049999999999999
39925,-0.17749999999999999,-2.585,-2.5425
39924,-0.17499999999999999,-2.6949999999999998,-2.5924999999999998
39923,-0.1275,-2.665,-2.4900000000000002
39920,5.0000000000000001E-3,-2.4725000000000001,-2.3424999999999998
39919,0.26250000000000001,-2.5099999999999998,-2.31
39918,0.3175,-2.4500000000000002,-2.3374999999999999
39917,0.34499999999999997,-2.4300000000000002,-2.1850000000000001
39916,0.35249999999999998,-2.31,-2.2925
39913,0.30249999999999999,-2.1475,-2.0649999999999999
39912,0.36499999999999999,-2.1349999999999998,-2.0375000000000001
39911,0.35749999999999998,-2.2725,-2.0775000000000001
39910,0.35499999999999998,-1.9950000000000001,-2.1274999999999999
39909,0.57250000000000001,-1.9724999999999999,-2.1475
39906,0.6825,-2.2324999999999999,-2.2574999999999998
39905,0.54249999999999998,-2.3050000000000002,-2.29
39904,0.44500000000000001,-2.5674999999999999,-2.36
39903,0.45,-2.7974999999999999,-2.4375
39902,0.39750000000000002,-3.3374999999999999,-2.79
39899,0.59,-3.01,-2.4325000000000001
39898,0.63,-3.0575000000000001,-2.77
39897,0.80249999999999999,-3.3050000000000002,-2.35
39896,0.70250000000000001,-3.3149999999999999,-2.23
39895,1.0449999999999999,-3.5024999999999999,-2.2725
39892,1.0525,-3.6924999999999999,-2.3374999999999999
39891,1.0674999999999999,-3.99,-2.5649999999999999
39890,0.67249999999999999,-3.2925,-2.355
39889,0.37,-2.7075,-2.4
39888,0.35249999999999998,-3.0625,-2.7225000000000001
39885,0.26750000000000002,-3.16,-2.69
39884,0.16750000000000001,-3.5775000000000001,-2.7949999999999999
39883,0.13750000000000001,-2.9375,-2.3925000000000001
39882,-8.5000000000000006E-2,-2.6475,-2.1225000000000001
39881,-0.16750000000000001,-2.6124999999999998,-2.1825000000000001
39878,-9.5000000000000001E-2,-2.5175000000000001,-2.3050000000000002
39877,-0.2,-1.9875,-2.0074999999999998
39876,-0.1825,-1.855,-1.9175
39875,-0.14000000000000001,-1.89,-1.9924999999999999
39874,-0.14749999999999999,-2.0125000000000002,-2.09
39871,-0.1525,-1.9750000000000001,-2.105
39870,-0.2,-1.43,-1.6375
39869,-0.115,-1.52,-2.0449999999999999
39868,-0.14499999999999999,-1.635,-2.71
39867,-0.16,-2.1375000000000002,-3.0074999999999998
39864,-0.3175,-1.81,-2.72
39863,-0.29749999999999999,-1.905,-3.07
39862,-0.505,-2.4125000000000001,-3.6949999999999998
39861,-0.49,-2.8849999999999998,-4
39860,-0.2175,-3.3725000000000001,-4.46
39857,-0.22750000000000001,-3.3624999999999998,-4.1449999999999996
39856,-0.23749999999999999,-3.75,-4.3075000000000001
39855,-0.13750000000000001,-3.7025000000000001,-4.18
39854,-0.105,-3.5825,-4.2874999999999996
39853,-0.17,-3.6675,-4.6174999999999997
39850,-0.215,-3.5975000000000001,-5.0125000000000002
39849,-0.1925,-4.4124999999999996,-5.6
39848,-0.23499999999999999,-4.7874999999999996,-6.0025000000000004
39847,-0.2525,-4.9074999999999998,-6.0674999999999999
39846,-0.27750000000000002,-4.8925000000000001,-6.16
39843,-0.25750000000000001,-4.9649999999999999,-6.25
39842,-0.17249999999999999,-4.8174999999999999,-5.9524999999999997
39841,-9.2499999999999999E-2,-4.8975,-6.1375000000000002
39840,-0.13500000000000001,-5.5125000000000002,-6.6924999999999999
39839,-0.32,-5.9574999999999996,-6.98
39836,-0.53249999999999997,-6.22,-7.6574999999999998
39835,-0.40250000000000002,-6.2675000000000001,-7.4974999999999996
39834,-0.56000000000000005,-6.31,-7.4850000000000003
39833,-0.55249999999999999,-5.7350000000000003,-6.8624999999999998
39832,-0.26750000000000002,-5.2525000000000004,-6.06
39829,-0.25750000000000001,-5.7149999999999999,-6.4824999999999999
39828,-0.48499999999999999,-6.2850000000000001,-6.9225000000000003
39827,-0.4975,-6.3250000000000002,-6.78
39826,-0.4,-5.9974999999999996,-6.17
39825,-0.26,-5.7625000000000002,-5.89
39822,-7.0000000000000007E-2,-5.5025000000000004,-5.4424999999999999
39821,-1.7500000000000002E-2,-5.33,-5.2874999999999996
39820,2.5000000000000001E-3,-5.0350000000000001,-5.3025000000000002
39819,-0.19500000000000001,-5.1725000000000003,-5.3324999999999996
39818,6.25E-2,-5.5350000000000001,-5.6025
39815,0.35749999999999998,-6.4275000000000002,-6.1924999999999999
39814,0.37,-6.4850000000000003,-6.49
39813,0.35,-6.5274999999999999,-6.2850000000000001
39812,0.4325,-6.4974999999999996,-6.4
39811,0.40250000000000002,-6.4725000000000001,-6.1624999999999996
39808,0.36749999999999999,-6.8375000000000004,-6.72
39807,0.32250000000000001,-7.0475000000000003,-6.6875
39806,0.32500000000000001,-6.9850000000000003,-6.65
39805,0.35249999999999998,-7.1425000000000001,-6.6124999999999998
39804,0.4,-7.3150000000000004,-6.75
39801,0.35,-7.6025,-7.07
39800,0.73,-7.7874999999999996,-7
39799,0.62,-8.16,-7.6375000000000002
39798,0.36499999999999999,-7.6475,-7.77
39797,0.08,-7.7850000000000001,-8.1074999999999999
39794,-0.3175,-8.5350000000000001,-8.5950000000000006
39793,-0.54,-7.9225000000000003,-8.1649999999999991
39792,-0.98499999999999999,-7.915,-8.3825000000000003
39791,-1.1525000000000001,-7.9349999999999996,-8.4700000000000006
39790,-1.18,-8.3000000000000007,-8.8149999999999995
39787,-0.99250000000000005,-8.9450000000000003,-9.1974999999999998
39786,-1.3374999999999999,-8.9875000000000007,-9.2799999999999994
39785,-1.3574999999999999,-9.0850000000000009,-9.4450000000000003
39784,-1.33,-9.1449999999999996,-9.5649999999999995
39783,-1.08,-8.86,-9.2349999999999994
39780,-0.96,-8.7524999999999995,-9.1074999999999999
39779,-0.86499999999999999,-9.0500000000000007,-9.3224999999999998
39778,-0.89,-9.4,-9.6999999999999993
39777,-0.97750000000000004,-9.6425000000000001,-9.9949999999999992
39776,-1.2250000000000001,-9.5775000000000006,-9.8874999999999993
39773,-1.5125,-10.029999999999999,-10.220000000000001
39772,-1.5275000000000001,-10.2475,-10.435
39771,-1.43,-9.76,-10.077500000000001
39770,-1.4750000000000001,-9.8774999999999995,-10.2125
39769,-1.4125000000000001,-9.9350000000000005,-10.045
39766,-1.5525,-10.102499999999999,-10.36
39765,-1.6975,-10.07,-10.35
39764,-1.655,-9.6549999999999994,-10.067500000000001
39763,-1.4025000000000001,-9.4600000000000009,-9.5975000000000001
39762,-1.1274999999999999,-9.0024999999999995,-9.2449999999999992
39759,-1.2925,-9.2050000000000001,-9.2675000000000001
39758,-1.3,-9.1425000000000001,-9.14
39757,-1.1599999999999999,-8.9,-8.8550000000000004
39756,-1.4350000000000001,-8.7774999999999999,-8.8699999999999992
39755,-1.75,-8.7550000000000008,-8.9075000000000006
39752,-1.9775,-9.2650000000000006,-9.5425000000000004
39751,-1.835,-8.9924999999999997,-9.0474999999999994
39750,-2.2075,-9.2249999999999996,-9.32
39749,-2.67,-9.3849999999999998,-9.8249999999999993
39748,-2.9075000000000002,-9.7174999999999994,-9.3524999999999991
39745,-2.86,-9.5050000000000008,-9.44
39744,-1.85,-7.7024999999999997,-7.67
39743,-1.845,-7.3775000000000004,-7.3550000000000004
39742,-1.3274999999999999,-6.4874999999999998,-6.7474999999999996
39741,-0.9,-6.2824999999999998,-6.4349999999999996
39738,-0.96750000000000003,-6.81,-6.7850000000000001
39737,-1.02,-7,-6.8624999999999998
39736,-0.63249999999999995,-6.6574999999999998,-6.4375
39735,-0.57250000000000001,-6.25,-6.0374999999999996
39734,-0.71250000000000002,-6.65,-6.47
39731,-0.88,-7.43,-7.1074999999999999
39730,-0.67249999999999999,-6.4050000000000002,-6.0149999999999997
39729,-0.97250000000000003,-6.4725000000000001,-6.0274999999999999
39728,-1.07,-5.6150000000000002,-5.5
39727,-1.2324999999999999,-5.3425000000000002,-5.3250000000000002
39724,-0.86250000000000004,-4.5075000000000003,-4.37
39723,-0.91749999999999998,-4.6524999999999999,-4.47
39722,-0.45750000000000002,-4.5125000000000002,-4.0274999999999999
39721,-0.39750000000000002,-4.54,-4.0750000000000002
39720,-0.18,-4.2975000000000003,-3.3925000000000001
39717,0.1525,-4.1224999999999996,-3.45
39716,0.27750000000000002,-3.7275,-3.1875
39715,0.36249999999999999,-3.6724999999999999,-3.22
39714,0.60250000000000004,-3.7625000000000002,-3.2749999999999999
39713,0.47749999999999998,-3.6575000000000002,-3.3025000000000002
39710,0.20250000000000001,-3.6425000000000001,-3.4849999999999999
39709,0.115,-4.1950000000000003,-3.9550000000000001
39708,-0.3775,-4.1100000000000003,-3.8824999999999998
39707,-0.58750000000000002,-4.2699999999999996,-3.9350000000000001
39706,-0.66500000000000004,-3.7825000000000002,-3.5474999999999999
39703,-0.9375,-3.01,-3.105
39702,-1.2175,-3.1924999999999999,-3.395
39701,-1.06,-2.9550000000000001,-3.2225000000000001
39700,-1.0125,-2.9424999999999999,-3.2425000000000002
39699,-0.89500000000000002,-2.835,-3.0724999999999998
39696,-0.83,-3.4325000000000001,-3.5325000000000002
39695,-0.54,-2.9024999999999999,-2.9750000000000001
39694,-0.5625,-2.7374999999999998,-2.87
39693,-0.47749999999999998,-2.69,-2.9224999999999999
39692,-0.36499999999999999,-2.8925000000000001,-3.0525000000000002
39689,-0.30499999999999999,-2.6225000000000001,-2.7324999999999999
39688,-0.34250000000000003,-2.5575000000000001,-2.7124999999999999
39687,-0.40250000000000002,-2.5950000000000002,-2.7925
39686,-0.47499999999999998,-2.4474999999999998,-2.83
39685,-0.34499999999999997,-2.5049999999999999,-2.7124999999999999
39682,-0.27250000000000002,-2.4525000000000001,-2.7725
39681,-0.36499999999999999,-2.5575000000000001,-3.0625
39680,-0.52500000000000002,-2.3975,-2.9975000000000001
39679,-0.61750000000000005,-2.4075000000000002,-3.125
39678,-0.73250000000000004,-2.3574999999999999,-3.1074999999999999
39675,-0.84499999999999997,-2.3849999999999998,-3.24
39674,-0.66749999999999998,-2.6225000000000001,-3.1625000000000001
39673,-0.77,-2.86,-3.2149999999999999
39672,-0.77749999999999997,-2.3824999999999998,-2.99
39671,-0.76749999999999996,-2.375,-2.67
39668,-0.86750000000000005,-2.25,-2.7450000000000001
39667,-0.29499999999999998,-2.3975,-2.1274999999999999
39666,-0.14000000000000001,-2.6274999999999999,-2.23
39665,-0.125,-2.9925000000000002,-2.4975000000000001
39664,1.2500000000000001E-2,-3.0225,-2.4249999999999998
39661,9.7500000000000003E-2,-3.1274999999999999,-2.4950000000000001
39660,9.2499999999999999E-2,-2.9325000000000001,-2.3725000000000001
39659,5.7500000000000002E-2,-3,-2.4849999999999999
39658,0.21,-3.0350000000000001,-2.5474999999999999
39657,0.1825,-3.0975000000000001,-2.5924999999999998
39654,8.2500000000000004E-2,-3.3125,-2.69
39653,0.14000000000000001,-3.0474999999999999,-2.4375
39652,0.20250000000000001,-3.1074999999999999,-2.4525000000000001
39651,0.31,-3.27,-2.5724999999999998
39650,0.26250000000000001,-3.2725,-2.54
39647,0.19500000000000001,-3.4474999999999998,-2.64
39646,0.19,-3.5274999999999999,-2.68
39645,0.27250000000000002,-3.9925000000000002,-3.27
39644,0.29749999999999999,-3.7574999999999998,-2.6724999999999999
39643,0.2225,-3.1775000000000002,-2.3824999999999998
39640,0.09,-2.9375,-2.3450000000000002
39639,-2.5000000000000001E-2,-2.78,-2.3149999999999999
39638,-5.7500000000000002E-2,-2.7875000000000001,-2.29
39637,-6.5000000000000002E-2,-2.7774999999999999,-2.3475000000000001
39636,-0.05,-2.6349999999999998,-2.2825000000000002
39633,-4.2500000000000003E-2,-2.7149999999999999,-2.4049999999999998
39632,-3.2500000000000001E-2,-2.94,-2.4550000000000001
39631,1.2500000000000001E-2,-3.0924999999999998,-2.5274999999999999
39630,-0.03,-3.2250000000000001,-2.6074999999999999
39629,-4.4999999999999998E-2,-3.12,-2.54
39626,-4.7500000000000001E-2,-2.8374999999999999,-2.2149999999999999
39625,-9.2499999999999999E-2,-2.2725,-1.7549999999999999
39624,-0.155,-2.1949999999999998,-1.7925
39623,-0.16750000000000001,-2.14,-1.7625
39622,-0.20749999999999999,-2.1625000000000001,-1.81
39619,-0.19,-2.0975000000000001,-1.7050000000000001
39618,-0.255,-2.0249999999999999,-1.7450000000000001
39617,-0.2525,-1.7549999999999999,-1.6775
39616,-0.33250000000000002,-1.71,-1.6825000000000001
39615,-0.4,-1.7350000000000001,-1.78
39612,-0.4425,-1.8225,-1.7675000000000001
39611,-0.1575,-1.8174999999999999,-1.7375
39610,-0.05,-1.8425,-1.845
39609,-2.75E-2,-1.9325000000000001,-1.9225000000000001
39608,0.125,-2.2574999999999998,-2.0350000000000001
39605,6.25E-2,-2.2875000000000001,-2.1324999999999998
39604,-0.16500000000000001,-2.2174999999999998,-2.2050000000000001
39603,-0.21249999999999999,-2.5175000000000001,-2.2799999999999998
39602,-0.14499999999999999,-2.4674999999999998,-2.2075
39601,-0.16750000000000001,-2.2574999999999998,-2.0449999999999999
39598,-0.17249999999999999,-2.1825000000000001,-2.0325000000000002
39597,-0.16,-2.2174999999999998,-2.0950000000000002
39596,-7.2499999999999995E-2,-2.4874999999999998,-2.3250000000000002
39595,-7.2499999999999995E-2,-2.8025000000000002,-2.4375
39594,-2.5000000000000001E-2,-2.8174999999999999,-2.4275000000000002
39591,-1.4999999999999999E-2,-2.68,-2.3975
39590,-4.4999999999999998E-2,-2.7925,-2.42
39589,-0.105,-2.7374999999999998,-2.4700000000000002
39588,-0.1525,-2.4275000000000002,-2.3075000000000001
39587,-0.28249999999999997,-2.4375,-2.2949999999999999
39584,-0.29499999999999998,-2.3224999999999998,-2.3325
39583,-0.32500000000000001,-2.25,-2.3925000000000001
39582,-0.38500000000000001,-2.4424999999999999,-2.4550000000000001
39581,-0.42499999999999999,-2.7774999999999999,-2.7275
39580,-0.42,-2.9449999999999998,-2.73
39577,-0.45250000000000001,-2.8925000000000001,-2.68
39576,-0.44,-2.3824999999999998,-2.4325000000000001
39575,-0.47249999999999998,-2.0975000000000001,-2.0449999999999999
39574,-0.42499999999999999,-2.2374999999999998,-2.11
39573,-0.51249999999999996,-2.1675,-2.4075000000000002
39570,-0.51749999999999996,-2.2675000000000001,-2.37
39569,-0.52,-2.5625,-2.5625
39568,-0.48749999999999999,-2.6475,-2.5299999999999998
39567,-0.5,-2.5775000000000001,-2.5550000000000002
39566,-0.52,-2.5125000000000002,-2.5225
39563,-0.53500000000000003,-2.5724999999999998,-2.5
39562,-0.505,-2.6074999999999999,-2.4725000000000001
39561,-0.375,-2.7475000000000001,-2.4550000000000001
39560,-0.35749999999999998,-2.7625000000000002,-2.4249999999999998
39559,-0.435,-2.9175,-2.4849999999999999
39556,-0.45750000000000002,-2.9075000000000002,-2.4224999999999999
39555,-0.3725,-3.2875000000000001,-2.82
39554,-0.32750000000000001,-3.4175,-2.8224999999999998
39553,-0.41499999999999998,-3.4775,-2.9125000000000001
39552,-0.40250000000000002,-3.4049999999999998,-2.9049999999999998
39549,-0.44,-3.3824999999999998,-2.7625000000000002
39548,-0.48249999999999998,-3.5724999999999998,-2.7324999999999999
39547,-0.5625,-2.9975000000000001,-2.4700000000000002
39546,-0.61499999999999999,-3.0350000000000001,-2.7425000000000002
39545,-0.59499999999999997,-3.45,-3.0550000000000002
39542,-0.60250000000000004,-3.5175000000000001,-3.1175000000000002
39541,-0.60250000000000004,-3.5775000000000001,-3.2374999999999998
39540,-0.59250000000000003,-3.6475,-3.16
39539,-0.6,-4.0575000000000001,-3.4275000000000002
39538,-0.42,-4.2125000000000004,-3.7050000000000001
39535,-0.4425,-4.2474999999999996,-3.6074999999999999
39534,-0.42749999999999999,-4.2625000000000002,-3.7524999999999999
39533,-0.505,-4.2324999999999999,-3.6875
39532,-0.56000000000000005,-4.2649999999999997,-3.69
39531,-0.60040000000000004,-4.3266999999999998,-3.7486999999999999
39528,-0.58550000000000002,-4.5083000000000002,-3.7965
39527,-0.59240000000000004,-4.6048999999999998,-3.8889
39526,-0.55000000000000004,-4.9000000000000004,
39525,-0.13270000000000001,-5.3573000000000004,-4.6261999999999999
39524,-0.249,-6.25,-5
39521,-0.05,-4.75,-3.65
39520,-0.14849999999999999,-4.75,-3.65
39519,-0.25,-4.1500000000000004,-3.55
39518,-0.25,-3.9,-3.7719
39517,-0.25,-4.2,-3.8708999999999998
39514,-0.2243,-4.5250000000000004,-3.55
39513,-0.35,-3.5,-3.15
39512,-0.19800000000000001,-3.4,-2.375
39511,-0.3,-3.55,-2.375
39510,-0.27500000000000002,-3.35,-2.375
39507,-0.15,-2.95,-2.375
39506,-0.4,-2.4354,-2.0499999999999998
39505,-0.4,-2.1,-2.0499999999999998
39504,-0.52500000000000002,-2,-2.0499999999999998
39503,-0.59399999999999997,-2.25,-2.0499999999999998
39500,-0.52500000000000002,-2.25,-2.0499999999999998
39499,-0.625,-2.25,-2.0499999999999998
39498,-0.59399999999999997,-2.25,-2.5
39497,-0.57499999999999996,-2.0750000000000002,-2.5
39496,-0.65,-1.95,-2.5
39493,-0.72499999999999998,-1.95,-2.5
39492,-0.72499999999999998,-2.1749999999999998,-2.5
39491,-0.72499999999999998,-2.1749999999999998,-2.5
39490,-0.72499999999999998,-2.2000000000000002,-2.5
39489,-0.72499999999999998,-2.2000000000000002,-2.5
39486,-0.65,-2.35,-2.5
39485,-0.6,-2.35,-2.5
39484,-0.375,-2.4249999999999998,-2.5
39483,-0.375,-2.15,-2.5
39482,-0.375,-2.4500000000000002,-2.625
39479,-0.375,-2.8,-3.5
39478,-0.375,-3.25,-3.5
39477,-0.375,-2.75,-3.1
39476,-0.375,-2.9,-4.1500000000000004
39475,-0.42499999999999999,-3.3264,-4.1500000000000004
39472,-0.45,-3.35,-4.1500000000000004
39471,-0.45,-3.6,-4.1500000000000004
39470,-0.45,-3.9798,-4.1500000000000004
39469,-0.42499999999999999,-4.0750000000000002,-4.1500000000000004
39468,-0.55000000000000004,-3.7,-3.65
39465,-0.45,-3.7,-3.55
39464,-0.375,-3.4,-3.55
39463,-0.15,-3.85,-2.9
39462,-0.125,-3.4,-2.9
39461,-0.1,-3.4,-2.9
39458,-0.29699999999999999,-3.2250000000000001,-2.9
39457,-0.35,-2.9,-2.9
39456,-0.35,-3.0750000000000002,-3.35
39455,-0.29699999999999999,-3.0888,-3.35
39454,-0.4,-3.5,-3.35
39451,-0.45,-3.4750000000000001,-3.35
39450,-0.45,-2.9,-3.35
39449,-0.55000000000000004,-2.9,-2.1
39448,-0.495,-2.65,-2.1
39447,-0.7,-2.65,-2.1
39444,-0.7,-2.65,-2.1
39443,-0.7,-2.0499999999999998,-2.1
39442,-0.7,-2.0499999999999998,-2.4500000000000002
39441,-0.7,-2.0499999999999998,-2.4500000000000002
39440,-0.7,-2.4,-2.4500000000000002
39437,-0.7,-2.4,-2.4500000000000002
39436,-0.7,-2.4,-2.4500000000000002
39435,-0.7,-2.4,-2.4500000000000002
39434,-0.7,-2.2869000000000002,-2.4500000000000002
39433,-0.67500000000000004,-2.2000000000000002,-2.4500000000000002
39430,-0.52500000000000002,-2.4500000000000002,-2.4500000000000002
39429,-0.52500000000000002,-2.4500000000000002,-2.4500000000000002
39428,-0.625,-2.35,-2.4500000000000002
39427,-0.625,-2.2000000000000002,-2.375
39426,-0.625,-2.1749999999999998,-2.375
39423,-0.65,-2.375,-2.75
39422,-0.52500000000000002,-2.625,-2.75
39421,-0.52500000000000002,-2.625,-2.75
39420,-0.6,-2.5,-2.75
39419,-0.6,-2.5,-2.75
39416,-0.35,-2.5,-4.5
39415,-0.54449999999999998,-3,-4.5
39414,-0.35,-3.5,-4.5
39413,-0.32500000000000001,-4.5,-4.5
39412,-0.32500000000000001,-4.5,-4.5
39409,-0.42499999999999999,-4.5,-4.5
39408,-0.42499999999999999,-4.5,-4.5
39407,-0.42499999999999999,-4.5,-4.5
39406,-0.42499999999999999,-4.25,-4.1749999999999998
39405,-0.42499999999999999,-4.25,-4
39402,-0.5,-4.2668999999999997,-4
39401,-0.47499999999999998,-3.95,-4
39400,-0.25,-3.9798,-4
39399,-0.35,-5,-4.5
39398,-0.4,-5,-4.5
39395,0.32500000000000001,-3.4,-3.5
39394,0.22500000000000001,-3.2,-2.8
39393,0.2,-2.9,-2.5499999999999998
39392,-0.25,-2.6,-2.5499999999999998
39391,-0.25,-2.6,-2.5499999999999998
39388,-0.22500000000000001,-2.6,-2.5499999999999998
39387,-0.22500000000000001,-2.6,-2.5
39386,-0.14849999999999999,-3,-2.85
39385,-0.2,-3,-3
39384,-0.14849999999999999,-2.7719999999999998,-3.5
39381,-0.33750000000000002,-3.15,-3.5
39380,-0.42499999999999999,-3.15,-3.5
39379,-0.45,-3.15,-3.5
39378,-0.29699999999999999,-3.55,-3.5
39377,-0.22500000000000001,-3.75,-3.5
39374,-0.19800000000000001,-3.5,-3
39373,-0.22500000000000001,-2.9799000000000002,-2.25
39372,-0.28749999999999998,-2.375,-2.25
39371,-0.29699999999999999,-1.7,-1.45
39370,-0.22500000000000001,-1.6,-1.45
39367,-0.22500000000000001,-1.6,-1.45
39366,-0.15,-1.6,-1.45
39365,-0.22500000000000001,-1.7,-1.625
39364,-0.2,-1.7,-1.625
39363,-0.2,-2.0499999999999998,-2
39360,-0.2,-2.0499999999999998,-2
39359,-0.2,-2.4,-2
39358,0.1,-2.5,-2
39357,0.1,-2.8,-2
39356,0.1,-2.8,-2
39353,0.15,-2.5750000000000002,-2.1
39352,0.1125,-2.5750000000000002,-2.1
39351,0.27500000000000002,-2.75,-2.1
39350,0.27500000000000002,-2.2999999999999998,-2.1
39349,0.35,-2.2999999999999998,-2.1
39346,0.32500000000000001,-2.5249999999999999,-2.1
39345,0.32500000000000001,-1.875,-2.1
39344,0.2,-2.1,-2.1
39343,0,-2.6,-2.5
39342,0.05,-2.7,-2.5
39339,0.25,-2.7,-2.5
39338,0.2,-3.4,-3.5
39337,0.2,-3.75,-3.5
39336,0.25,-4.875,-4.5
39335,0.25,-4.875,-4.5
39332,-0.2,-4.3499999999999996,-4
39331,-0.23749999999999999,-4.4000000000000004,-4.5
39330,-0.3,-4.4000000000000004,-4.5
39329,-0.3,-4.4000000000000004,-4.5
39328,-0.25,-4.4000000000000004,-4.5
39325,-0.22500000000000001,-4.4000000000000004,-4.5
39324,-0.22500000000000001,-4.4000000000000004,-4.5
39323,-0.22500000000000001,-4.4000000000000004,-4.5
39322,-0.22500000000000001,-4.4000000000000004,-4.3
39321,-0.2,-4,-3.75
39318,-0.2,-4,-3.75
39317,-0.2,-4,-3.75
39316,-0.35,-5,-5.25
39315,-0.5,-5.5,-5
39314,-0.4,-4.5999999999999996,-5.5
39311,-0.5,-6.5,-6.5
39310,-0.7,-5.1974999999999998,-3.85
39309,-0.45,-3.4649999999999999,-3.2
39308,-0.1,-2.9205000000000001,-2.8
39307,-0.1,-2.95,-2.7250000000000001
39304,-0.1,-2.6,-2.4500000000000002
39303,-0.1,-2.4750000000000001,-1.95
39302,0.15,-2.35,-2.25
39301,0.3,-2.3250000000000002,-2.25
39300,0.05,-2.3264999999999998,-2.4500000000000002
39297,-4.9500000000000002E-2,-2.3264999999999998,-2.1
39296,-4.9500000000000002E-2,-2.2999999999999998,-2.2000000000000002
39295,-4.9500000000000002E-2,-2.2770000000000001,-2.4
39294,-4.9500000000000002E-2,-2.0295000000000001,-2.25
39293,,-2.3264999999999998,-2.25
39290,0,-2.4,-2.25
39289,0.1,-2.2000000000000002,-1.95
39288,0.2,-2.25,-1.95
39287,0.25,-2.0790000000000002,-1.8
39286,0.27500000000000002,-2.0249999999999999,-1.8
39283,0.25,-1.7749999999999999,-1.55
39282,0.27500000000000002,-1.7749999999999999,-1.55
39281,0.28749999999999998,-1.7749999999999999,-1.55
39280,0.22500000000000001,-1.75,-1.55
39279,0.22500000000000001,-1.75,-1.55
39276,0.32500000000000001,-1.75,-1.55
39275,0.3,-1.65,-1.5
39274,0.32500000000000001,-1.85,-1.6
39273,0.2,-1.35,-1.25
39272,0.15,-1.2250000000000001,-1.325
39269,9.98E-2,-1.55,-1.4
39268,4.9500000000000002E-2,-1.55,-1.4
39267,4.9500000000000002E-2,-1.7,-1.4
39266,4.9500000000000002E-2,-1.7,-1.65
39265,2.5000000000000001E-2,-1.425,-1.65
39262,2.5000000000000001E-2,-1.425,-1.65
39261,-1.9800000000000002E-2,-1.6,-1.65
39260,-2.5000000000000001E-2,-1.6,-1.35
39259,-2.5000000000000001E-2,-1.125,-0.9
39258,-2.5000000000000001E-2,-0.85,-0.85
39255,-2.5000000000000001E-2,-0.875,-1
39254,-9.9000000000000005E-2,-0.875,-1
39253,-0.17499999999999999,-0.9,-1
39252,-0.16830000000000001,-1,-1
39251,-0.17499999999999999,-1,-1
39248,-0.25,-1.1000000000000001,-1.2
39247,-0.25,-1.2,-1.3
39246,-0.25,-1.25,-1.4
39245,-0.25,-1.3,-1.35
39244,-0.22500000000000001,-1.3,-1.35
39241,-0.22500000000000001,-1.25,-1.45
39240,-0.15,-1.2,-1.2
39239,-0.15,-1,-1.1499999999999999
39238,-0.15,-0.9405,-0.99
39237,-0.15,-1.1000000000000001,-1.1499999999999999
39234,-0.15,-1.05,-1.1499999999999999
39233,-9.9000000000000005E-2,-1.2,-1.25
39232,-9.9000000000000005E-2,-1.2,-1.25
39231,-0.125,-1.2,-1.25
39230,-0.125,-1.1499999999999999,-1.25
39227,-0.125,-1.1499999999999999,-1.1000000000000001
39226,-9.9000000000000005E-2,-0.9405,-1.1484000000000001
39225,-0.14849999999999999,-0.875,-1.1000000000000001
39224,-0.125,-0.99,-1.1000000000000001
39223,-0.05,-1.0249999999999999,-1.125
39220,-0.05,-1.0249999999999999,-1.4
39219,7.5300000000000006E-2,-1.075,-1.4
39218,7.4999999999999997E-2,-1.0249999999999999,-1.4
39217,,-1.175,-1.4
39216,7.4999999999999997E-2,-1.25,-1.4
39213,0.05,-1.3,-1.25
39212,0.05,-1.25,-1.1879999999999999
39211,,-1.3,-1.2177
39210,4.9500000000000002E-2,-1.25,-1.1000000000000001
39209,4.9500000000000002E-2,-1.3167,-1.1484000000000001
39206,4.9500000000000002E-2,-1.25,-1.25
39205,,-1.25,-1.25
39204,0.19800000000000001,-1.35,-1.25
39203,0.19800000000000001,-1.4948999999999999,-1.25
39202,0.22500000000000001,-1.5249999999999999,-1.4
39199,0.22500000000000001,-1.5249999999999999,-1.4
39198,0.3,-1.55,-1.5
39197,0.33750000000000002,-1.55,-1.5
39196,0.3,-1.65,-1.5
39195,0.4,-1.65,-1.5
39192,0.4,-1.65,-1.5
39191,0.375,-1.7,-1.6
39190,0.48749999999999999,-1.6,-1.4
39189,0.48749999999999999,-1.4,-1.2
39188,0.48749999999999999,-1.5,-1.2
39185,0.4,-1.5,-1.3
39184,0.4,-1.5,-1.3
39183,0.4,-1.5840000000000001,-1.3
39182,0.42499999999999999,-1.55,-1.2
39181,0.42499999999999999,-1.6,-1.2
39178,0.42499999999999999,-1.65,-1.25
39177,0.42499999999999999,-1.65,-1.2
39176,0.34649999999999997,-1.5543,-1.1484000000000001
39175,0.34649999999999997,-1.6136999999999999,-1.2474000000000001
39174,0.35,-1.85,-1.5
39171,0.25,-1.75,-1.4750000000000001
39170,0.25,-1.85,-1.6
39169,0.32500000000000001,-1.7,-1.3
39168,0.33750000000000002,-1.5249999999999999,-1.2
39167,0.26250000000000001,-1.5249999999999999,-1.2
39164,0.4,-1.55,-1.2
39163,0.47499999999999998,-1.7,-1.6
39162,0.35,-1.6434,-1.6
39161,0.33750000000000002,-1.7,-1.6
39160,0.45,-1.65,-1.6
39157,0.45,-1.6,-1.6
39156,0.32500000000000001,-1.75,-1.52
39155,0.17499999999999999,-1.782,-1.75
39154,0.15,-1.55,-1.2
39153,2.5000000000000001E-2,-1.3365,-1.2
39150,6.25E-2,-1.5,-1.65
39149,4.9500000000000002E-2,-1.85,-1.7250000000000001
39148,-4.9500000000000002E-2,-1.7250000000000001,-1.65
39147,0.05,-1.7250000000000001,-1.65
39146,0.05,-1.9,-2
39143,0.1125,-1.5,-1.25
39142,0.14849999999999999,-1.35,-1.25
39141,0.17499999999999999,-1.35,-1.25
39140,0.2475,-1.2869999999999999,-0.7
39139,0.17499999999999999,-0.7,-0.7
39136,0.17499999999999999,-0.7,-0.7
39135,0.17499999999999999,-0.72499999999999998,-0.75
39134,0.1782,-0.69299999999999995,-0.75239999999999996
39133,0.1782,-1.0395000000000001,-1.0197000000000001
39132,0.1782,-1.1879999999999999,-1.1484000000000001
39129,0.13750000000000001,-1.325,-0.85
39128,0.1875,-1.4750000000000001,-0.85
39127,0.1875,-1,-0.85
39126,9.9000000000000005E-2,-0.875,-0.85
39125,0.1245,-0.8,-0.85
39122,4.9500000000000002E-2,-1.125,-1.075
39121,4.9500000000000002E-2,-1.2250000000000001,-1.075
39120,4.9500000000000002E-2,-1.2749999999999999,-1.2
39119,4.9500000000000002E-2,-1.325,-1.1499999999999999
39118,4.9500000000000002E-2,-1.2250000000000001,-1.17
39115,0.14849999999999999,-1.2,-1.1499999999999999
39114,0.14849999999999999,-1.2672000000000001,-1.1499999999999999
39113,0.05,-1.1000000000000001,-0.82499999999999996
39112,0.05,-0.72499999999999998,-0.82499999999999996
39111,2.5000000000000001E-2,-0.67500000000000004,-0.95
39108,0,-0.85,-0.95
39107,0.05,-1.05,-1.0249999999999999
39106,0.1,-0.5,-0.57499999999999996
39105,0.1,-0.2,-0.57499999999999996
39104,0.1,-0.25,-0.57499999999999996
39101,4.9500000000000002E-2,-0.25,-0.57499999999999996
39100,0.05,-0.32500000000000001,-0.57499999999999996
39099,0.05,-0.27500000000000002,-0.47499999999999998
39098,4.9500000000000002E-2,-0.33750000000000002,-0.47499999999999998
39097,,-0.27500000000000002,-0.55000000000000004
39094,0,-0.3,-0.55000000000000004
39093,0.02,-0.45,-0.65
39092,4.9500000000000002E-2,-0.57499999999999996,-0.5
39091,0.125,-0.57499999999999996,-0.5
39090,0.1,-0.625,-0.5
39087,0.12870000000000001,-0.65,-0.5
39086,0.25,-0.495,-0.5
39085,0.45,-0.57499999999999996,-0.5
39084,0.4,-0.57499999999999996,-0.5
39083,0.375,-0.65,-0.55000000000000004
39080,0.375,-0.65,-0.55000000000000004
39079,0.375,-0.65,-0.55000000000000004
39078,0.35,-0.52500000000000002,-0.51249999999999996
39077,0.35,-0.51480000000000004,-0.51249999999999996
39076,0.35,-0.67500000000000004,-0.51249999999999996
39073,0.35,-0.67500000000000004,-0.51249999999999996
39072,0.35,-0.67500000000000004,-0.51249999999999996
39071,0.35,-0.77500000000000002,-0.51249999999999996
39070,0.25,-0.75,-0.51249999999999996
39069,0.15,-0.75,-0.51249999999999996
39066,0.25,-0.75,-0.51249999999999996
39065,0.2,-1.0249999999999999,-0.51249999999999996
39064,0.35,-1.0249999999999999,-0.51249999999999996
39063,0.375,-0.92500000000000004,-0.51249999999999996
39062,0.3,-1.075,-0.51249999999999996
39059,0.6,-1.325,-0.5
39058,0.6,-1.325,-0.5
39057,0.6,-1.375,-0.45
39056,0.625,-1.4,-0.45
39055,0.67500000000000004,-1.35,-0.4
39052,0.66249999999999998,-1.25,-0.4
39051,0.67500000000000004,-1.075,-0.4
39050,0.7,-1.075,-0.6
39049,0.75,-1.125,-0.6
39048,0.76249999999999996,-1.1499999999999999,-0.6
39045,0.75,-0.85,-0.55000000000000004
39044,0.51249999999999996,-0.77500000000000002,-0.45
39043,0.45,-0.67500000000000004,-0.45
39042,0.35,-0.55000000000000004,-0.45
39041,0.375,-0.55000000000000004,-0.45
39038,0.3,-0.57499999999999996,-0.42499999999999999
39037,0.35,-0.6,-0.42499999999999999
39036,0.33750000000000002,-0.55000000000000004,-0.45
39035,0.4,-0.7,-0.45
39034,0.4,-0.52500000000000002,-0.45
39031,0.47499999999999998,-0.52500000000000002,-0.45
39030,0.3,-0.45,-0.45
39029,0.25,-0.52500000000000002,-0.5
39028,0.3,-0.44550000000000001,-0.5
39027,0.15,-0.5,-0.55000000000000004
39024,0.23749999999999999,-0.72499999999999998,-0.55000000000000004
39023,0.2,-0.72499999999999998,-0.55000000000000004
39022,0.125,-0.67500000000000004,-0.55000000000000004
39021,9.9000000000000005E-2,-0.52500000000000002,-0.55000000000000004
39020,9.9000000000000005E-2,-0.57499999999999996,-0.5
39017,0.05,-0.55000000000000004,-0.5
39016,-0.14849999999999999,-0.27500000000000002,-0.5
39015,-0.16830000000000001,-0.27500000000000002,-0.5
39014,-0.22500000000000001,-0.35,-0.5
39013,-0.125,-0.35,-0.5
39010,-0.125,-0.3,-0.5
39009,-0.17499999999999999,-0.25,-0.5
39008,-0.22500000000000001,-0.22500000000000001,-0.55000000000000004
39007,-0.2,-0.22500000000000001,-0.55000000000000004
39006,-0.25,-0.17499999999999999,-0.55000000000000004
39003,-0.22500000000000001,-0.17499999999999999,-0.55000000000000004
39002,-0.2,-0.125,-0.55000000000000004
39001,-0.15,-0.2,-0.77500000000000002
39000,-0.125,-0.35,-0.77500000000000002
38999,0,-0.35,-0.75
38996,-2.5000000000000001E-2,-0.5,-0.75
38995,6.93E-2,-0.65339999999999998,-0.75
38994,0.1,-0.72499999999999998,-0.75
38993,0.1,-0.72499999999999998,-0.67500000000000004
38992,7.4999999999999997E-2,-0.67500000000000004,-0.75
38989,0.125,-0.7,-0.8
38988,0.16250000000000001,-0.67500000000000004,-0.77500000000000002
38987,0.125,-0.67500000000000004,-0.77500000000000002
38986,0.15,-0.8,-0.77500000000000002
38985,0.17499999999999999,-0.82499999999999996,-0.8
38982,0.17499999999999999,-0.85,-0.8
38981,2.5000000000000001E-2,-0.75,-0.8
38980,9.9000000000000005E-2,-0.72499999999999998,-0.8
38979,0.05,-0.72499999999999998,-0.8
38978,0.17499999999999999,-0.72499999999999998,-0.8
38975,0.17499999999999999,-0.82499999999999996,-0.8
38974,0.16250000000000001,-0.8,-0.8
38973,0.15,-0.82499999999999996,-0.8
38972,0.2,-0.82499999999999996,-0.7
38971,0.17499999999999999,-0.85,-0.7
38968,0.17499999999999999,-0.82499999999999996,-0.7
38967,0.17499999999999999,-0.82499999999999996,-0.7
38966,0.22500000000000001,-0.82499999999999996,-0.52500000000000002
38965,0.22500000000000001,-0.82499999999999996,-0.52500000000000002
38964,0.26250000000000001,-0.625,-0.52500000000000002
38961,0.2,-0.625,-0.52500000000000002
38960,0.27500000000000002,-0.625,-0.52500000000000002
38959,0.3,-0.625,-0.52500000000000002
38958,0.25,-0.625,-0.52500000000000002
38957,0.22500000000000001,-0.625,-0.55000000000000004
38954,0.26250000000000001,-0.67500000000000004,-0.52500000000000002
38953,0.25,-0.67500000000000004,-0.52500000000000002
38952,0.25,-0.67500000000000004,-0.52500000000000002
38951,0.27500000000000002,-0.72499999999999998,-0.52500000000000002
38950,0.32500000000000001,-0.72499999999999998,-0.52500000000000002
38947,0.25,-0.72499999999999998,-0.5
38946,0.32500000000000001,-0.67500000000000004,-0.52500000000000002
38945,0.3,-0.65,-0.52500000000000002
38944,0.3,-0.65,-0.45
38943,0.27500000000000002,-0.625,-0.52500000000000002
38940,0.27500000000000002,-0.77500000000000002,-0.6
38939,0.32500000000000001,-0.82499999999999996,-0.6
38938,0.32500000000000001,-0.875,-0.6
38937,0.32500000000000001,-0.82499999999999996,-0.6
38936,0.32500000000000001,-0.95,-0.6
38933,0.3125,-0.85,-0.6
38932,0.35,-0.9,-0.5
38931,0.32,-0.95,-0.6
38930,0.3488,-0.95,-0.6
38929,0.25,-0.92500000000000004,-0.55549999999999999
38926,0.25,-0.8,-0.48480000000000001
38925,0.25,-0.6,-0.5
38924,0.15,-0.6,-0.45450000000000002
38923,0.2,-0.55000000000000004,-0.45
38922,0.18,-0.625,-0.45
38919,0.2,-0.625,-0.45
38918,0.2,-0.67500000000000004,-0.45
38917,0.1,-0.52500000000000002,-0.45
38916,0.17499999999999999,-0.52500000000000002,-0.5
38915,0.15,-0.55000000000000004,-0.5
38912,0.25,-0.8,-0.625
38911,0.25,-0.82499999999999996,-0.625
38910,0.25,-0.82499999999999996,-0.67500000000000004
38909,0.27500000000000002,-0.9,-0.67500000000000004
38908,0.32500000000000001,-1.05,-0.65
38905,0.35,-0.95,-0.52500000000000002
38904,0.27500000000000002,-0.9,-0.45
38903,0.3,-0.92500000000000004,-0.52500000000000002
38902,0.3,-1,-0.52500000000000002
38901,0.27500000000000002,-1.0249999999999999,-0.55000000000000004
38898,0.27500000000000002,-0.875,-0.55000000000000004
38897,0.25,-0.85,-0.55000000000000004
38896,0.2,-0.72499999999999998,-0.55000000000000004
38895,0.15,-0.75,-0.52500000000000002
38894,0.22500000000000001,-0.67500000000000004,-0.52500000000000002
38891,0.2,-0.72499999999999998,-0.5
38890,0.25,-0.77500000000000002,-0.5
38889,0.22500000000000001,-0.7,-0.5
38888,0.22500000000000001,-0.7,-0.5
38887,0.22500000000000001,-0.7,-0.55000000000000004
38884,0.22500000000000001,-0.75,-0.55000000000000004
38883,0.17499999999999999,-0.8,-0.55000000000000004
38882,0.22500000000000001,-0.75,-0.55000000000000004
38881,0.2,-0.75,-0.5
38880,0.22500000000000001,-0.77500000000000002,-0.5
38877,0.22500000000000001,-0.77500000000000002,-0.5
38876,0.22500000000000001,-0.77500000000000002,-0.5
38875,0.3,-0.95,-0.5
38874,0.4,-1.1499999999999999,-0.5
38873,0.4,-1.325,-0.5
38870,0.4,-1.3129999999999999,-0.5353
38869,0.3,-1.2,-0.5
38868,0.35,-1.25,-0.625
38867,0.4,-1.35,-0.7
38866,0.35,-1.35,-0.7
38863,0.35,-1.2625,-0.7
38862,0.35,-1.3,-0.71709999999999996
38861,0.35,-1.35,-0.7
38860,0.4,-1.4,-0.7
38859,0.35,-1.4,-0.6
38856,0.3,-1.3,-0.625
38855,0.27500000000000002,-1.45,-0.7
38854,0.3,-1.4,-0.75
38853,0.4,-1.5,-0.6
38852,0.42499999999999999,-1.6,-0.77500000000000002
38849,0.4,-1.6,-0.65
38848,0.4,-1.45,-0.65
38847,0.4,-1.55,-0.75
38846,0.375,-1.2749999999999999,-0.65
38845,0.4,-1.3,-0.65
38842,0.35,-1.2,-0.60599999999999998
38841,0.4,-1.1000000000000001,-0.55000000000000004
38840,0.4,-1.1499999999999999,-0.55000000000000004
38839,0.35,-1.1499999999999999,-0.55000000000000004
38838,0.4,-1.25,-0.55000000000000004
38835,0.375,-1.1000000000000001,-0.55000000000000004
38834,0.375,-1.25,-0.55000000000000004
38833,0.4,-0.875,-0.55000000000000004
38832,0.4,-1.05,-0.6
38831,0.4,-1.25,-0.5
38828,0.43,-0.9,-0.5
38827,0.4,-0.7,-0.35
38826,0.4,-0.7,-0.4
38825,0.35,-0.75,-0.375
38824,0.27500000000000002,-0.55000000000000004,-0.375
38821,0.22500000000000001,-0.6,-0.45450000000000002
38820,0.22500000000000001,-0.6,-0.375
38819,0.3,-0.625,-0.375
38818,0.3,-0.5,-0.3
38817,0.22500000000000001,-0.55000000000000004,-0.32500000000000001
38814,0.27500000000000002,-0.8,-0.45
38813,0.3125,-0.8,-0.45
38812,0.4,-0.7,-0.45
38811,0.35,-0.75,-0.45
38810,0.27500000000000002,-0.7,-0.45
38807,0.27500000000000002,-0.67500000000000004,-0.45
38806,0.35,-0.7,-0.45
38805,0.22500000000000001,-0.67500000000000004,-0.45
38804,0.27500000000000002,-0.6,-0.65
38803,0.2,-0.7,-0.45
38800,0.2,-0.7,-0.45
38799,0.17480000000000001,-0.6,-0.35
38798,0.25,-0.65,-0.5
38797,0.25,-0.75,-0.5
38796,0.27500000000000002,-0.8,-0.5
38793,0.375,-0.72499999999999998,-0.45
38792,0.3,-0.65,-0.45
38791,0.25,-0.65,-0.45
38790,0.25,-0.65,-0.45
38789,0.15,-0.5,-0.45
38786,0.15,-0.5,-0.4
38785,0.17499999999999999,-0.6,-0.45
38784,0.17499999999999999,-0.65,-0.4
38783,0.17499999999999999,-0.67500000000000004,-0.4
38782,0.23,-0.75,-0.4
38779,0.2,-0.6,-0.4
38778,0.17499999999999999,-0.875,-0.6
38777,0.1,-0.75,-0.55000000000000004
38776,0.1,-0.82499999999999996,-0.65
38775,0.12479999999999999,-0.85,-0.6
38772,0.08,-0.7,-0.505
38771,0.05,-0.65,-0.41410000000000002
38770,0.10970000000000001,-0.5,-0.35
38769,0.05,-0.55000000000000004,-0.5
38768,0.05,-0.5,-0.35
38765,0,-0.5,-0.35
38764,0,-0.5,-0.5
38763,0,-0.65649999999999997,-0.4
38762,0,-0.67500000000000004,-0.5
38761,0,-0.45,-0.35
38758,0,-0.7,-0.4
38757,-0.05,-0.5,-0.32500000000000001
38756,-0.05,-0.55000000000000004,-0.27500000000000002
38755,-0.05,-0.45,-0.27500000000000002
38754,-0.05,-0.25,-0.27500000000000002
38751,-0.05,-0.25,-0.27500000000000002
38750,0,-0.35,-0.3
38749,0,-0.35,-0.3
38748,0,-0.4,-0.3
38747,0,-0.5,-0.4
38744,0.05,-0.55000000000000004,-0.3
38743,0.1,-0.7,-0.4
38742,0.17499999999999999,-0.6,-0.4
38741,0.17499999999999999,-0.7,-0.4
38740,0.2,-0.75,-0.45
38737,0.15,-0.7,-0.45
38736,0.17499999999999999,-0.65,-0.55000000000000004
38735,0.17499999999999999,-0.7,-0.45
38734,0.2,-0.6,-0.6
38733,0.2,-0.85850000000000004,-0.7
38730,0.2,-1,-0.7
38729,0.2,-0.95,-0.75
38728,0.17,-0.85,-0.65
38727,0.25919999999999999,-0.85,-0.65
38726,0.15,-0.9,-0.65649999999999997
38723,0.25,-0.8,-0.55000000000000004
38722,0.2,-0.60599999999999998,-0.6
38721,0.2,-0.65649999999999997,-0.6
38720,0.1,-0.5,-0.55000000000000004
38719,0.1,-0.6,-0.55000000000000004
38716,0.1,-0.6,-0.55000000000000004
38715,0.125,-0.6,-0.55000000000000004
38714,0.05,-0.7,-0.55000000000000004
38713,0.05,-0.75,-0.55000000000000004
38712,0.05,,-0.55000000000000004
38709,0.05,-0.75,-0.55000000000000004
38708,0.05,-0.75,-0.55000000000000004
38707,-0.05,-0.75,-0.65
38706,0.15,-0.75,-0.65
38705,0.1,-0.95,-0.7
38702,0.125,-1.05,-0.7
38701,0.15,-0.55000000000000004,
38700,0.2,-0.45,-0.3
38699,0.1,-0.4,-0.3
38698,0.1,-0.45,-0.3
38695,0.1,-0.4,-0.3
38694,0.1,-0.4,-0.3
38693,0.1,-0.3,-0.3
38692,0.1,-0.3,-0.3
38691,0.1,-0.32500000000000001,-0.27500000000000002
38688,0.1,-0.3,-0.3
38687,-0.1,-0.35,-0.3
38686,0.05,-0.4,-0.3
38685,-0.05,-0.4,-0.3
38684,-0.05,-0.4,-0.3
38681,-0.05,-0.4,-0.27500000000000002
38680,-0.05,-0.4,-0.27500000000000002
38679,-0.25,-0.35,-0.25
38678,-0.2,-0.3,-0.27500000000000002
38677,-0.25,-0.3,-0.27500000000000002
38674,-0.35,-0.25,-0.35
38673,-0.35,-0.25,-0.35
38672,-0.35,-0.25,-0.35
38671,-0.4,-0.25,-0.3
38670,-0.35,-0.25,-0.35
38667,-0.4,-0.3,-0.4
38666,-0.35,-0.25,-0.35
38665,-0.4,-0.25,-0.35
38664,-0.4,-0.25,-0.25
38663,-0.35,-0.2,-0.3
38660,-0.25,-0.25,-0.17
38659,-0.2,-0.25,-0.17
38658,-0.2,-0.3,-0.17
38657,-2.5000000000000001E-2,-0.35,-0.2
38656,-0.1,-0.35,-0.2
38653,-0.1,-0.3,-0.35
38652,-3.7499999999999999E-2,-0.3,-0.25
38651,-0.2,-0.3,-0.22
38650,-0.2,-0.27500000000000002,-0.22
38649,-0.2,-0.25,-0.2
38646,-0.35,-0.3,-0.2
38645,-0.25,-0.2,-0.3
38644,-0.3,-0.35,-0.5
38643,-0.2,-0.25,-0.35
38642,-0.3,-0.3,-0.35
38639,-0.25,-0.35,-0.35
38638,-0.25,-0.35,-0.35
38637,,-0.35,-0.35
38636,-0.1,-0.35,-0.35
38635,-0.1,-0.45,-0.35
38632,-0.3,-0.45,-0.52500000000000002
38631,-0.25,-0.45,-0.35
38630,-0.25,-0.4,-0.45
38629,-0.3,-0.4,-0.45
38628,-0.3,-0.45,-0.6
38625,-0.3,-0.5,-0.6
38624,-0.3,-0.45,-0.4
38623,-0.3,-0.45,-0.4
38622,-0.3,-0.4,-0.4
38621,-0.3,-0.4,-0.6
38618,-0.3,-0.45,-0.5
38617,-0.15,-0.5,-0.5
38616,-0.15,-0.5,-0.55000000000000004
38615,-0.25,-0.5,-0.55000000000000004
38614,-0.25,-0.5,-0.55000000000000004
38611,-0.1,-0.6,-0.45
38610,-0.1,-0.65,-0.47499999999999998
38609,-0.05,-0.65,-0.45
38608,,-0.6,-0.45
38607,0.1,-0.7,-0.45
38604,0.1,-0.7,-0.45
38603,0.1,-0.7,-0.45
38602,0.1,-0.75,-0.45
38601,0.1,-0.75,-0.5
38600,0.2,-0.85,-0.6
38597,0.3,-0.7,-0.6
38596,0.05,-0.7,-0.6
38595,-0.25,-0.55000000000000004,-0.6
38594,-0.3,-0.55000000000000004,-0.6
38593,-0.15,-0.65,-0.6
38590,-0.15,-0.65,-0.6
38589,-0.25,-0.6,-0.6
38588,-0.3,-0.5,-0.6
38587,-0.3,-0.6,-0.6
38586,-0.3,-0.65,-0.6
38583,-0.3,-0.6,-0.6
38582,-0.25,-0.7,-0.6
38581,-0.15,-0.7,-0.6
38580,-0.1,-0.85,-0.6
38579,-0.1,-0.8,-0.6
38576,-0.1,-0.8,-0.6
38575,0,-0.8,-0.65
38574,-0.1,-0.8,-0.6
38573,-0.1,-0.6,-0.55000000000000004
38572,-0.15,-0.45,-0.55000000000000004
38569,-0.15,-0.7,-0.55000000000000004
38568,-0.1,-0.7,-0.55000000000000004
38567,-0.1,-0.7,-0.55000000000000004
38566,-0.2,-0.55000000000000004,-0.6
38565,-0.25,-0.4,-0.6
38562,-0.35,-0.35,-0.65
38561,-0.35,-0.35,-0.65
38560,-0.35,-0.35,-0.65
38559,-0.35,-0.45,-0.7
38558,-0.3,-0.6,-0.7
38555,-0.25,-0.7,-0.7
38554,-0.25,-1,-0.8
38553,-0.35,-0.15,-0.6
38552,-0.45,-0.4,-0.6
38551,-0.35,-0.4,-0.6
38548,-0.35,-0.45,-0.6
38547,-0.35,-0.45,-0.6
38546,-0.3,-0.5,-0.6
38545,-0.3,-0.55000000000000004,-0.6
38544,-0.3,-0.2,-0.6
38541,-0.5,-0.2,-0.6
38540,-0.5,-0.3,-0.6
38539,-0.55000000000000004,-0.1,-0.6
38538,-0.6,-0.1,-0.75
38537,-0.7,-0.05,-0.75
38534,-0.65,-0.2,-0.75
38533,-0.6,-0.2,-0.75
38532,-0.6,-0.2,-0.75
38531,-0.6,-0.25,-0.75
38530,-0.6,-0.35,-0.8
38527,-0.6,-0.35,-0.8
38526,-0.65,-0.4,-0.8
38525,-0.6,-0.4,-0.7
38524,-0.55000000000000004,-0.45,-0.7
38523,-0.5,-0.45,-0.55000000000000004
38520,-0.5,-0.3,-0.65
38519,-0.6,-0.3,-0.65
38518,-0.6,-0.35,-0.8
38517,-0.6,-0.35,-0.65
38516,-0.6,-0.35,-0.7
38513,-0.55000000000000004,-0.55000000000000004,-0.85
38512,-0.4,-0.6,-0.85
38511,-0.35,-0.6,-0.85
38510,-0.4,-0.6,-0.9
38509,-0.45,-0.6,-0.85
38506,-0.45,-0.45,-0.75
38505,-0.4,-0.45,-0.9
38504,-0.55000000000000004,-0.45,-0.9
38503,-0.35,-0.55000000000000004,-0.9
38502,-0.25,-0.55000000000000004,-0.8
38499,-0.25,-0.6,-0.65
38498,-0.3,-0.6,-0.65
38497,-0.2,-0.6,-0.65
38496,-0.25,-0.55000000000000004,-0.65
38495,-0.3,-0.55000000000000004,-0.75
38492,-0.35,-0.6,-0.75
38491,-0.25,-0.75,-0.8
38490,-0.3,-0.75,-0.8
38489,-0.3,-0.75,-0.8
38488,-0.35,-0.5,-0.75
38485,-0.35,-0.55000000000000004,-0.75
38484,-0.2,-0.7,-0.75
38483,-0.1,-0.8,-0.8
38482,-0.125,-0.75,-0.8
38481,-0.2,-0.75,-0.85
38478,-0.1,-1.05,-0.9
38477,0,-1.05,-0.9
38476,-0.05,-1,-0.85
38475,-0.05,-0.95,-0.85
38474,-0.05,-1.05,-0.85
38471,0,-1.1000000000000001,-0.85
38470,-0.05,-0.6,-0.75
38469,-0.05,-0.6,-0.65
38468,0.1,-0.65,-0.6
38467,0.1,-0.65,-0.6
38464,0.05,-0.6,-0.6
38463,0.1,-0.5,-0.4
38462,0.1,-0.5,-0.4
38461,0.17499999999999999,-0.5,-0.4
38460,0.1,-0.45,-0.4
38457,-0.05,-0.35,-0.4
38456,-0.1,-0.4,-0.4
38455,0.05,-0.4,-0.4
38454,0.05,-0.35,-0.25
38453,0.05,-0.4,-0.25
38450,0,-0.4,-0.25
38449,0,-0.35,-0.25
38448,-0.05,-0.45,-0.3
38447,-0.1,-0.35,-0.45
38446,-0.1,-0.4,-0.45
38443,0.05,-0.5,-0.45
38442,0.05,-0.5,-0.45
38441,0,-0.5,-0.45
38440,-0.05,-0.45,-0.65
38439,,-0.45,-0.65
38436,0,-0.5,-0.65
38435,0,-0.5,-0.65
38434,0,-0.55000000000000004,-0.65
38433,0,-0.6,-0.6
38432,0.05,-0.5,-0.6
38429,,-0.7,-0.6
38428,0.25,-0.8,-0.6
38427,0.2,-0.7,-0.6
38426,0.25,-0.6,-0.5
38425,0.3,-0.5,-0.5
38422,0.35,-0.7,-0.65
38421,0.35,-0.8,-0.7
38420,0.3,-0.8,-0.7
38419,0.2,-0.65,-0.5
38418,0.1,-0.6,-0.5
38415,0.1,-0.55000000000000004,-0.5
38414,0.1,-0.55000000000000004,-0.5
38413,0.1,-0.65,-0.5
38412,,-0.7,-0.5
38411,,-0.65,-0.5
38408,,-0.5,-0.45
38407,,-0.45,-0.55000000000000004
38406,0.2,-0.7,-0.55000000000000004
38405,0.25,-0.8,-0.55000000000000004
38404,0.1,-0.35,-0.65
38401,0.1,-0.35,-0.65
38400,0.1,-0.4,-0.65
38399,0.1,-0.55000000000000004,-0.65
38398,,-0.5,-0.6
38397,0.1,-0.5,-0.6
38394,0.05,-0.2,-0.7
38393,0.1,-0.2,-0.7
38392,-0.05,-0.45,-0.7
38391,-0.2,-0.4,-0.7
38390,-0.2,-0.6,-0.8
38387,-0.05,-0.7,-0.8
38386,0,-0.65,-0.75
38385,0.05,-0.75,-0.75
38384,0.05,-0.8,-0.75
38383,0.05,-0.8,-0.75
38380,0.05,-0.9,-0.75
38379,0.05,-0.8,-0.75
38378,0,-0.7,-0.75
38377,-0.1,-0.65,-0.75
38376,0,-0.8,-0.8
38373,-0.1,-0.75,-0.65
38372,-0.1,-0.8,-0.7
38371,0,-1,-0.85
38370,-0.1,-1.25,-0.9
38369,-0.1,-1.25,-0.9
38366,-0.05,-1.1499999999999999,-1
38365,0,-0.95,-0.85
38364,0.1,-1,-0.85
38363,-0.1,-0.65,-0.75
38362,-0.1,-0.6,-0.8
38359,-0.25,-0.7,-0.7
38358,,-0.75,-0.7
38357,-0.1,-0.7,-0.75
38356,,-0.8,-0.75
38355,0,-0.8,-0.75
38352,0.05,-0.95,-0.75
38351,0.05,-0.8,-0.65
38350,0,-0.95,-0.65
38349,0.1,-1.05,-0.65
38348,0.1,-1.1000000000000001,-0.65
38345,0.1,-0.85,-0.65
38344,0.1,-0.85,-0.65
38343,0.05,-0.8,-0.65
38342,0.05,-0.8,-0.65
38341,0.1,-0.85,-0.65
38338,0,-0.9,-0.65
38337,-0.1,-0.75,-0.55000000000000004
38336,0.05,-0.75,-0.55000000000000004
38335,0,-0.6,-0.5
38334,0,-0.65,-0.5
38331,-0.2,-0.55000000000000004,-0.5
38330,0,-0.7,-0.55000000000000004
38329,-0.05,-0.8,-0.55000000000000004
38328,0.25,-1.25,-0.5
38327,0.25,-1.25,-0.6
38324,0.35,-1.25,-0.65
38323,0.3,-1.25,-0.7
38322,0.45,-1.35,-0.65
38321,0.45,-1.35,-0.65
38320,0.5,-1.6,-0.7
38317,0.5,-1.65,-0.7
38316,0.5,-1.5,-0.7
38315,0.4,-1.4,-0.7
38314,0.5,-1.5,-0.7
38313,0.4,-1.55,-0.8
38310,0.45,-1.65,-0.8
38309,0.45,-1.35,-0.4
38308,0.5,-1.2,-0.3
38307,0.45,-1.25,-0.3
38306,0.45,-1.25,-0.3
38303,0.55000000000000004,-1.25,-0.3
38302,0.45,-0.9,-0.2
38301,0.6,-0.9,-0.2
38300,0.5,-1.35,-0.45
38299,0.6,-1.4,-0.45
38296,0.5,-1.3,-0.45
38295,0.5,-1.45,-0.5
38294,0.4,-1.25,-0.5
38293,0.5,-1.35,-0.5
38292,0.55000000000000004,-1.4,-0.5
38289,0.5,-1.75,-0.5
38288,0.35,-1.5,-0.5
38287,0.5,-1.55,-0.5
38286,0.45,-1.35,-0.35
38285,0.5,-1.55,-0.4
38282,0.4,-1.2,-0.4
38281,0.4,-1.2,-0.4
38280,0.45,-0.95,-0.4
38279,0.35,-0.95,-0.4
38278,0.3,-0.7,-0.4
38275,0.45,-0.7,-0.3
38274,0.3,-0.55000000000000004,-0.3
38273,0.2,-0.45,-0.3
38272,0.2,-0.6,-0.3
38271,0.25,-0.65,-0.3
38268,0.3,-0.65,-0.3
38267,0.25,-0.4,-0.3
38266,0.25,-0.5,-0.3
38265,0.25,-0.55000000000000004,-0.3
38264,0.3,-0.55000000000000004,-0.3
38261,0.3,-0.6,-0.6
38260,0.45,-0.65,-0.6
38259,0.3,-0.55000000000000004,-0.5
38258,0.3,-0.3,
38257,0.2,-0.4,-0.3
38254,0.3,-0.35,-0.25
38253,0.25,-0.35,-0.25
38252,0.2,-0.35,-0.35
38251,0.25,-0.45,-0.45
38250,0.05,-0.45,-0.45
38247,0.1,-0.5,-0.45
38246,0.1,-0.45,-0.5
38245,,-0.5,-0.45
38244,,-0.5,-0.45
38243,,-0.5,-0.45
38240,,-0.5,-0.5
38239,0.05,-0.5,-0.5
38238,0.05,-0.5,-0.5
38237,-0.05,-0.65,
38236,-0.1,-0.4,
38233,0,-0.4,
38232,-0.05,-0.65,
38231,-0.05,-0.65,
38226,0,-0.6,
38225,0,-0.55000000000000004,
38224,-0.05,-0.55000000000000004,
38223,0,-0.55000000000000004,
38222,0.2,-0.65,
38219,0.17499999999999999,-0.5,
38218,0.2,-0.65,
38217,0.2,-0.55000000000000004,
38216,0.25,-0.45,
38215,0.3,-0.4,
38212,0.25,-0.35,
38211,,-0.45,
38210,,-0.4,
38209,,-0.4,
38208,-0.05,-0.4,-0.15
38205,-0.05,-0.4,0
38204,-0.125,-0.35,-0.4
38203,-0.1,-0.3,-0.4
38202,-0.1,-0.45,-0.5
38201,-0.05,-0.4,-0.3
38198,-0.125,-0.25,
38197,-0.1,-0.1,
38196,-0.1,-0.1,
38195,-0.1,-0.15,
38194,-0.1,-0.15,
38191,-0.1,-0.1,-0.3
38190,0,-0.3,-0.4
38189,-0.05,-0.1,-0.4
38188,-0.1,-0.45,-0.4
38187,-0.1,-0.15,-0.4
38184,-0.1,-0.35,-0.35
38183,-0.05,-0.32500000000000001,-0.3
38182,,-0.4,-0.3
38181,,-0.4,-0.4
38180,,-0.6,-0.45
38177,,-0.6,-0.45
38176,,-0.5,-0.45
38175,,-0.55000000000000004,-0.5
38174,,-0.5,-0.5
38173,,-0.65,-0.7
38170,0.22500000000000001,-0.7,-0.7
38169,0,-0.8,-0.8
38168,0,-0.65,-0.6
38167,-0.05,-0.9,-0.7
38166,-0.05,-0.9,-0.85
38163,-0.05,-1.05,-0.85
38162,-0.05,-1.05,-0.9
38161,,-0.9,-0.9
38160,-0.05,-1,-0.9
38159,0,-1.05,-1
38156,0,-0.95,-1
38155,0,-0.9,-0.95
38154,,-0.9,-1
38153,0.22500000000000001,-0.9,-1
38152,-0.05,-0.8,-1
38149,-0.1,-1,-1
38148,-0.05,-1.05,-1.1000000000000001
38147,-0.05,-1.5,-1
38146,0.25,-1.2,-0.8
38145,0.3,-1.2,-0.8
38141,0.35,-1.2,-0.8
38140,0.35,-1.1000000000000001,-0.8
38139,0.45,-1.5,-1
38138,0.35,-1.2,-0.8
38135,0.35,-1.2,-0.9
38134,0.4,-1.5,-0.7
38133,0.3,-1.1000000000000001,-0.7
38132,0.3,-0.85,-0.6
38131,,-0.9,-0.9
38128,,-1.1000000000000001,-0.95
38127,,-1,-0.95
38126,,-1,-0.8
38125,,,-0.65
38124,-0.05,-0.7,-0.5
38121,,-0.45,
38120,,-0.45,-0.45
38119,,-0.6,-0.5
38118,,,-0.5
38117,-7.4999999999999997E-2,,-0.52500000000000002
38114,0,-0.57499999999999996,-0.6
38113,,-1.1000000000000001,-0.6
38112,,-1.05,-0.6
38111,,-0.85,-0.6
38110,,,-0.7
38107,,,-0.7
38106,-2.5000000000000001E-2,,-0.6
38105,0,-0.82499999999999996,-0.7
38104,0,-0.8,-0.7
38103,-7.4999999999999997E-2,-1,-1
38100,,-0.85,-1
38099,,-0.55000000000000004,-1
38098,,-0.55000000000000004,-1
38097,-0.15,-0.9,-0.85
38096,0,-0.7,-0.9
38093,,-0.9,-0.9
38092,-0.22500000000000001,-0.55000000000000004,-0.75
38091,-0.25,-0.6,-1.25
38090,-0.25,-0.9,-1.35
38089,-0.2,-1.1000000000000001,-1.2
38086,,-1,-1.1499999999999999
38085,-7.4999999999999997E-2,-1.1499999999999999,-1.3
38084,-0.05,-1.25,-1.3
38083,0,-1,-1.3
38082,-0.2,-1.5,-1.65
38079,,-1.65,-1.35
38078,,-2,-1.7
38077,-0.05,-2.4500000000000002,-1.7
38076,0,-2.0499999999999998,-1.5
38075,-0.25,-2.15,-1.7
38072,,-2,-1.7
38071,,-2.0499999999999998,-1.7
38070,-0.05,-1.9,-1.6
38069,-0.1,-1.55,-1.5
38068,0.17499999999999999,-1.55,-1.4
38065,,-1.6,-1.5
38064,0.22500000000000001,-2.0499999999999998,-1.75
38063,0,,-1.5
38062,0,,-1.2
38061,0,-0.6,-1
38058,0,-0.45,-0.8
38057,-2.5000000000000001E-2,-0.55000000000000004,-0.8
38056,-0.05,,-0.85
38054,,0.375,
38051,0.15,,
38050,,,-0.9
38049,,,-1.1000000000000001
38048,-0.15,0.3,-0.57499999999999996
38047,-2.5000000000000001E-2,0.22500000000000001,-0.5
38043,-7.4999999999999997E-2,,
38042,,0.2,
38041,,0,
38040,-0.05,,
38037,,,-0.5
38036,,,-0.65
38035,0.3,-0.42499999999999999,-0.6
38034,,-0.65,-0.6
38033,,-0.8,-0.7
38030,0.42499999999999999,-1,
38029,0.5,-0.8,
38028,0.55000000000000004,-1,
38027,0.4,-0.75,
38026,0.4,-0.8,
38023,0.55000000000000004,-0.95,-0.95
38022,0.35,-1.5,-1.3
38021,0.3,-1.65,-1.3
38020,0.35,-1.5,-1.1499999999999999
38019,0.17499999999999999,-1.5,-1.3
38016,,-1.25,-1.35
38015,,-1.25,-1.35
38014,,-1.25,-1.1000000000000001
38013,,-1.1499999999999999,-1.1000000000000001
38012,,-0.9,-0.8
38009,0.375,-0.85,-0.8
38008,0.45,-0.8,-0.6
38007,0.35,-0.6,-0.7
38006,0.35,-0.57499999999999996,-0.7
38005,,-0.7,-1.05
38002,-0.05,-1,-1
38001,,-0.95,-0.75
38000,0.25,-0.72499999999999998,-0.7
37999,0.3,,-0.4
37998,0.3,,-0.35
37995,0.35,-0.75,
37994,0.3,-0.85,
37993,0.35,-0.9,
37992,0.4,-1.05,-0.1
37991,0.45,-0.85,-0.2
37988,0.5,-0.7,-0.3
37987,0.5,-0.8,
37986,0.5,-0.8,
37985,0.4,-0.8,-0.32500000000000001
37984,0.4,-0.75,-0.27500000000000002
37981,0.35,-0.65,
37980,0.35,-0.5,
37979,0.35,-0.5,
37978,0.35,-0.55000000000000004,
37977,0.35,-0.55000000000000004,
37974,0.35,-0.5,
37973,0.45,-0.6,
37972,0.5,-0.65,
37971,0.4,-0.7,
37970,0.42499999999999999,-0.75,
37967,0.5,-0.9,-0.52500000000000002
37966,0.45,-0.9,-0.6
37965,0.6,-0.85,-0.65
37964,0.6,-1.35,-0.65
37963,0.75,-1.35,-0.8
37960,0.75,-1.2,
37959,0.7,-1.05,
37958,0.8,-0.85,
37957,0.8,,
37956,0.85,,
37953,0.8,-0.65,-0.42499999999999999
37952,0.75,-0.55000000000000004,-0.6
37951,0.6,-0.65,-0.7
37950,0.55000000000000004,-0.6,-0.7
37949,0.55000000000000004,-0.75,-0.7
37946,0.65,,-0.7
37945,0.7,,-0.7
37944,0.7,,-0.7
37943,0.75,-1.2,-0.875
37942,0.55000000000000004,-1.05,-1
37939,0.55000000000000004,-1.4,-0.95
37938,0.5,-1.35,-1.1000000000000001
37937,0.5,-1.05,-1.1499999999999999
37936,,-1.3,-1.45
37935,,-1.5,-1.45
37932,-0.05,-1,-1.45
37931,0,-0.85,-1.45
37930,0,-0.85,-1.6
37929,0,-1,-1.45
37928,-7.4999999999999997E-2,-0.8,-1.25
37925,,-1,-1.4
37924,0.32500000000000001,-1.175,-1.4
37923,0.35,-1.55,-1.6
37922,0.35,-1.9,-1.6
37921,0.45,-1.8,-1.5
37918,0.52500000000000002,-1.4,-1.1000000000000001
37917,0.57499999999999996,-1.45,-1.2250000000000001
37916,0.45,-1.5,-1.4
37915,0.35,-1.4,-1.4
37914,0.45,-1.375,-1.6
37911,0.4,-1.5,-1.55
37910,0.45,-1.575,-1.7
37909,0.55000000000000004,-2.4249999999999998,-1.85
37908,0.65,-2.35,-2.15
37907,0.65,-2.65,-2
37904,0.75,-3,-2
37903,0.77500000000000002,-3,-2
37902,0.8,-3.1,-1.8
37901,0.8,-3.1,-1.8
37900,0.7,-2.7,-1.75
37897,0.7,-3.3,-1.8
37896,0.85,-3.2,-1.7
