Dates,SPY US Equity PX_LAST,SPY US Equity PX_MID,SPY US Equity PX_VOLUME,EZU US Equity PX_LAST,EZU US Equity PX_MID,EZU US Equity PX_VOLUME,EWJ US Equity PX_LAST,EWJ US Equity PX_MID,EWJ US Equity PX_VOLUME,VIX Index PX_LAST,NKYVF Index PX_LAST,V2X Index PX_LAST
2012-02-27,106.562,106.6008,145728833,21.3544,23.753,258726,30.7449,30.791,4146708,18.19,100000,24.2211
2012-02-28,106.872,106.9194,129355808,21.5568,24.1004,152564,31.2364,31.2671,3915278,17.96,99553.23,23.7173
2012-02-29,106.4532,106.2396,185934689,21.2599,22.164,332041,30.6835,30.6374,5205787,18.43,102086.1,23.9289
2012-03-01,107.0048,107.1369,145026117,21.6243,21.9987,212407,30.8524,30.8524,3248309,17.26,103933.4,22.8624
2012-03-02,106.6801,106.7174,120638224,21.3814,23.1693,155117,30.5606,30.6067,2903218,17.29,99776.77,22.5637
2012-03-05,106.2434,106.3522,140764992,21.3274,21.2667,889136,30.3764,30.4992,3487372,18.05,98600.6,23.7979
2012-03-06,104.6896,104.6041,202129838,20.3356,22.1741,2078329,30.1153,30.0999,4634515,20.87,95019.03,28.5625
2012-03-07,105.4199,105.5015,143692128,20.6662,20.7775,734218,30.3149,30.3303,5762179,19.07,94417.92,28.2266
2012-03-08,106.4687,106.5309,116968812,21.3274,21.2667,274345,30.8371,30.8371,8766424,17.95,94667.16,25.0964
2012-03-09,106.8805,106.9932,122836765,21.098,23.6821,195900,30.9599,30.8831,9376885,17.11,99276.07,22.895
2012-03-12,106.8883,107.0009,104003471,21.1655,23.5371,172644,30.6528,30.6989,3136152,15.64,98605.81,23.0102
2012-03-13,108.8166,108.8578,184090417,21.4961,21.4961,150998,30.9292,30.8985,5498875,14.8,96405.98,20.9307
2012-03-14,108.6985,108.6868,145163502,21.3814,21.3847,159927,30.576,30.576,3680122,15.31,96836.36,21.1237
2012-03-15,109.3278,109.2695,165118448,21.6917,23.8575,182144,30.8371,30.8371,3758970,15.42,96720.77,19.3479
2012-03-16,109.479,109.5181,152893405,21.8469,21.8435,405987,31.006,30.9906,3005417,14.47,92168.55,18.5202
2012-03-19,109.9082,109.9199,125291026,21.9954,22.0122,115216,31.1135,31.0981,2099868,15.04,90724.17,18.3551
2012-03-20,109.5883,109.5883,121729639,21.7592,23.9621,386831,30.8064,30.8678,2132088,15.58,90724.17,19.9117
2012-03-21,109.4088,109.4283,122388401,21.5973,21.5872,102183,30.6374,30.5914,2705105,15.13,87192.81,20.0254
2012-03-22,108.6207,108.7572,135216691,21.2869,21.3173,353229,30.6835,30.7142,4372776,15.57,86221.41,21.9103
2012-03-23,108.9718,109.124,120520956,21.4556,21.4725,207970,30.6835,30.7296,2656856,14.82,86279.99,21.6583
2012-03-26,110.5013,110.79,120163949,21.8402,21.685,281912,30.8985,30.9139,3089403,14.26,85062.73,21.3398
2012-03-27,110.1579,110.0916,119868421,21.5231,23.9824,110022,31.1289,31.1135,3851533,15.59,84353.18,22.3987
2012-03-28,109.6117,109.5922,148562025,21.3004,23.8677,117335,31.2056,31.221,5242819,15.47,82862.61,23.0813
2012-03-29,109.4244,109.4517,164963645,21.0643,23.8677,241305,31.1596,31.1442,3071437,15.48,82921.94,25.3609
2012-03-30,109.877,109.9199,135486715,21.2869,23.8677,149918,31.2517,31.2364,3496242,15.5,82889.38,22.5463
2012-04-02,110.6807,110.5442,151741045,21.5298,23.8677,424838,31.2978,31.2978,3078343,15.64,80867.1,21.2165
2012-04-03,110.2281,110.2555,155806609,20.9698,23.8677,553827,30.8985,30.9292,2771197,15.66,81532.98,22.2736
2012-04-04,109.1357,109.0772,146895936,20.3558,21.2903,316440,30.1767,30.2074,3560152,16.44,87721.91,25.8591
2012-04-05,109.0811,108.8821,137439344,20.1399,20.9833,426050,30.1767,30.1767,3565115,16.7,86796.34,25.5879
2012-04-06,109.0811,108.8821,137439344,20.1399,20.9833,426050,30.1767,30.1767,3565115,16.7,86508.28,25.5879
2012-04-09,107.856,107.6726,127555857,20.0185,20.6358,139639,29.9924,29.9617,5372717,18.81,86765.45,25.5879
2012-04-10,106.0456,106.2992,235360256,19.4989,14.6141,296916,29.6392,29.7006,7850818,20.39,85326.91,30.6779
2012-04-11,106.904,106.8259,154132907,19.8296,20.5582,236192,30.0385,29.9617,4910601,20.02,86896.14,29.4908
2012-04-12,108.3008,108.5153,154321489,20.1804,20.5818,225068,30.1767,30.1921,3376029,17.2,85089.31,27.6118
2012-04-13,107.0132,106.8845,169246612,19.5394,22.3057,140247,29.8542,29.8849,2270577,19.55,84612.47,29.4063
2012-04-16,106.943,106.8377,147825217,19.7688,19.7621,416564,29.9156,29.9003,3589853,19.55,87579.68,28.8612
2012-04-17,108.5286,108.371,147877575,20.1804,20.5785,669565,30.0999,30.0539,2755391,18.46,86486.2,26.5949
2012-04-18,108.1603,107.9613,123884187,19.8363,22.4744,223824,30.0385,30.0231,2593552,18.64,83599.43,27.6847
2012-04-19,107.4658,107.5087,198666751,19.5529,22.0426,278299,29.8389,29.8389,2581525,18.36,84814.52,28.2848
2012-04-20,107.6453,107.696,143199560,19.8026,22.0426,131006,29.9156,29.9156,1798834,17.44,84463.82,26.2312
2012-04-23,106.7401,106.7557,171844860,19.31,19.391,487963,29.5778,29.6239,2989131,18.97,82322.44,29.9723
2012-04-24,107.1459,107.3176,137484192,19.5327,21.766,243625,29.7621,29.7774,4441269,18.1,84668.51,28.6556
2012-04-25,108.6129,108.6519,150254995,20.0185,20.3659,292167,29.9156,29.931,3957264,16.82,83811.56,27.4003
2012-04-26,109.3698,109.3932,136292712,20.1534,19.4517,105030,30.0692,30.1153,3853105,16.24,84267.64,26.6216
2012-04-27,109.5493,109.5376,123981420,20.3018,19.6474,111328,29.9771,29.9617,2694079,16.32,84905.44,25.4795
2012-04-30,109.1435,109.1786,115092198,20.0927,19.445,247272,29.9156,29.9464,2810473,17.15,84905.44,26.9511
2012-05-01,109.8224,109.6702,138837314,20.2479,19.6676,165684,29.6085,29.6085,5647758,16.6,84591.69,26.9511
2012-05-02,109.4985,109.4673,121080935,19.951,19.7351,151734,29.4396,29.4089,3987262,16.88,83776.43,28.0126
2012-05-03,108.6597,108.5739,143762703,19.7216,19.2426,307032,29.2092,29.1324,2426368,17.56,83776.43,27.6802
2012-05-04,106.904,106.7479,193931300,19.3977,18.9187,600685,28.9942,28.9635,1926256,19.16,83776.43,29.3836
2012-05-07,106.982,106.9781,127765875,19.6204,18.9187,1000697,29.1171,29.1324,4091294,18.94,86285.12,28.9223
2012-05-08,106.5528,106.4202,213383873,19.3573,18.8917,171265,28.8714,28.856,7475405,19.05,83075.05,31.3226
2012-05-09,105.9208,105.8388,220778190,19.0064,19.6373,526205,28.6256,28.6564,5459005,20.08,82109.06,31.2083
2012-05-10,106.1393,106.3695,150600916,19.1481,19.7756,319048,28.7485,28.7331,5532983,18.83,82541.42,29.1479
2012-05-11,105.8193,105.7881,153032360,19.1009,19.8093,276566,28.4383,28.4414,4132124,19.89,84198.88,28.3851
2012-05-14,104.6489,104.5435,163909908,18.6218,18.5982,408180,28.1189,28.1189,3680982,21.87,83767.6,31.6946
2012-05-15,104.048,104.0909,207629260,18.2575,18.6252,763376,27.7656,27.7503,5017094,21.97,85137.31,33.3144
2012-05-16,103.6493,103.6461,207265560,18.1428,17.5423,1201745,27.4585,27.4739,4622930,22.27,92014.38,33.1165
2012-05-17,102.1128,101.9997,247992908,17.9134,18.6623,296184,27.7042,27.6889,3595845,24.49,88986.93,34.4776
2012-05-18,101.2389,101.2154,319631058,17.9336,20.2243,134511,27.3049,27.3049,2697996,25.1,107908.3,33.1087
2012-05-21,102.979,103.1155,177861071,18.3722,19.0233,166605,27.5814,27.5814,2204862,22.01,102717.9,31.0253
2012-05-22,103.1584,103.0531,197531138,18.271,18.7939,379430,27.5506,27.4892,3045171,22.48,96043.25,30.0057
2012-05-23,103.2131,103.1233,204958303,18.0753,18.416,242106,27.3356,27.3203,3279044,22.33,101861.7,32.8618
2012-05-24,103.4159,103.6617,167357599,17.8392,17.7852,170306,27.2128,27.2435,8385243,21.54,104259.7,31.4557
2012-05-25,103.0804,103.0492,135465568,17.8527,17.5423,238396,27.0592,27.0899,4214463,21.76,101534.7,30.225
2012-05-28,103.0804,103.0492,135465568,17.8527,17.5423,238396,27.0592,27.0899,4214463,21.76,97434.63,31.7697
2012-05-29,104.3289,104.5123,152883408,17.9876,18.0989,176179,27.3971,27.3971,4095379,21.03,97556.38,31.4097
2012-05-30,102.8151,102.6083,162370365,17.4411,17.0295,191739,27.0285,27.0285,3053343,24.14,98012.43,34.5137
2012-05-31,102.5888,102.4015,196186175,17.5018,17.7852,300352,27.3049,27.3203,2660209,24.06,102601,34.9478
2012-06-01,100.0059,99.9162,253244993,17.0093,16.8136,201692,26.5678,26.5524,2800754,26.66,106716.8,36.3842
2012-06-04,99.9591,99.8148,202548253,17.2319,17.3129,142731,26.8749,26.7982,2797882,26.12,115929.8,36.4531
2012-06-05,100.716,100.7746,164149384,17.2792,18.1192,205190,27.1974,27.1667,2907147,24.68,106594.8,34.5733
2012-06-06,102.979,103.1233,184202757,17.8797,17.9977,700289,27.6274,27.6274,4525786,22.16,105462.8,31.5809
2012-06-07,103.0414,103.1545,184772672,17.8392,17.937,225872,27.4585,27.4892,3687049,21.72,99558.07,31.4338
2012-06-08,103.8607,104.1534,143915630,17.8459,17.8628,94255,27.2128,27.2742,2034218,21.23,110045.8,30.3723
2012-06-11,102.5459,102.4483,169756044,17.5963,17.7481,539140,27.0746,27.0746,2016244,23.56,103471.2,31.9884
2012-06-12,103.7203,103.9856,181931736,17.8324,17.8527,167111,27.3971,27.3971,1587325,22.09,106139.7,32.3906
2012-06-13,103.057,103.1077,172223884,17.711,17.5086,356764,27.2282,27.2435,1546240,24.27,101067.6,33.8572
2012-06-14,104.1494,104.4421,230616235,17.9336,17.8223,137374,27.4585,27.4892,2372672,21.68,103594.3,33.0104
2012-06-15,105.2149,105.3678,169444421,18.271,18.1293,395600,27.8424,27.8271,7167811,21.11,102269,33.7295
2012-06-18,105.4188,105.611,131365459,18.0281,18.0585,487807,27.9192,27.9346,2530423,18.32,91629.74,29.4574
2012-06-19,106.4385,106.3718,137382532,18.4869,18.696,222950,28.0574,28.0574,2597380,18.38,88659.57,27.6446
2012-06-20,106.2659,106.3796,206466600,18.6556,20.5684,1875044,28.3185,28.3185,2846376,17.24,86577.27,26.9415
2012-06-21,103.8814,103.8461,205272317,18.1554,18.1624,251936,27.9089,27.9399,2997112,20.08,82372.88,25.4639
2012-06-22,104.6815,104.454,130029174,18.3429,18.3186,107519,28.095,28.0795,1674879,18.11,83768.25,25.1664
2012-06-25,103.0029,102.9402,146375688,17.7595,20.2182,256942,27.6608,27.6918,2378723,20.38,83036.65,27.6497
2012-06-26,103.5206,103.6775,141633945,17.7595,18.2561,416772,27.9709,27.9399,5652438,19.72,83082.25,28.0456
2012-06-27,104.4564,104.4579,108087938,17.9748,17.704,397680,28.188,28.157,5418337,19.45,80809.76,27.5359
2012-06-28,104.156,104.1756,169242658,17.9748,20.2182,524268,28.5911,28.5601,2882238,19.71,80094.79,28.0598
2012-06-29,106.7561,106.9444,212251060,19.0653,20.2981,300661,29.1803,29.1648,2993004,17.08,81537.94,24.9463
2012-07-02,107.0738,106.964,129524407,19.1764,19.159,260578,29.0873,29.0873,3047026,16.8,78766.01,24.992
2012-07-03,107.7813,107.8542,80450171,19.357,17.5095,1118261,29.4594,29.4284,2443483,16.66,78604.46,23.685
2012-07-04,107.7813,107.8542,80450171,19.357,17.5095,1118261,29.4594,29.4284,2443483,16.66,76499.38,24.4457
2012-07-05,107.2934,107.2621,126177419,18.7736,18.1624,876192,29.0873,29.0563,2308444,17.5,75607.36,24.4531
2012-07-06,106.2738,106.5287,151192025,18.2943,17.822,3506810,28.9632,28.9787,2732275,17.1,75891.93,25.5759
2012-07-09,106.1404,106.2934,103780468,18.3013,18.2978,230492,28.8082,28.8392,3175746,17.98,76211.25,25.5973
2012-07-10,105.2149,105.2227,167884796,18.1693,18.7319,324123,28.4981,28.4981,3610452,18.72,76282.01,24.6397
2012-07-11,105.2305,105.2894,141734024,18.2526,19.7077,135794,28.5601,28.5136,2146709,17.95,76634.35,24.1292
2012-07-12,104.7207,104.7011,143583154,18.0651,18.5721,832561,28.126,28.1725,2852929,18.33,76898.12,24.0824
2012-07-13,106.4777,106.5208,129644147,18.3638,18.3777,533169,28.4051,28.4051,3347789,16.74,74086.1,22.6093
2012-07-16,106.2267,106.1483,97525191,18.3499,18.1971,256447,28.281,28.281,1977597,17.11,74086.1,22.1692
2012-07-17,106.9561,107.015,138860218,18.4888,19.7633,119590,28.157,28.157,2656470,16.48,70511.6,21.7236
2012-07-18,107.7484,107.7091,113349636,18.6416,20.0237,216643,28.25,28.25,2555786,16.16,68585.06,20.3562
2012-07-19,108.0307,108.1013,129847218,18.8013,19.1764,205272,28.4516,28.4671,2411825,15.45,67551.65,20.8276
2012-07-20,107.0424,107.0189,142904464,18.1832,19.6799,212204,27.7849,27.8004,3556959,16.27,69472.96,24.2212
2012-07-23,105.96,105.8894,145210831,17.6831,19.1486,224615,27.4127,27.3507,2472208,18.62,73287.09,28.0807
2012-07-24,105.0462,104.7991,173301102,17.3567,17.3185,264725,27.1492,27.1026,7326442,20.47,73690.15,28.4455
2012-07-25,105.0737,105.1874,129122265,17.5442,17.5442,93043,27.1647,27.1492,2923748,19.34,77306.02,27.1793
2012-07-26,106.8071,106.764,156526464,18.3916,18.6624,143774,27.5678,27.5678,3757682,17.53,75738.52,25.635
2012-07-27,108.772,108.8975,236768882,19.0722,20.5759,211791,28.0484,28.064,3047524,16.7,72911.79,25.3165
2012-07-30,108.7759,108.7367,106781926,18.9889,20.5308,195984,27.9089,27.9089,3860204,18.03,71104.06,26.4643
2012-07-31,108.015,108.0778,120575835,18.8777,19.4195,3550988,27.8779,27.8004,3229644,18.93,71129.83,28.0088
2012-08-01,107.9209,107.9837,138293740,18.8569,19.5132,211829,27.7849,27.8624,1806737,18.96,72080.54,28.1002
2012-08-02,107.1758,107.3091,199556580,18.2804,18.6208,287476,27.6608,27.5833,3187667,17.57,73324.4,26.4001
2012-08-03,109.3006,109.4347,157824975,19.357,19.3917,194894,27.9709,27.9709,2731106,15.64,73782.75,23.803
2012-08-06,109.5132,109.4975,86327738,19.6001,19.423,2895495,28.25,28.25,3095022,15.95,69340.39,24.2352
2012-08-07,110.0622,110.0426,109545089,19.864,21.524,206559,28.5911,28.5756,4299730,15.99,67511.16,23.869
2012-08-08,110.1956,110.1681,89754633,19.7668,21.1107,172148,28.5291,28.5136,1789851,15.32,69477.83,23.678
2012-08-09,110.2897,110.3407,90291642,19.6695,20.3328,136054,28.5911,28.6531,1894451,15.28,67481.34,23.3366
2012-08-10,110.4701,110.474,99792622,19.6904,21.0829,401994,28.6221,28.6531,3234857,14.74,66455.32,22.7486
2012-08-13,110.4152,110.4819,79426869,19.6417,19.6487,180208,28.5601,28.5756,2307266,13.7,64571.97,23.4531
2012-08-14,110.4309,110.4113,102379363,19.6765,21.3225,428786,28.5291,28.5291,1883086,14.85,64216.4,23.2459
2012-08-15,110.5564,110.5838,71085811,19.6487,19.6695,185350,28.3741,28.3585,1836958,14.63,64216.4,23.5481
2012-08-16,111.3721,111.3447,112014164,20.0237,19.7806,211313,28.7462,28.7307,2328972,14.29,64432.42,23.1306
2012-08-17,111.5212,111.4859,90813666,20.121,19.8501,1048979,28.9632,28.9942,1302663,13.45,63046.42,21.4456
2012-08-20,111.529,111.4545,78255657,20.0724,19.9057,302176,28.9012,28.9167,1864913,14.02,64879.78,22.1476
2012-08-21,111.1917,111.227,105581009,20.3502,20.6627,1460248,28.9012,28.9012,2013362,15.02,62406.93,22.1925
2012-08-22,111.2388,111.278,133243431,20.3363,20.3293,636367,28.8702,28.8702,2896281,15.11,63742.49,25.1159
2012-08-23,110.3328,110.3172,111466361,20.0862,20.3224,402946,28.8702,28.8392,1639984,15.96,63068.31,24.3861
2012-08-24,110.9956,111.1133,99481192,20.0515,20.0654,635154,28.8392,28.8702,1978373,15.18,63937.28,24.6392
2012-08-27,111.0192,110.976,68785850,20.1696,20.1731,398312,28.7462,28.7772,2084488,16.35,64253.8,24.3156
2012-08-28,110.9094,110.925,75689536,20.2529,20.2078,2574535,28.4981,28.5291,1955420,16.49,65188.54,24.868
2012-08-29,110.9956,110.8819,65421300,20.1349,20.1314,330904,28.5911,28.5756,1767924,17.06,65266.61,25.7209
2012-08-30,110.1956,110.1015,96589830,19.8084,19.8223,239226,28.064,28.1105,4882790,17.83,66568.84,27.1621
2012-08-31,110.7211,110.7172,151970364,20.1279,20.18,635761,28.095,28.095,4005096,17.47,67709.67,25.7034
2012-09-03,110.7211,110.7172,151970364,20.1279,20.18,635761,28.095,28.095,4005096,17.47,66315.02,26.652
2012-09-04,110.6191,110.8035,120226199,20.2321,20.2252,753319,27.7073,27.7539,3279852,17.98,66589.68,27.755
2012-09-05,110.525,110.6152,100660254,20.2043,20.1001,485295,27.3817,27.4593,3704815,17.74,66741.54,27.6615
2012-09-06,112.7683,112.7565,158272434,20.9544,21.8712,770181,27.7539,27.7849,6397284,15.6,66318.17,23.1125
2012-09-07,113.2075,113.2977,107272023,21.3642,21.6108,1661630,28.126,28.1105,3237927,14.38,62719.57,21.8266
2012-09-10,112.5644,112.4075,86458407,21.1211,21.5483,2585158,28.126,28.095,2347667,16.28,62584.75,23.4869
2012-09-11,112.8781,112.7212,88759995,21.5031,21.4753,7083329,28.25,28.2345,2824554,16.41,61921.49,23.9199
2012-09-12,113.2546,113.3723,87640880,21.7045,21.715,1255810,28.5601,28.5601,2748013,15.8,59842.59,23.6536
2012-09-13,114.9802,114.8194,225470102,21.9754,22.4581,5308224,29.0253,29.0563,3640994,14.05,59075,23.5096
2012-09-14,115.4901,115.4901,169776992,22.3088,22.288,3528795,29.3354,29.3354,9753528,14.51,59577.99,21.1062
2012-09-17,115.0979,115.0547,119427726,22.1838,22.2532,1032409,29.0563,29.0718,2554714,14.59,59577.99,20.9384
2012-09-18,115.0037,114.9724,98326520,21.8782,21.8712,1767050,29.1028,29.1028,6583445,14.18,58470.75,21.0614
2012-09-19,115.0665,115.0037,128318257,21.9824,22.288,675886,29.1803,29.1493,3599864,13.88,58981.54,20.2909
2012-09-20,115.0743,115.0704,154009764,21.8087,22.7116,500419,28.8702,28.9167,4801384,14.07,59087.69,20.1276
2012-09-21,115.0266,114.9083,108737426,21.8782,21.9615,4005095,29.0098,28.9942,2213975,13.98,58993.48,19.2445
2012-09-24,114.8492,114.8689,95681978,21.7323,21.6941,771833,28.9632,28.9632,1622928,14.15,58796.57,19.8013
2012-09-25,113.6309,113.7531,133165138,21.524,21.5552,1133970,28.9477,28.9632,2813174,15.43,58070.05,19.7747
2012-09-26,112.9961,112.933,146502136,21.1628,21.4128,232288,28.6531,28.6842,2140910,16.81,57630.68,22.2323
2012-09-27,114.0567,114.0685,111830276,21.4128,21.4024,836936,28.9942,29.0098,1982893,14.84,58104.26,22.4909
2012-09-28,113.5284,113.5835,150696066,20.8711,20.8641,648926,28.4361,28.4516,4597200,15.73,57305.32,23.3836
2012-10-01,113.8241,113.7846,135911137,21.1072,21.4128,2123837,28.343,28.3585,2242994,16.32,57596.42,22.8698
2012-10-02,113.9463,114.0685,113422151,21.2948,21.9546,1532013,28.219,28.25,4509321,15.71,55731.21,23.1473
2012-10-03,114.4115,114.3682,121283027,21.2253,20.8884,335853,28.095,28.1415,4300607,15.43,56233.5,22.1253
2012-10-04,115.2277,115.2356,124311599,21.4892,21.6142,423655,28.4206,28.4361,2168211,14.55,55607.52,21.9957
2012-10-05,115.2395,115.1961,124842048,21.6698,21.458,2806389,28.4361,28.4516,3451121,14.33,54483.68,20.3484
2012-10-08,114.8468,114.7822,78415562,21.4614,21.774,224164,28.281,28.281,2295380,15.11,54483.68,21.58
2012-10-09,113.7097,113.6742,148872811,21.0378,19.5723,426057,27.8159,27.8314,3380654,16.37,53215.11,22.9493
2012-10-10,112.9842,112.933,124247412,20.9405,20.2877,97837,27.5988,27.5678,2151971,16.29,53646.58,22.67
2012-10-11,113.0473,113.0986,123601455,21.1767,21.2427,743814,27.7539,27.7539,3364338,15.59,54945.5,21.5761
2012-10-12,112.6767,112.5466,124181900,21.1628,21.1489,310808,27.7849,27.7228,2558648,16.14,54922.53,21.8817
2012-10-15,113.6151,113.6782,107689051,21.3712,21.6663,131748,27.9709,27.9709,3181783,15.27,54584.07,21.4496
2012-10-16,114.7664,114.7388,108815410,21.9129,21.583,412900,28.3741,28.3585,2817640,15.22,52881.18,20.4001
2012-10-17,115.2868,115.3341,128834057,22.1977,22.5415,6862555,28.5136,28.5291,2654841,15.07,52738.03,19.8775
2012-10-18,114.9872,114.8728,148108412,22.1074,22.1525,10976706,28.6997,28.7152,2704852,15.03,53172.89,19.5805
2012-10-19,113.0707,112.7753,185645112,21.7462,19.5514,8233527,28.343,28.312,3159362,17.06,53458.89,20.5996
2012-10-22,113.0868,113.2681,125578601,21.8782,21.8469,1604552,28.7462,28.7462,9405045,16.62,54116.48,21.2613
2012-10-23,111.5175,111.3795,192056293,21.3295,19.3396,306292,28.1566,28.1105,6191538,18.83,53830.81,23.3924
2012-10-24,111.2021,111.3401,120179305,21.2322,21.2427,204709,28.219,28.188,2963099,18.33,55229.38,22.7611
2012-10-25,111.5254,111.5451,134457331,21.267,22.1768,581335,28.4361,28.4206,3878138,18.12,55394.93,22.4852
2012-10-26,111.4623,111.486,146023428,21.3573,21.333,242397,28.281,28.281,3160219,17.81,55070.02,22.137
2012-10-29,111.4623,111.486,146023428,21.3573,21.333,242397,28.281,28.281,3160219,17.81,54995.94,23.2166
2012-10-30,111.4623,111.486,146023428,21.3573,21.333,242397,28.281,28.281,3160219,17.81,55787.86,21.8978
2012-10-31,111.4623,111.0523,103438492,21.4059,22.2428,347125,28.0795,27.9554,2931319,18.6,52797.7,22.2123
2012-11-01,112.6294,112.724,100995566,21.6559,24.0938,544649,28.3741,28.4051,2273136,16.69,53013.94,21.2117
2012-11-02,111.6279,111.3322,137702120,21.4128,17.3636,812350,28.157,28.1415,2512431,17.59,52450.63,20.5608
2012-11-05,111.8555,111.833,98378432,21.2809,21.267,674162,28.157,28.1725,1874886,18.42,52609.88,22.216
2012-11-06,112.7319,112.8778,107068091,21.517,22.288,650076,28.219,28.219,6131245,17.58,52683.82,21.7924
2012-11-07,110.177,110.0942,264304430,21.1003,22.3505,464887,27.8779,27.8159,4222623,19.08,51518.12,23.2841
2012-11-08,108.8522,108.939,181517243,20.8155,21.0899,279819,27.7539,27.7383,3798300,18.49,51950.38,23.0951
2012-11-09,108.9468,108.9902,201055214,20.7461,21.6941,9050927,27.7539,27.7849,3284784,18.61,51893.53,22.57
2012-11-12,109.0296,109.1992,97677409,20.8016,20.7669,513145,27.4748,27.5213,3067596,16.68,51921.96,22.7101
2012-11-13,108.6551,108.6432,123018209,20.7044,20.7044,1896903,27.5058,27.4748,3344038,16.65,50064.56,21.8471
2012-11-14,107.1883,107.2041,191504916,20.628,20.5828,7078229,27.1647,27.1647,3420054,17.92,49639.08,21.5292
2012-11-15,107.007,107.0937,178128354,20.6766,20.6592,466190,27.5988,27.5678,22234679,17.99,50730.48,21.9773
2012-11-16,107.5353,107.7995,239483819,20.4752,20.4717,525160,28.095,28.126,5118956,16.41,49830.34,22.1719
2012-11-19,109.7117,109.5777,151495731,21.0169,21.0135,6347751,28.4981,28.5136,11958980,15.24,50036.02,19.6356
2012-11-20,109.7591,109.834,119807381,21.1628,21.1385,2143313,28.4361,28.4671,4739748,15.08,48959.92,18.7696
2012-11-21,109.9641,110.039,81710736,21.2461,17.3636,3049671,28.4671,28.4671,4144868,15.31,49322.76,17.8461
2012-11-22,109.9641,110.039,81710736,21.2461,17.3636,3049671,28.4671,28.4671,4144868,15.31,50236.65,17.4423
2012-11-23,111.4623,111.2928,65409145,21.8365,21.8087,207147,28.8082,28.7927,2498586,15.14,50236.65,17.7473
2012-11-26,111.2258,111.2061,100124325,21.774,19.7181,3164349,28.8082,28.8547,3200585,15.5,51112.56,18.4984
2012-11-27,110.658,110.7408,128646177,21.6212,18.7527,502818,28.6376,28.6531,4597310,15.92,50000.63,17.699
2012-11-28,111.5491,111.4781,177086443,21.8365,19.5514,509747,28.6842,28.6531,4553468,15.51,49920.65,17.2555
2012-11-29,112.0695,112.176,151085880,22.0379,22.5172,4238283,29.0253,29.0408,21614013,15.06,49593.61,16.4854
2012-11-30,112.0971,112.0892,136568288,22.1352,22.1872,607443,28.9167,28.9012,6269206,15.87,49372.7,16.5548
2012-12-03,111.5412,111.4939,124656283,22.2046,22.2706,698454,28.8082,28.7927,2656025,16.64,49336.21,17.3112
2012-12-04,111.3835,111.3717,127622507,22.3505,20.878,489325,28.8237,28.7927,3567821,17.12,49336.21,17.2837
2012-12-05,111.5806,111.5885,147300444,22.3782,22.5484,952020,28.8392,28.8237,3839202,16.46,49492.97,17.3906
2012-12-06,111.9591,111.9473,103220533,22.3574,23.2916,3099692,28.9787,28.9477,2921849,16.58,49015.94,16.9937
2012-12-07,112.3021,112.176,108726325,22.2532,22.5866,3443082,29.0718,29.0408,2970712,15.9,48908.38,17.2026
2012-12-10,112.3479,112.5466,98840667,22.2185,20.878,1112544,28.9787,28.9942,3288065,16.05,47927.7,17.4025
2012-12-11,113.1104,113.3943,152570378,22.4616,20.878,738041,28.9632,29.0098,4907315,15.57,47527.36,17.0262
2012-12-12,113.1656,113.0749,145880026,22.6074,22.2254,1376329,29.0873,29.0408,10676302,15.95,47651.78,17.0471
2012-12-13,112.4717,112.3731,135714940,22.5797,22.2254,2815230,28.9632,29.0098,8853968,16.56,48485.73,16.9542
2012-12-14,112.0578,112.1641,137701692,22.7671,22.8401,1334446,29.1183,29.1648,5268677,17,49744.33,16.4818
2012-12-17,113.3706,113.5362,143735755,22.8089,23.6805,1620295,29.3819,29.3043,7280618,16.34,47788.23,16.4617
2012-12-18,114.6323,114.5653,177762727,23.0513,23.8213,2756573,29.8395,29.8238,10802023,15.57,46875.39,15.8638
2012-12-19,113.7807,113.8595,150895322,23.1558,22.222,1914362,30.3097,30.294,12968157,17.36,48638.12,15.6463
2012-12-20,114.4352,114.5653,168486930,23.2742,22.222,3500790,30.7171,30.7015,8678200,17.67,48662.8,15.7568
2012-12-21,113.3963,113.4439,245883785,23.1349,22.222,1721963,30.5291,30.5761,10103451,17.84,52011.08,17.8926
2012-12-24,113.0469,112.8841,53874548,23.0373,23.6889,453404,30.5291,30.3097,4100697,17.84,52011.08,17.8926
2012-12-25,113.0469,112.8841,53874548,23.0373,23.6889,453404,30.5291,30.3097,4100697,17.84,52117.19,17.8926
2012-12-26,112.5704,112.4433,106947663,22.9885,22.222,337152,30.4977,30.435,7085043,19.48,53771.31,17.8926
2012-12-27,112.4208,112.2686,167920546,23.2145,22.2176,745938,30.5291,30.4821,8646478,19.47,57548.69,18.2289
2012-12-28,111.2044,110.1998,148806608,22.8101,20.8651,1213660,30.3097,30.2313,4586172,22.72,57264.83,21.3534
2012-12-31,113.0945,113.3129,243952162,23.326,23.204,548253,30.5604,30.6074,7618881,18.02,57264.83,21.3534
2013-01-01,113.0945,113.3129,243952162,23.326,23.204,548253,30.5604,30.6074,7618881,18.02,57264.83,21.3534
2013-01-02,115.9931,115.9574,192058911,23.5003,23.7617,4143531,31.3123,31.3283,8628686,14.68,57264.83,18.3628
2013-01-03,115.7343,115.6795,144761781,23.1726,23.3016,735985,31.0296,31.0463,9579092,14.56,57264.83,17.54
2013-01-04,116.2393,116.1123,116817675,23.3885,23.2946,388871,30.9058,30.9052,7772489,13.83,52895.92,16.0708
2013-01-07,115.9213,115.8621,110002444,23.2912,23.2249,4603603,30.6231,30.6388,9997501,13.79,50593.09,16.818
2013-01-08,115.5878,115.5762,121265078,23.2214,23.204,694649,30.2156,30.247,9071761,13.62,47652.89,16.8999
2013-01-09,115.882,115.9098,90745581,23.2424,28.3419,3262886,30.6231,30.6074,5087064,13.81,47652.89,16.1474
2013-01-10,116.8032,116.7992,130735372,23.6746,28.4848,1060886,30.8739,30.7955,6450967,13.49,48864.63,16.1155
2013-01-11,116.7952,116.7833,113917286,23.8767,23.8802,499770,30.9679,30.9522,7620827,13.36,49577.86,15.5715
2013-01-14,116.7158,116.5689,89567104,23.8628,23.8837,4273844,31.156,31.156,7775846,13.52,49577.86,15.7019
2013-01-15,116.7952,116.692,93172559,23.7861,28.5615,2307313,31.0619,31.0619,7424396,13.55,49370.5,15.9725
2013-01-16,116.7793,116.692,104849487,23.6885,23.9186,2237095,30.6858,30.6858,5918272,13.42,50854.08,16.146
2013-01-17,117.5338,117.502,133833420,24.0231,24.0406,2661270,30.8112,30.7955,13954030,13.57,51695.53,15.9134
2013-01-18,117.7959,117.7681,169905915,23.9465,24.0963,2428303,30.9209,30.9209,12178199,12.46,51893.37,15.8831
2013-01-21,117.7959,117.7681,169905915,23.9465,24.0963,2428303,30.9209,30.9209,12178199,12.46,51801.86,15.4605
2013-01-22,118.4312,118.594,111797291,23.9813,29.5793,485259,30.6231,30.6858,9726431,12.43,49380.7,16.063
2013-01-23,118.6218,118.6893,104596066,23.9046,29.5793,417245,30.3724,30.4037,10159781,12.46,47519.52,16.2203
2013-01-24,118.6535,118.7449,146426315,24.058,24.1974,456202,30.7171,30.7171,8512939,12.69,49812.58,15.3145
2013-01-25,119.3206,119.1181,147216088,24.5111,29.5793,1679744,30.9365,30.8425,11448506,12.89,50013.03,14.9093
2013-01-28,119.1777,119.1816,113357611,24.4902,25.1839,734879,30.4664,30.4664,6852771,13.57,51405.86,15.1979
2013-01-29,119.6462,119.8011,105694364,24.5251,24.4937,436315,30.8739,30.9052,10567021,13.31,51307.74,14.8562
2013-01-30,119.1777,119.0625,137447625,24.4623,29.5793,904582,31.1873,31.2343,8299774,14.32,53182.97,15.9384
2013-01-31,118.8838,119.0824,108975801,24.2044,29.8651,2716173,31.25,31.2343,7935336,14.28,53510.71,16.6395
2013-02-01,120.1068,119.952,131172997,24.5948,29.6246,1593102,31.156,31.156,9009064,12.9,53798.17,15.9874
2013-02-04,118.7528,118.9156,159073559,23.6188,23.1134,1841438,31.1873,31.2657,8944345,14.67,53535.01,20.1454
2013-02-05,119.9559,119.9003,113912334,23.8558,23.8802,2360576,31.087,31.0463,7111803,13.72,56116.9,19.2593
2013-02-06,120.0433,119.9758,138762719,23.6676,23.943,2969078,31.5007,31.5007,12497231,13.41,55990.79,20.2113
2013-02-07,119.8845,119.8845,162489974,23.319,23.9987,545086,31.5948,31.5791,9955013,13.5,57155.55,20.7955
2013-02-08,120.5515,120.4602,103133681,23.4863,23.8593,1812656,31.4694,31.5164,13439472,13.02,60637.71,18.5593
2013-02-11,120.5277,120.5237,73774925,23.4166,23.2633,1606206,31.8142,31.8142,7919166,12.94,60637.71,18.9342
2013-02-12,120.7263,120.766,65392613,23.6955,29.6072,302150,31.5948,31.6418,6326940,12.64,62596.16,18.3682
2013-02-13,120.8303,120.8295,82322561,23.8279,23.4376,4468297,31.4694,31.4537,5460922,12.98,62978.64,18.2817
2013-02-14,120.9407,120.9248,80834206,23.5979,23.6258,617764,31.156,31.1716,8845415,12.66,61530.13,18.6532
2013-02-15,120.7977,120.8136,215226408,23.4376,29.4642,1399660,31.0619,31.0933,7215869,12.46,63475.23,18.8463
2013-02-18,120.7977,120.8136,215226408,23.4376,29.4642,1399660,31.0619,31.0933,7215869,12.46,63748.83,19.3248
2013-02-19,121.7031,121.6832,95105396,23.8419,23.8454,2128732,31.5321,31.5164,6031613,12.31,64575.55,18.4631
2013-02-20,120.1862,120.0592,160574782,23.4585,23.455,2552826,31.6261,31.5791,8597351,14.68,63469.56,19.6147
2013-02-21,119.4556,119.5549,183256921,22.9565,24.0231,409637,31.25,31.2657,8641399,15.22,63216.1,21.5133
2013-02-22,120.623,120.6071,106356525,23.3888,23.4027,1394688,31.7515,31.7358,6785769,14.17,63157.84,20.8556
2013-02-25,118.3279,118.4351,245824757,22.5592,22.5627,1427644,31.3127,31.3754,9806953,18.99,63556.73,21.3086
2013-02-26,119.138,118.868,186596178,22.7195,22.6916,4004390,31.9082,31.8769,9911330,16.87,64720.82,25.8975
2013-02-27,120.6389,120.7183,150781872,23.1936,23.2075,2046070,31.8769,31.9239,5487746,14.73,66500.76,22.0043
2013-02-28,120.4007,120.4443,126865910,23.089,23.0785,4818126,32.0022,31.9709,6937624,15.51,66841.7,21.0046
2013-03-01,120.7977,120.7779,170634729,22.9565,22.9461,1194612,32.3157,32.2843,6942450,15.36,66165.73,21.7728
2013-03-04,121.441,121.5125,99010157,23.075,23.0925,1484964,32.5037,32.4881,7140720,14.01,66068.72,21.4361
2013-03-05,122.529,122.4218,121663035,23.3957,23.4062,1667602,32.5664,32.6135,5091599,13.48,65279.33,19.5539
2013-03-06,122.6957,122.5965,94469849,23.4376,22.5383,853895,32.9739,32.9896,10346914,13.53,64064.32,20.1143
2013-03-07,122.9149,122.8903,86101309,23.6955,23.685,592293,32.6573,32.6761,8239951,13.06,64530.04,18.7353
2013-03-08,123.4422,123.4264,123487628,23.7303,23.7373,3172447,32.8015,32.8015,11046912,12.59,64813.8,17.3844
2013-03-11,123.9108,123.9068,83746703,23.7931,23.8001,922857,33.0053,33.0523,5510879,11.56,64702.21,17.6154
2013-03-12,123.6328,123.6289,105755706,23.6885,23.7025,1828479,32.6448,32.6448,6455879,12.27,67391.6,17.3243
2013-03-13,123.8115,123.8989,92550856,23.5909,23.6083,846384,32.8485,32.8329,4150521,11.83,66549.21,16.9279
2013-03-14,124.4667,124.4111,126329853,23.9046,22.8032,7722765,33.0366,33.0523,5795052,11.3,65796.86,15.0835
2013-03-15,124.3021,124.2543,138601089,23.8698,23.9186,2545000,33.35,33.3187,8483658,11.3,65358.74,15.7276
2013-03-18,123.6161,123.7398,126704266,23.4585,24.5495,1531655,33.1902,33.2403,8166497,13.36,66178.46,18.0979
2013-03-19,123.329,123.3449,167567263,23.2633,23.2877,5308930,33.3814,33.3657,10076461,14.39,64789.39,21.5306
2013-03-20,124.1904,123.8913,113759222,23.5491,23.5317,3826885,33.6321,33.5694,8111938,12.67,64789.39,18.8741
2013-03-21,123.1287,123.1096,128604916,23.2145,23.211,1815712,33.6321,33.6008,5163209,13.99,65020.7,19.7897
2013-03-22,124.1187,124.1346,111163530,23.4794,23.441,3094017,33.7575,33.7732,6088737,13.57,71035.63,21.2876
2013-03-25,123.6002,123.7238,151322280,22.9286,23.0925,2878304,33.4441,33.4911,4920523,13.74,68565.22,21.2387
2013-03-26,124.5893,124.5494,86856545,22.9356,22.9496,5258534,33.7418,33.7105,8448885,12.77,70331.54,20.8755
2013-03-27,124.5893,124.5015,99950532,22.601,22.601,4204090,33.9142,33.8986,4657688,13.15,67765.68,21.8599
2013-03-28,124.9722,125.0081,102932783,22.7613,22.7927,2723390,33.8515,33.8672,8445204,12.7,70836.01,20.8944
2013-03-29,124.9722,125.0081,102932783,22.7613,22.7927,2723390,33.8515,33.8672,8445204,12.7,69974.48,20.8944
2013-04-01,124.4776,124.4337,99194043,22.6358,22.6393,834961,32.5351,32.6135,7499750,13.58,70897.11,20.8944
2013-04-02,125.0918,125.1118,101504286,22.9844,22.6602,4970830,32.9269,32.9426,17986809,12.78,71336.32,19.6165
2013-04-03,123.8235,123.8674,154167332,22.852,22.3082,2991668,32.8172,32.8329,11637646,14.21,69912.39,20.7645
2013-04-04,124.326,124.346,131884920,22.9147,22.9391,1874403,34.165,34.1807,11676082,13.89,68313.9,21.0977
2013-04-05,123.7661,123.664,159665917,22.7125,22.709,521949,34.353,34.306,16396978,13.92,72480.66,22.2855
2013-04-08,124.6052,124.697,86571104,22.8101,22.8171,1785947,34.6978,34.6978,14453355,13.19,75154.7,21.4857
2013-04-09,125.036,125.04,101922102,22.9705,22.9705,4659511,34.4157,34.4314,12910491,12.84,77987.13,20.4229
2013-04-10,126.5675,126.5795,135711015,23.3888,23.3922,8137968,35.1366,35.121,10220497,12.36,72173.54,19.1768
2013-04-11,126.9823,126.9863,110142479,23.5282,23.5212,2092482,35.5441,35.5284,37189604,12.24,72868.54,18.848
2013-04-12,126.6712,126.5237,116359817,23.4236,23.4062,1642129,35.6068,35.5911,15894598,12.06,73295.09,20.2145
2013-04-15,123.7342,123.6161,217258928,22.845,22.838,831132,35.3184,35.262,13984543,17.27,75569.42,20.1989
2013-04-16,125.5624,125.4508,147507796,23.234,23.2598,1735950,35.6695,35.6068,8450541,13.96,76115.42,20.5067
2013-04-17,123.7278,123.7078,226834743,22.5243,22.5243,4589621,35.4031,35.3561,13481115,16.51,76405.41,22.7545
2013-04-18,122.954,122.8144,167583106,22.4476,22.4023,1530005,35.1523,35.121,10712872,17.56,74076.54,21.949
2013-04-19,124.0229,123.8235,149687552,22.6358,22.601,1805644,35.5441,35.4971,10047255,14.97,73441.76,20.4999
2013-04-22,124.5733,124.4936,106553422,22.8101,22.7927,1891780,35.5128,35.4501,8864382,14.39,74778.29,20.638
2013-04-23,125.8576,125.8297,166141269,23.319,18.8225,4286336,35.8419,35.8105,12883357,13.48,72377.1,19.2103
2013-04-24,125.9374,125.8975,96781189,23.57,23.57,2825940,36.0613,36.0456,10669171,13.61,73383.85,18.9814
2013-04-25,126.4479,126.5476,131060567,23.5839,23.5839,2714094,36.265,36.218,7829153,13.62,73898.57,19.4097
2013-04-26,126.2245,126.1009,95918776,23.6118,23.5979,851605,36.171,36.1867,7987865,13.61,74436.15,19.7111
2013-04-29,127.0701,127.0501,88572702,24.0719,24.065,618181,36.3904,36.4061,4714170,13.71,74436.15,19.9773
2013-04-30,127.3732,127.441,116010614,24.0719,24.1068,3357178,36.6725,36.6412,5345914,13.52,73551.41,20.261
2013-05-01,126.2564,126.1886,138874120,23.9046,23.6781,1028898,36.265,36.2807,5936350,14.49,69926.38,20.261
2013-05-02,127.429,127.4131,96407564,24.0231,24.0301,1359612,36.4061,36.4218,8590999,13.59,71537.93,18.7486
2013-05-03,128.7197,127.4131,144202220,24.3996,24.4135,2381214,36.9233,36.8762,12403595,12.85,71537.93,17.6329
2013-05-06,129.0483,129.0962,66882091,24.3856,24.3717,605561,36.7665,36.7979,6090112,12.66,71537.93,18.0551
2013-05-07,129.7023,129.6545,90359178,24.5181,24.3473,663344,36.8292,36.8292,7505430,12.83,70286.51,17.4472
2013-05-08,130.2927,130.3126,97419172,24.8109,24.1695,2580057,37.1427,37.127,11092764,12.66,74384.43,17.3575
2013-05-09,129.9265,129.9776,106738550,24.5251,24.1695,2801403,36.8606,36.9076,25462059,13.13,74209.71,17.2186
2013-05-10,130.3485,130.3804,103202902,24.6157,24.6192,624722,36.8606,36.8762,10794747,12.59,74298.56,17.4277
2013-05-13,130.4522,130.4801,81843160,24.4902,24.3578,924649,37.3307,37.3621,9905628,12.55,76766.82,17.6724
2013-05-14,131.8003,131.8442,119000837,24.5599,24.5704,630486,37.5815,37.5972,13668790,12.77,75768.38,17.1365
2013-05-15,132.5062,132.3467,120718433,24.5948,24.5913,681023,37.9106,37.9419,16050247,12.81,78001.24,16.639
2013-05-16,131.888,131.8601,109913544,24.4693,25.4557,1300886,37.3621,37.3151,10664935,13.07,78135.35,16.2609
2013-05-17,133.1643,133.1005,129801000,24.6854,24.4414,461669,37.9576,37.9106,9473028,12.45,76956.68,16.313
2013-05-20,133.1563,133.1803,85071182,24.776,24.7621,904774,38.2084,38.1927,8105579,13.02,78053.5,16.672
2013-05-21,133.3478,133.2919,95804190,24.8318,24.8109,1707423,38.4278,38.4434,7609038,13.37,76858.19,16.9073
2013-05-22,132.3587,132.4664,244031724,24.6087,25.5533,2206182,38.0203,38.0516,23833020,13.82,77906.94,16.2933
2013-05-23,131.9758,132.0436,211064320,24.6157,24.6122,1760066,36.4218,36.4844,36419832,14.07,92202.89,18.3633
2013-05-24,131.8625,132.1074,151573867,24.5251,24.5704,632573,35.7479,35.8105,36405889,13.99,97956.17,18.4925
2013-05-27,131.8625,132.1074,151573867,24.5251,24.5704,632573,35.7479,35.8105,36405889,13.99,97682.8,18.152
2013-05-28,132.6538,132.4544,143679738,24.7551,24.4867,396468,35.5441,35.4814,15389644,14.48,95980.9,17.7473
2013-05-29,131.7923,131.7883,160363334,24.6575,24.668,920164,34.9486,34.9329,16242010,14.83,93507.96,19.6808
2013-05-30,132.2789,132.3148,107793730,24.9015,24.8876,360894,34.7605,34.8859,33880102,14.53,99279.29,18.8641
2013-05-31,130.3764,130.4163,176850020,24.3856,24.3752,1572348,33.9769,34.0553,15177820,16.3,95542.97,19.6048
2013-06-03,131.0983,130.9587,168390676,24.6296,24.6227,1059810,33.5694,33.6635,22287026,16.28,97065.57,21.3772
2013-06-04,130.4682,130.5639,157631425,24.4623,24.4798,4851245,34.5411,34.5411,18410762,16.27,97546.09,21.0043
2013-06-05,128.6431,128.7292,211737712,24.1277,24.1382,3607493,33.2247,33.2403,21885804,17.5,102484.1,22.2683
2013-06-06,129.8061,129.9218,200225418,24.3368,24.3159,5360768,33.1933,33.303,25857197,16.63,103793,22.1956
2013-06-07,131.4573,131.2339,188337725,24.532,24.5076,758698,34.4784,34.3844,23362745,15.14,106714.4,19.9529
2013-06-10,131.4573,131.4693,105667060,24.5669,24.5704,276082,34.9172,34.9016,15784578,15.44,107000.3,19.5903
2013-06-11,130.0996,130.2807,159505378,24.2671,24.2706,4883305,34.2277,34.306,24670879,17.07,107622,21.0051
2013-06-12,129.0244,128.9167,177363530,24.1835,21.9666,295222,34.3217,34.3844,15606590,18.59,110726.5,21.7413
2013-06-13,130.9867,130.9827,163587777,24.4763,24.4867,3161065,35.1366,35.0896,17034792,16.41,120465.4,22.1068
2013-06-14,130.1611,130.0494,141197468,24.2532,24.2811,1450180,34.0396,34.0866,17649125,17.15,111532.3,21.2645
2013-06-17,131.1701,131.2459,136295578,24.5669,25.6753,1107069,34.9486,34.9799,16008152,16.8,111769.6,21.1025
2013-06-18,132.2031,132.1951,114695519,24.7412,24.7412,602383,35.5441,35.5598,12465838,16.61,111910.9,20.8403
2013-06-19,130.3804,130.4323,206149463,24.2253,24.1905,729533,35.1053,35.121,10999254,16.64,114710.9,20.4065
2013-06-20,127.1498,127.3612,321255850,23.4166,28.5789,964532,33.6478,33.6478,13679062,20.49,111689.8,23.6094
2013-06-21,127.5581,127.3776,271956728,23.1587,22.2803,2127736,34.8702,34.8075,17274852,18.9,112669.1,24.0473
2013-06-24,125.9462,125.9182,222334758,22.7683,22.7788,683032,33.9142,33.9926,10380533,20.11,113860.4,25.3001
2013-06-25,127.1611,127.1611,162262138,22.9844,21.9283,521492,34.3374,34.3687,7435029,18.47,117195.6,24.1377
2013-06-26,128.4161,128.2798,134847909,23.2005,23.211,2026445,34.1807,34.1493,10241009,17.21,116741,22.5505
2013-06-27,129.1699,129.1779,129483673,23.3688,23.3545,902505,35.0377,34.9905,19192728,16.86,113974.5,21.6929
2013-06-28,128.6406,128.5243,160402823,23.1974,23.2473,690250,35.321,35.3368,13429577,16.86,114011.2,21.8175
2013-07-01,129.3944,129.214,131954792,23.4473,23.433,495253,35.7618,35.6988,7079557,16.37,117011,21.8282
2013-07-02,129.2741,129.2501,154863617,23.1402,23.433,920770,36.0136,35.9664,8235534,16.44,113199.4,21.5897
2013-07-03,129.3303,129.5187,75216341,23.1188,23.1116,924310,36.0451,35.9979,5037977,16.2,116597.3,22.6511
2013-07-04,129.3303,129.5187,75216341,23.1188,23.1116,924310,36.0451,35.9979,5037977,16.2,116185.5,21.3419
2013-07-05,130.7256,130.898,122416847,23.1474,23.1366,596691,36.5173,36.5016,8012318,14.89,115969,22.5944
2013-07-08,131.4673,131.5435,108092440,23.4545,23.6402,733103,36.2654,36.3127,17851557,14.78,118317.6,21.5829
2013-07-09,132.4176,132.3213,119297903,23.4902,23.4688,4198839,36.4543,36.4071,6624677,14.35,115556.5,20.6393
2013-07-10,132.4673,132.5539,121410362,23.6544,23.6723,836461,36.3284,36.3914,10184615,14.21,114217.3,20.3708
2013-07-11,134.27,134.29,135592163,24.2901,24.2972,1112339,37.3987,37.383,9356387,14.01,111382,18.9757
2013-07-12,134.3261,134.3261,104212650,24.0687,24.0187,4836287,37.3358,37.3515,13368516,13.84,105527.9,19.072
2013-07-15,134.8433,134.8553,69450551,24.1901,23.0974,2163770,37.6821,37.6663,7674947,13.79,105527.9,18.9011
2013-07-16,134.3381,134.3702,88702093,24.2329,24.2508,3836863,37.3673,37.446,7973086,14.42,106610.7,19.2437
2013-07-17,134.679,134.6869,92873880,24.2472,24.2579,1043577,37.7135,37.6978,7437894,13.78,108722.6,18.4869
2013-07-18,135.4167,135.116,103620266,24.5186,24.4544,3224818,37.9024,37.8552,8213225,13.77,111527.2,17.6938
2013-07-19,135.6572,135.8417,103831633,24.5829,24.6258,604924,37.6191,37.6348,9072630,12.54,116875,17.2343
2013-07-22,135.9219,135.9098,79428559,24.6972,24.7115,275286,37.7135,37.7293,6142813,12.29,109810.1,17.4706
2013-07-23,135.6332,135.7254,80829656,24.8186,24.8186,4691094,37.6821,37.6978,8943246,12.66,102360.8,17.3366
2013-07-24,135.136,135.3806,112913979,24.99,25.0293,11317367,37.3515,37.3515,10652449,13.18,100335,17.085
2013-07-25,135.4648,135.3726,111156540,25.2257,25.1936,9724961,36.6747,36.659,13115737,12.97,95670.9,17.4835
2013-07-26,135.6091,135.6051,107814531,25.2043,25.2471,895747,35.8247,35.8405,10524626,12.72,106599.3,18.1141
2013-07-29,135.1921,135.2643,79845115,25.0971,26.097,893751,35.0377,35.0377,15724433,13.39,113486.3,18.7032
2013-07-30,135.1905,135.4528,85216968,25.0686,26.097,6393156,35.3525,35.3997,13684400,13.39,106963.5,18.8439
2013-07-31,135.2884,135.4888,142388621,25.2257,24.4329,2230304,35.3368,35.3997,8533844,13.45,103419.6,19.0644
2013-08-01,136.8521,136.7639,110438393,25.5971,25.5649,8504762,36.2969,36.2812,11762985,12.94,102260.5,17.4564
2013-08-02,137.0846,137.0325,91116603,25.7042,25.7042,3319975,36.8636,36.8951,11108857,11.98,102720.5,16.8183
2013-08-05,136.8841,136.9002,54072643,25.6471,25.6328,2536503,36.958,36.9423,4853910,11.84,101350.1,17.3314
2013-08-06,136.1063,136.1985,87494967,25.4899,24.74,5893174,36.9895,37.0052,9044985,12.72,100942.2,17.9242
2013-08-07,135.6653,135.7294,84854618,25.6256,25.6221,4221945,36.2969,36.3442,5868478,12.98,103519,18.2711
2013-08-08,136.1624,136.1905,102181229,25.9828,25.9649,1979082,36.1238,36.171,6576455,12.73,106890.6,17.3468
2013-08-09,135.7695,135.5891,91856453,26.0113,26.5327,417223,36.1395,36.1553,5365677,13.41,108705.1,17.1706
2013-08-12,135.6099,135.6693,68593204,25.9042,25.8863,419052,36.108,36.1395,3821791,12.81,109268.5,17.3567
2013-08-13,136.0101,135.97,80806030,26.0185,26.5613,5789133,36.4229,36.4071,11117595,12.31,107888.5,17.0781
2013-08-14,135.3124,135.2483,79829169,26.0756,26.397,9887404,36.234,36.2182,7010107,13.04,107471.1,16.6396
2013-08-15,133.4199,133.2114,152931740,26.047,25.9935,5499455,35.7303,35.6988,7304465,14.73,109731.3,17.2894
2013-08-16,132.9789,132.8185,130868145,26.1113,26.0792,1846977,35.7145,35.6988,6614658,14.37,114727.6,16.4082
2013-08-19,132.1289,132.3013,96437569,25.8328,25.8649,2348891,35.6358,35.6516,6131294,15.1,112000.3,17.4926
2013-08-20,132.7784,132.7905,89294374,25.8113,25.7685,6015551,35.321,35.3368,9488984,14.91,114365.3,19.1958
2013-08-21,131.9605,131.6798,159530482,25.6114,26.622,2108777,34.8173,34.8016,8305812,15.94,116163,20.5374
2013-08-22,133.1633,133.1473,101471352,25.9899,26.0113,5718973,35.0377,35.0535,10670106,14.76,118429.9,18.7137
2013-08-23,133.6124,133.6645,90893581,26.1184,23.5687,1007314,35.6358,35.6516,5738438,13.98,114305.5,17.8238
2013-08-26,133.1152,133.0791,89705051,25.9256,25.9292,685433,35.2266,35.2109,8710999,14.99,112946.3,17.9047
2013-08-27,130.9741,130.9902,158621736,25.2543,25.2578,5305344,34.8488,34.8488,12371465,16.77,114231.5,22.1683
2013-08-28,131.4393,131.327,108112952,25.1686,25.1864,1257627,34.9433,34.959,9975023,16.49,120719.5,22.3124
2013-08-29,131.6477,131.7199,119200461,25.0686,25.0936,1008852,34.9118,34.8961,4265149,16.81,119760.5,21.1498
2013-08-30,131.2308,131.3992,134928918,24.7686,24.8293,1695021,34.2192,34.2822,5773462,17.01,119760.5,23.4785
2013-09-02,131.2308,131.3992,134928918,24.7686,24.8293,1695021,34.2192,34.2822,5773462,17.01,121191.2,21.9028
2013-09-03,131.8242,131.9645,142375036,25.1043,25.1436,8663464,35.0692,35.0849,17583705,16.61,123773.4,23.0533
2013-09-04,132.9147,133.0751,97389357,25.1971,25.2293,9169194,35.6044,35.6358,11921019,15.88,128730.7,22.0945
2013-09-05,133.0831,133.023,63090428,25.1971,25.1721,7860695,35.5099,35.5571,5236908,15.77,125241.1,21.5095
2013-09-06,133.1473,133.1072,159756439,25.4114,25.4042,7593402,35.6358,35.5886,5256885,15.85,127323.4,20.2292
2013-09-09,134.4255,134.3341,87559246,25.6471,25.6292,11441364,36.5488,36.4858,8647755,15.63,123075.7,20.4702
2013-09-10,135.4167,135.3886,105847733,26.0899,26.0649,6806146,36.8321,36.7849,6949978,14.53,125060.6,19.3143
2013-09-11,135.8417,135.8497,94545837,26.3327,26.322,5025240,36.5803,36.533,3668504,13.82,116582,18.4298
2013-09-12,135.4808,135.557,83208998,26.2042,26.2184,8610155,36.3284,36.3599,8318108,14.29,113624.1,18.4084
2013-09-13,135.7855,135.8657,72727764,26.3327,26.3327,12505853,36.5173,36.596,6543832,14.16,112546,18.3842
2013-09-16,136.5714,136.6275,126187482,26.5541,26.5755,5219131,36.9895,36.9738,7473412,14.38,112546,18.7198
2013-09-17,137.1808,137.2169,82523205,26.6684,26.6541,5166096,36.8321,36.8478,11706767,14.53,107442.9,18.987
2013-09-18,138.7694,138.7245,203460601,27.4076,27.4147,1953968,37.9622,37.9497,11046414,13.59,109821.9,18.1656
2013-09-19,138.5361,138.7045,146616842,27.2826,27.2683,6259515,37.7765,37.808,8173562,13.16,106707.9,16.8696
2013-09-20,137.5674,137.5674,132867912,27.154,27.1505,1093333,37.4617,37.4932,7267275,13.12,104764,16.7626
2013-09-23,136.9308,136.7495,104616418,27.0398,27.0255,1494670,37.5719,37.5089,4655395,14.31,104764,17.4539
2013-09-24,136.6085,136.7253,106333010,27.0755,27.0826,2105606,37.6191,37.6191,5052453,14.08,102859.2,16.6237
2013-09-25,136.2136,136.2821,117306473,27.1755,26.9755,1677741,37.5247,37.5404,3278449,14.01,103178.2,16.4038
2013-09-26,136.7374,136.7575,77146878,27.1612,27.1576,3930540,38.1228,38.1228,6139626,14.06,105332,16.4689
2013-09-27,136.1081,136.2579,99141710,27.1326,27.1648,3122216,37.8395,37.8237,8622919,15.46,104252.1,16.9196
2013-09-30,135.3836,135.6133,143937398,26.9469,26.9933,2048405,37.5247,37.383,8944943,16.6,107257.8,19.4503
2013-10-01,136.4554,136.54,127160442,27.2747,27.3076,6121893,37.3673,37.4145,5866900,15.54,106446,18.3242
2013-10-02,136.3264,136.0646,113349748,27.3397,27.2862,5109447,37.1784,37.1626,6425521,16.6,109057.8,19.2611
2013-10-03,135.0694,134.9284,176698430,27.154,27.1183,1607650,36.8793,36.8636,9166632,17.67,107825.1,20.0589
2013-10-04,136.0928,136.0928,96878377,27.2255,27.229,8127805,36.958,37.0367,6971135,16.74,106476.8,19.5446
2013-10-07,134.9163,134.8075,96295115,27.1398,27.1219,3114214,36.2654,36.234,7703995,19.41,106454.8,20.1564
2013-10-08,133.345,133.3651,178014932,26.9326,28.1075,4404699,36.1395,36.1395,10529384,20.34,106494.6,20.8905
2013-10-09,133.4417,133.3006,168972837,26.9898,26.9612,3362225,36.9895,36.9265,7591364,19.6,105300.3,23.3614
2013-10-10,136.3184,136.1814,195954729,27.5754,27.5576,2353099,37.5247,37.4774,6914764,16.48,103730,19.8426
2013-10-11,137.1967,137.3055,105039740,27.654,27.6504,5191068,37.5876,37.6506,4259614,15.72,98667.91,18.2601
2013-10-14,137.7447,137.7447,112106394,27.7468,27.7147,3278658,37.6506,37.6663,4475963,16.07,98667.91,20.1581
2013-10-15,136.7455,136.7817,155484509,27.6611,27.6683,3879142,37.3358,37.32,4344652,18.66,98092.58,18.6214
2013-10-16,138.6552,138.4457,161676079,27.9254,27.8861,3166045,37.6789,37.6034,6424954,14.71,97194.13,18.5951
2013-10-17,139.5819,139.6544,129389185,28.2468,28.8681,3569672,37.9969,37.9969,4711060,13.48,93329.92,16.8333
2013-10-18,140.5231,140.3394,138315691,28.4396,28.4218,2622552,38.0284,38.0126,3369738,13.04,90607.56,15.4232
2013-10-21,140.5328,140.4804,104103543,28.4682,28.4289,1551570,38.0598,38.0598,8444287,13.16,90885.76,15.998
2013-10-22,141.3466,141.3668,126663233,28.7681,28.7753,3316254,38.233,38.2487,10231273,13.33,90109.13,15.6057
2013-10-23,140.6697,140.7624,105484397,28.561,29.4109,2989145,37.4617,37.446,8220352,13.42,89463.76,16.6163
2013-10-24,141.1371,141.3063,70350456,28.6896,29.136,4326945,37.8237,37.871,4118117,13.2,88552.92,15.5581
2013-10-25,141.7818,141.6971,93625090,28.6539,28.4896,992663,37.2728,37.32,9482396,13.09,90962.8,15.0179
2013-10-28,142.0074,142.1242,84979018,28.5182,28.4896,1193288,37.3987,37.4145,8092010,13.31,90962.8,15.8884
2013-10-29,142.7648,142.793,87401344,28.661,28.661,3559899,37.6821,37.6978,5854148,13.41,89436.38,15.1884
2013-10-30,142.0557,142.229,140001834,28.5039,28.536,7151474,37.6821,37.7135,7314355,13.65,88989.69,16.1548
2013-10-31,141.6528,141.8059,133795417,28.411,28.4432,1446112,37.4774,37.5561,5469673,13.75,88796.68,15.888
2013-11-01,141.9913,141.8059,142805050,28.2289,28.2039,1288154,37.0839,37.0525,5512517,13.28,89419.89,16.205
2013-11-04,142.4909,142.4667,85676773,28.411,28.1646,2376896,37.1154,37.1626,5024829,12.93,89419.89,16.2488
2013-11-05,142.0396,141.9631,85824778,28.0682,28.1361,9513548,36.8038,36.8006,4514682,13.27,86317.04,16.7541
2013-11-06,142.7648,142.6963,87347728,28.3539,28.3003,6148053,37.2886,37.3043,10596463,12.67,85545.17,16.828
2013-11-07,140.9598,141.0726,157000422,27.8611,27.879,2503692,36.6117,36.596,9481829,13.91,85776.29,16.69
2013-11-08,142.8615,142.7286,136712623,28.0397,27.9968,3725029,36.8793,36.8636,5002946,12.9,84430.67,17.2896
2013-11-11,142.8857,142.8414,62614326,28.2039,28.2075,763020,36.8321,36.8478,4530259,12.53,84165.47,17.2356
2013-11-12,142.5956,142.6641,83989617,28.0897,28.0825,2257157,37.3043,37.32,5223330,12.82,86769.02,17.2688
2013-11-13,143.7399,143.756,103844266,28.1968,28.2182,1539667,37.5876,37.6034,6843807,12.52,87974.15,17.1273
2013-11-14,144.457,144.4611,103435238,28.2539,28.2396,1015985,37.9024,37.9182,6111862,12.37,92278.97,15.9077
2013-11-15,145.0856,144.9607,102818190,28.3896,28.3539,3813925,38.4376,38.4219,11380231,12.19,99261.06,15.1624
2013-11-18,144.5779,144.5578,104796009,28.4825,28.4753,4792398,38.3746,38.3274,13839253,13.1,100322.1,15.3971
2013-11-19,144.2636,144.2636,93891416,28.3611,28.3539,1494080,38.1385,38.1385,6516699,13.39,95185.47,15.6565
2013-11-20,143.8124,143.8487,124908601,28.0254,28.0254,8322117,38.1543,38.1543,14459927,13.4,96217.42,15.5212
2013-11-21,144.9728,144.9526,92841271,28.2968,28.2825,1236482,38.3117,38.2645,7525932,12.66,96452.1,15.082
2013-11-22,145.698,145.5771,81295887,28.5325,28.6503,5955169,38.2802,38.2487,5153339,12.26,99492.42,14.2629
2013-11-25,145.5529,145.6496,79196692,28.5039,28.5182,2910530,37.9969,38.0126,5287723,12.79,96577.6,14.5254
2013-11-26,145.5932,145.6174,86993560,28.611,28.6324,3016355,37.8395,37.8552,7197599,12.81,93316.41,14.5147
2013-11-27,145.9478,145.8188,58800056,28.761,28.7324,1894578,37.9969,37.9811,4359924,12.98,92163.17,14.117
2013-11-28,145.9478,145.8188,58800056,28.761,28.7324,1894578,37.9969,37.9811,4359924,12.98,92544.92,13.8195
2013-11-29,145.8511,145.8229,55870903,28.8253,28.3146,3105699,37.9654,38.0284,4449281,13.7,93379,14.6502
2013-12-02,145.4724,145.4603,99725781,28.611,28.711,1913332,37.871,37.871,10459325,14.23,95235.65,15.4364
2013-12-03,144.8438,144.8076,116563302,28.2468,27.9825,1574342,37.7135,37.6978,9503512,14.55,96696.49,17.098
2013-12-04,144.8277,144.8438,123032637,28.0111,28.1218,2620314,37.4302,37.4617,14503556,14.7,98649.95,17.8791
2013-12-05,144.1911,144.2032,106934067,27.8682,27.8575,1700449,37.1154,37.0997,14006691,15.08,100535.7,18.378
2013-12-06,145.8027,145.8632,127727518,28.2468,28.2361,1145159,37.5876,37.5876,7415593,13.79,101602,16.4994
2013-12-09,146.1734,146.1774,70123608,28.2968,28.3146,3531806,37.5876,37.6034,7081149,13.49,101235.9,16.2138
2013-12-10,145.6496,145.7222,80976207,28.2039,28.1932,5640563,37.6506,37.6663,6770283,13.91,101072.1,16.7351
2013-12-11,144.0138,143.9776,130590810,28.0111,28.1575,3817373,37.3043,37.3043,5285693,15.42,99804.13,17.3558
2013-12-12,143.5384,143.4981,115564840,27.7968,27.7647,3927671,37.4302,37.4617,13097959,15.54,99825.84,18.0599
2013-12-13,143.5223,143.4457,107807610,27.7968,27.7897,1637684,37.1154,37.1312,10625435,15.76,98881.14,18.2036
2013-12-16,144.4135,144.4127,96194790,28.1968,28.2004,3947252,36.8951,36.9423,12067772,16.03,98398.02,18.4886
2013-12-17,143.9574,143.8366,89886224,28.0111,27.9861,1275471,36.9265,36.8951,11423695,16.21,98757.61,18.179
2013-12-18,146.4151,146.3547,234906482,28.438,28.4559,2852259,37.6488,37.633,16764888,13.8,96585.04,17.2028
2013-12-19,146.2459,146.2137,136298872,28.5096,28.5132,1465460,37.3317,37.2841,11503921,14.15,94288.12,15.4029
2013-12-20,147.0968,147.194,197086908,28.6887,28.6995,2503864,37.4585,37.5061,5507330,13.79,92532.82,16.0088
2013-12-23,147.8827,147.8948,85597541,28.9682,28.9538,2172629,37.8074,37.8233,6528667,13.04,92532.82,15.8067
2013-12-24,148.2068,148.5227,45368841,29.1186,29.0757,1389422,37.2999,37.2524,2877102,12.48,92633.9,15.8067
2013-12-25,148.2068,148.5227,45368841,29.1186,29.0757,1389422,37.2999,37.2524,2877102,12.48,90750.61,15.8067
2013-12-26,148.9562,148.9481,63365227,29.3049,29.527,4324209,37.9026,37.9343,3072187,12.33,91985.63,15.8067
2013-12-27,148.9481,148.9683,61813841,29.4052,29.4196,1318882,38.0929,38.1246,4194937,12.46,91508.05,16.4643
2013-12-30,148.9278,148.8549,56857458,29.5557,29.5772,681735,38.4418,38.4576,2772042,13.56,89490.71,17.2549
2013-12-31,149.6327,149.7502,86247638,29.6489,29.7062,1725773,38.502,38.5369,2011587,13.72,89490.71,17.2549
2014-01-01,149.6327,149.7502,86247638,29.6489,29.7062,1725773,38.502,38.5369,2011587,13.72,89490.71,17.2549
2014-01-02,148.1987,148.2432,119636836,28.9252,28.9216,1914339,37.8709,37.9026,5659205,14.23,89490.71,18.9286
2014-01-03,148.1703,148.1946,81390502,28.8464,28.8464,1836525,38.0929,38.0453,4810352,13.76,89490.71,18.0018
2014-01-06,147.7449,147.7814,108028139,28.9324,29.2548,3116163,37.966,37.9502,13909657,13.55,90513.59,18.1672
2014-01-07,148.6524,148.6118,86144169,29.219,29.2118,12286205,38.1246,38.0453,7736447,12.92,88998.85,17.1932
2014-01-08,148.6848,148.7698,96582234,29.1903,29.1903,14606127,38.188,38.2356,6149133,12.87,86482,17.3671
2014-01-09,148.782,148.8103,90683302,29.1831,29.1975,4918106,38.0612,38.077,7308838,12.89,86168.35,17.3584
2014-01-10,149.1871,149.1871,102026318,29.4697,29.4661,2608360,38.3149,38.2832,4409522,12.14,84719.58,16.5627
2014-01-13,147.1981,147.3439,149891938,29.2619,29.2584,1900391,38.0612,38.0453,10326154,13.28,84719.58,17.0978
2014-01-14,148.8063,148.7982,105016055,29.6489,29.6274,3862989,37.966,37.9502,11227584,12.28,87557.8,16.8066
2014-01-15,149.6084,149.5233,98525721,29.8781,29.871,4921129,38.2515,38.2198,7579590,12.28,87891.35,16.5089
2014-01-16,149.4139,149.102,72290520,29.8351,29.7456,4686116,38.1246,38.0929,5749978,12.53,86850.8,17.0561
2014-01-17,148.7779,148.9238,107848616,29.5056,29.5306,1510682,38.2198,38.2515,12119931,12.44,84652.98,15.7352
2014-01-20,148.7779,148.9238,107848616,29.5056,29.5306,1510682,38.2198,38.2515,12119931,12.44,82406.92,16.0913
2014-01-21,149.2195,149.2438,88621138,29.6918,29.7026,3432183,38.2832,38.3149,5750309,12.87,81368.21,16.1749
2014-01-22,149.3167,149.3289,61270816,29.6345,29.4196,2152350,38.3783,38.3625,8611391,12.84,79423.61,16.4469
2014-01-23,148.0933,148.1014,132496880,29.6274,29.656,7421030,37.6171,37.6647,10143847,13.77,78178.22,17.5122
2014-01-24,144.9336,144.727,208677093,28.6243,28.6099,4285413,37.0462,36.9828,13092750,18.14,81660.12,20.9333
2014-01-27,144.2207,144.1923,180843004,28.5239,28.5239,1639353,36.5704,36.6339,11971904,17.42,87172.81,20.6842
2014-01-28,145.0794,145.2172,110463152,28.9538,28.9646,7277071,36.8876,36.8718,10745707,15.8,87112.95,19.9723
2014-01-29,143.6859,143.8642,216597269,28.5096,28.5705,7592726,36.8559,36.7925,15434050,17.35,87112.95,21.8127
2014-01-30,145.2091,144.646,118938051,28.6458,28.5598,4264225,36.9035,36.7766,7678770,17.29,89103.36,21.1181
2014-01-31,144.3584,144.4597,194677861,28.137,28.1979,2706992,35.9361,35.9995,12026175,18.41,90401.47,21.8188
2014-02-03,141.1096,140.8543,254837004,27.5638,27.4205,5307280,35.2066,35.1907,12817062,21.44,91843.69,24.0207
2014-02-04,142.0939,141.705,165012351,27.8863,27.8433,1881745,35.2383,35.1273,12684814,19.11,97741.36,23.0114
2014-02-05,141.9197,141.7212,164230470,27.9794,27.94,7006972,35.3017,35.2542,10606744,19.95,97060.18,22.6486
2014-02-06,143.7913,143.5604,132877526,28.6243,28.5956,4086360,35.7141,35.7299,11112012,17.23,96680.71,20.801
2014-02-07,145.5737,145.7235,170787197,29.004,29.0291,3266696,36.285,36.285,7255592,15.29,95158.18,19.2347
2014-02-10,145.841,145.8248,92218729,28.875,28.0116,1668889,36.1264,36.0947,9115861,15.26,93783.63,19.3075
2014-02-11,147.4371,147.3439,117814009,29.3479,28.1406,2132168,36.6339,36.5863,17070505,14.51,93783.63,17.6719
2014-02-12,147.51,147.6356,94717638,29.3551,29.6309,3631843,36.5704,36.6022,7596829,14.3,90385.67,17.9259
2014-02-13,148.2716,148.2068,100542155,29.6417,29.6381,2848196,36.2533,36.285,14719801,14.14,90717.5,17.4978
2014-02-14,149.0899,149.0655,96498305,29.7993,29.7814,1758873,36.0947,36.0788,8106106,13.57,91808.43,16.3821
2014-02-17,149.0899,149.0655,96498305,29.7993,29.7814,1758873,36.0947,36.0788,8106106,13.57,91484.14,17.2038
2014-02-18,149.2681,149.2802,80460878,29.8925,29.8566,2609622,36.8876,36.8083,19101423,13.87,90355.55,17.0973
2014-02-19,148.2797,148.3485,126524261,29.6345,29.6489,2091523,36.4436,36.4277,7048987,15.5,90569.46,17.448
2014-02-20,149.1547,149.1952,104998099,29.7922,29.8316,1313691,36.2215,36.174,7832203,14.79,92643.83,17.7721
2014-02-21,148.9845,149.021,118116359,29.8781,29.8853,2306033,36.507,36.507,10448670,14.68,90341.91,17.3772
2014-02-24,149.8109,149.9608,114063868,30.1074,30.0859,1957331,36.9193,36.8718,6660330,14.23,91166.95,16.7175
2014-02-25,149.7542,149.973,117084901,30.0931,30.1253,3733197,36.7925,36.8559,11598420,13.67,89685.4,16.2399
2014-02-26,149.7623,149.6205,98677144,29.8925,29.914,2609722,36.6339,36.618,8059850,14.35,88650.57,16.1415
2014-02-27,150.5482,150.5968,93880780,29.9928,29.9856,1378873,36.6339,36.6815,6425004,14.04,88055.31,17.1187
2014-02-28,150.929,151.1477,150842000,30.1003,30.1432,3040129,36.8242,36.84,9249279,14,88745.67,16.7667
2014-03-03,149.8676,149.7704,167748455,29.2118,29.219,4719802,35.9678,35.9995,8991271,16,90843.25,21.8609
2014-03-04,151.9741,152.0349,167545852,29.9068,29.871,1619952,36.8876,36.9193,11289435,14.1,91050.65,18.6455
2014-03-05,152.1118,152.128,88376859,29.9355,29.9534,2915920,36.4753,36.4594,5263644,13.89,89189.82,18.7004
2014-03-06,152.4602,152.4278,82516500,30.3224,30.3224,2675354,37.1731,37.1255,14765794,14.21,88774.02,17.8166
2014-03-07,152.525,152.5412,114513432,30.1217,30.1432,2623697,36.9193,36.9511,8128615,14.11,88973.59,20.473
2014-03-10,152.444,152.5007,74939176,29.9784,29.9856,1661052,36.7607,36.8083,5662460,14.2,90607.73,20.1237
2014-03-11,151.6905,151.5164,99009013,29.7993,29.8172,2312478,36.3801,36.3484,7795393,14.8,89902.85,19.7688
2014-03-12,151.731,151.7473,104824323,29.7277,29.7348,9201741,36.0312,36.0154,12971273,14.47,88509.01,20.212
2014-03-13,150.0297,150.0297,155014237,28.9324,28.9682,11337737,35.4286,35.4445,17470716,16.22,87560.85,22.0896
2014-03-14,149.6084,149.4909,153919598,29.004,28.9897,6658469,35.0163,35.0163,13818039,17.82,92943.54,23.2095
2014-03-17,150.9614,150.9492,98359454,29.5056,29.5235,3853518,35.3969,35.3652,9715992,15.64,93805.6,21.4617
2014-03-18,152.0389,151.9782,101804519,29.8423,29.8101,2009256,35.3652,35.381,7617843,14.52,89090.94,20.1089
2014-03-19,151.2287,151.1072,176267253,29.4196,29.3837,5076758,35.1749,35.1907,9096895,15.12,88531.93,19.293
2014-03-20,152.1094,152.205,117240972,29.4984,29.5199,4624668,34.6674,34.6198,17974049,14.52,90928.73,18.1292
2014-03-21,151.5215,151.5012,163127905,29.3909,29.3909,3593673,34.5088,34.4929,20774445,15,90928.73,17.1916
2014-03-24,150.8949,150.8868,121411145,29.3981,29.4017,3440694,34.6357,34.6832,18755004,15.09,88754.15,19.4248
2014-03-25,151.611,151.6802,103851737,29.785,29.7778,5527544,34.7943,34.8735,9537005,14.02,87503,18.2637
2014-03-26,150.5206,150.3701,119842897,29.8065,29.7707,9171984,35.048,35.0163,9990834,14.93,85584.72,17.5869
2014-03-27,150.2032,150.2032,142382757,29.8566,29.8423,2569634,35.5555,35.4762,17655043,14.62,83945.24,17.6397
2014-03-28,150.9438,151.0211,101641547,30.1647,30.1791,7187625,35.9361,35.9519,8655474,14.41,84024.95,17.0324
2014-03-31,152.1807,152.0179,99744911,30.2865,29.4196,7400978,35.9361,35.9044,17558413,13.88,83318.41,17.6639
2014-04-01,153.1897,153.2304,89193125,30.609,30.6126,1700247,36.0312,36.0788,5616619,13.1,83420.27,16.9064
2014-04-02,153.7024,153.6332,78773818,30.5588,30.5409,4264158,36.3484,36.3326,6681477,13.09,84493.2,17.1108
2014-04-03,153.499,153.6576,77435320,30.5731,30.5767,6998677,36.1581,36.2057,3154764,13.37,84004.42,16.3742
2014-04-04,151.6843,151.7779,169380705,30.4585,30.4764,11217364,35.9995,36.0471,8133760,13.96,84628.78,15.875
2014-04-07,150.0079,150.012,140802699,30.3367,30.849,6933994,35.6506,35.6348,10900521,15.57,83724.18,17.5437
2014-04-08,150.6264,150.5654,112659755,30.3295,31.5404,2971007,34.8894,34.9053,16563223,14.89,83547.29,17.6031
2014-04-09,152.2458,152.1888,100253612,30.7379,30.7057,5480692,35.3969,35.381,11658517,13.82,82586.98,16.9287
2014-04-10,149.0436,149.0762,172959331,30.0809,30.0931,4571477,34.3819,34.3978,9683117,15.89,81795.1,17.2542
2014-04-11,147.705,147.884,167250792,29.8996,31.1535,4800260,34.2551,34.2868,12646389,17.03,84688.95,18.2955
2014-04-14,148.8688,148.9256,132381601,29.9641,29.9856,7011788,34.7308,34.7308,9457231,16.11,82562.05,18.4986
2014-04-15,149.894,150.1666,157092533,29.7707,29.8244,3821807,34.6991,34.715,13033409,15.61,80346.03,19.6432
2014-04-16,151.4605,151.2082,105196633,30.1934,30.1647,5955893,35.3652,35.4127,10082226,14.18,81170.52,17.3181
2014-04-17,151.6761,151.6721,105254649,30.3654,30.3439,2644920,35.4603,35.4445,5584579,13.36,78645.93,16.9939
2014-04-18,151.6761,151.6721,105254649,30.3654,30.3439,2644920,35.4603,35.4445,5584579,13.36,78262.91,16.9939
2014-04-21,152.2051,152.1807,68329343,30.4191,30.4048,938737,35.4603,35.4286,2736443,13.25,77566.92,16.9939
2014-04-22,152.8968,152.9415,85790307,30.6591,30.6699,2253142,35.2066,35.2542,4439632,13.19,78439.92,16.8121
2014-04-23,152.5387,152.7707,73869384,30.5373,31.8664,2858872,35.3017,35.3176,7256610,13.27,77032.17,17.1008
2014-04-24,152.848,152.852,88169916,30.5373,30.5731,4071613,35.1749,35.1749,4211966,13.32,76714.84,16.9981
2014-04-25,151.5948,151.8145,100380205,30.3009,30.3367,3321420,34.9528,35.0163,8166559,14.06,76493.14,18.7678
2014-04-28,152.0708,152.2743,135121094,30.4227,30.4478,2052313,35.1431,35.1907,4816510,13.97,76619.68,18.4517
2014-04-29,152.7829,152.7666,84097551,30.6735,30.6555,2015660,35.2383,35.2224,4499153,13.71,76619.68,17.343
2014-04-30,153.2386,153.3566,101507717,30.8454,30.849,4715966,35.1431,35.1431,16735688,13.41,74382.52,17.0713
2014-05-01,153.2508,153.2508,93019095,30.8669,30.8669,1397426,35.5872,35.5396,7884526,13.25,73045.59,17.0713
2014-05-02,153.0351,152.9904,98121662,30.7308,30.7021,2773068,35.5238,35.5079,9997533,12.91,71255.78,17.9023
2014-05-05,153.3281,153.1572,75882739,30.7093,30.677,2636967,35.4286,35.381,2408212,13.29,71255.78,18.0644
2014-05-06,151.9935,152.1481,85454226,30.5731,30.5731,3326737,35.3335,35.3335,3701583,13.8,71255.78,18.5097
2014-05-07,152.8886,152.9944,106500480,30.7164,30.7272,3829578,35.1749,35.2224,7612623,13.4,71723.33,17.5579
2014-05-08,152.7218,152.8073,93617513,30.7953,30.8132,4165993,35.048,35.0321,4332506,13.43,70895.86,16.7342
2014-05-09,152.9537,152.9334,83678568,30.5803,30.5696,3920212,35.3335,35.3493,3947887,12.92,70562.38,16.6668
2014-05-12,154.4389,154.4917,86940045,30.8741,30.8741,1704018,35.3652,35.4127,4255898,12.23,67876.6,16.2491
2014-05-13,154.5813,154.5975,66453965,30.7881,30.7881,5328383,35.8409,35.8251,7365025,12.13,67090.31,15.9994
2014-05-14,153.8489,153.8896,72366848,30.7021,30.6949,6293192,35.6506,35.6031,5117382,12.17,66467.66,15.8782
2014-05-15,152.498,152.4329,154956399,30.4155,31.5512,10891843,35.3017,35.3176,12894696,13.17,66584.23,17.4465
2014-05-16,153.027,153.0555,97457678,30.394,30.3976,3764297,35.3652,35.4127,4609899,12.44,67298.52,15.7941
2014-05-19,153.5885,153.6454,63839398,30.4442,30.4513,1574405,35.4286,35.4286,9697098,12.42,67228.68,15.9315
2014-05-20,152.6201,152.494,111644478,30.3152,30.2758,896240,35.0163,35.0004,5124363,12.96,67321.79,15.7231
2014-05-21,153.9058,153.8692,89093285,30.5516,30.5481,3907911,35.4286,35.381,4933436,11.91,65575.69,15.2901
2014-05-22,154.2802,154.2761,61549345,30.5015,30.4943,1912137,35.7775,35.7299,8813314,12.03,65172.62,15.2602
2014-05-23,154.8986,154.8295,60156088,30.6233,30.6018,3228125,36.1264,36.0471,7074119,11.36,66032.19,15.5997
2014-05-26,154.8986,154.8295,60156088,30.6233,30.6018,3228125,36.1264,36.0471,7074119,11.36,66218.02,15.249
2014-05-27,155.8507,155.8385,72010355,31.0389,31.0281,2755371,36.4119,36.3801,9158873,11.51,65544.7,15.1522
2014-05-28,155.7368,155.8507,66722865,30.9314,30.9457,7229810,36.2533,36.285,3941983,11.68,64925.62,15.0184
2014-05-29,156.5424,156.5302,64376573,31.0389,31.0281,2687310,36.6656,36.6497,4615018,11.57,64129.41,15.5171
2014-05-30,156.7947,156.7459,76315640,31.1034,31.1141,7781134,36.729,36.6497,3598349,11.4,63697.35,15.7845
2014-06-02,156.9696,156.872,64655648,31.1177,31.1069,3814259,37.1731,37.1414,10242222,11.58,64036.08,16.2586
2014-06-03,156.8923,156.8883,65047193,30.9887,30.9995,2520540,37.1096,37.1255,3277079,11.87,64882.3,16.5208
2014-06-04,157.2097,157.2138,55529372,30.9457,30.9815,9937377,37.3634,37.3792,5629677,12.08,64382.32,16.5083
2014-06-05,158.235,158.2432,92102592,31.4115,31.415,2669550,37.4585,37.4903,13246922,11.68,64720.69,14.6235
2014-06-06,158.9878,159.0895,78696219,31.6622,31.673,3978640,37.4585,37.4744,5333467,10.73,64367.19,13.4607
2014-06-09,159.1546,159.1627,65118828,31.5906,31.6049,1961508,37.4268,37.3792,4653782,11.15,62847.07,13.1403
2014-06-10,159.1708,159.2075,57129440,31.5118,31.5153,1516293,37.1096,37.1572,3648225,10.99,62893.04,13.0399
2014-06-11,158.6175,158.5972,68772479,31.2108,31.2072,2285824,37.2048,37.2048,5062257,11.6,59526.5,13.7325
2014-06-12,157.4945,157.6125,106350200,31.2037,31.2323,5458242,37.3317,37.3951,4895202,12.56,59999.17,13.8464
2014-06-13,157.9746,158.0235,82017278,31.0819,31.0926,5285880,37.522,37.5695,6478902,12.18,60318.15,14.1513
2014-06-16,158.1048,158.0763,87424332,31.089,31.0854,2255654,37.522,37.522,4150727,12.65,60257.63,15.3716
2014-06-17,158.5443,158.4873,84833876,31.1034,31.1105,2783964,37.4585,37.4903,6368232,12.06,57636.42,14.3399
2014-06-18,159.7039,159.7405,105266767,31.4115,31.4258,5304581,37.966,37.9502,9332112,10.61,57449.05,13.8823
2014-06-19,159.887,159.8463,85928920,31.4759,31.4759,3015521,38.6321,38.5845,10807860,10.62,56643.9,12.713
2014-06-20,160.2113,160.1131,100587108,31.347,31.3326,2993839,38.6638,38.6638,9146523,10.85,56347.37,12.7797
2014-06-23,160.1622,160.1009,70611486,31.2323,31.2395,1427564,38.3466,38.3625,4580435,10.98,56642.23,13.5834
2014-06-24,159.1974,159.2955,96236917,31.0174,31.046,5302307,38.3466,38.3466,7404280,12.13,55857.87,13.1291
2014-06-25,159.9169,159.7942,82781912,31.015,31.0004,4849658,38.4823,38.4663,10052236,11.59,54326.52,14.3007
2014-06-26,159.8024,159.737,84311822,30.9347,30.9457,4002195,38.3545,38.3705,7472869,11.63,52616.82,14.7994
2014-06-27,160.1131,159.9987,71453616,30.9055,30.8982,4374214,38.2587,38.2587,6762045,11.26,54659.35,15.2961
2014-06-30,160.0314,160.199,70504228,30.9055,30.9274,4628738,38.4503,38.4983,3541148,11.57,54188.39,15.269
2014-07-01,161.1025,161.1393,90470121,31.1611,31.1611,7911595,39.121,39.0731,6708571,11.15,53451.9,14.3916
2014-07-02,161.266,161.2865,52474832,31.1538,31.1538,7321826,39.0252,39.0412,6776211,10.82,52889.99,13.9595
2014-07-03,162.0592,161.9897,52938832,31.3583,31.7088,1700120,38.8974,38.9453,4486199,10.32,52694.82,12.8852
2014-07-04,162.0592,161.9897,52938832,31.3583,31.7088,1700120,38.8974,38.9453,4486199,10.32,51470.81,13.0962
2014-07-07,161.495,161.5563,61696447,30.8617,30.8872,2360698,38.61,38.6579,3233857,11.33,49947.68,14.3276
2014-07-08,160.4565,160.6732,108142552,30.3943,30.4199,9070232,38.4823,38.4823,5249352,11.98,48362.15,15.8867
2014-07-09,161.1761,161.2497,72992322,30.5623,30.5842,1071631,38.7378,38.7537,2872707,11.65,47281.43,15.092
2014-07-10,160.5383,160.4852,99040407,30.0657,30.0511,8374912,38.0671,38.0831,12256590,12.59,46709.42,16.6584
2014-07-11,160.7591,160.849,64243410,30.0657,30.0766,2353779,38.131,38.1629,3124329,12.08,47063.88,16.3382
2014-07-14,161.5686,161.5481,58657919,30.2555,30.2555,4682642,38.5781,38.5781,4737920,11.82,45408.92,14.9871
2014-07-15,161.266,161.2865,111346230,29.9853,29.9999,6892109,38.7058,38.7218,11686115,11.96,45630.79,15.8707
2014-07-16,161.8629,161.8547,80073242,30.3067,30.3067,2471597,38.7697,38.7857,2456345,11,45630.79,14.8111
2014-07-17,160.0232,160.154,145398459,29.7516,29.2149,3426829,38.5142,38.5462,7283477,14.54,45198.43,17.6468
2014-07-18,161.6584,161.6381,124330419,30.0292,30.0328,1404656,38.7058,38.7218,7868401,12.06,47305.3,16.5305
2014-07-21,161.356,161.2006,67591618,29.7882,29.7809,15806247,38.642,38.6579,4374236,12.81,47305.3,17.7222
2014-07-22,162.0592,161.9488,67677602,29.9561,29.2989,2722083,38.7697,38.7697,2414447,12.24,45726.69,15.6723
2014-07-23,162.4189,162.3658,65611830,30.0511,30.0365,5075083,38.8016,38.7218,3895327,11.52,46403.99,15.5898
2014-07-24,162.4271,162.3535,56888093,30.3067,30.303,5455851,38.61,38.5621,5358446,11.84,45642.49,14.8523
2014-07-25,161.6667,161.589,76837257,29.9561,29.9415,1790758,38.7378,38.7218,7083433,12.69,46063.22,16.7309
2014-07-28,161.7321,161.7116,69258785,29.8831,29.8794,2643151,38.9613,38.9453,7068472,12.56,47167.7,17.0697
2014-07-29,161.0371,160.9267,80466351,29.8539,29.8101,2860779,38.8655,38.8495,4670545,13.28,48456.43,16.7601
2014-07-30,161.0616,161.0902,104222452,29.7736,29.7845,2056836,38.8974,38.9294,3302403,13.33,49323.37,17.4831
2014-07-31,157.8809,158.0608,183479441,29.0652,29.0725,14133802,38.3226,38.3386,9879972,16.95,49563.82,19.1221
2014-08-01,157.3985,157.2881,189260864,28.7804,28.7877,4827508,38.2907,38.2428,5997396,17.03,50320.76,19.8142
2014-08-04,158.5351,158.4165,91340487,28.9556,28.7913,8426729,38.3545,38.4024,3146655,15.12,49709.22,19.094
2014-08-05,156.9979,156.8957,152690379,28.4006,28.397,5832574,37.7478,37.7637,7517752,16.87,49054.33,18.4436
2014-08-06,157.0469,157.002,94818317,28.397,28.3824,6186543,37.5402,37.5562,10385438,16.37,50314.67,19.1494
2014-08-07,156.1966,156.262,135733421,27.9625,27.9698,10602231,37.4284,37.4444,8045591,16.66,50201.81,20.7973
2014-08-08,158.0036,157.7706,117014384,28.3787,28.3459,4686704,37.4923,37.4923,4386393,15.77,51948.04,21.2386
2014-08-11,158.4574,158.4819,74543691,28.3933,28.3824,1784686,37.8436,37.8436,5990814,14.23,50815.96,19.4288
2014-08-12,158.2407,158.302,73631640,28.2838,28.3093,9501237,37.7797,37.7637,4270322,14.13,49551.93,19.562
2014-08-13,159.3118,159.4713,69046544,28.4591,28.4737,7279311,38.0991,38.115,3245221,12.9,48575.54,18.2314
2014-08-14,160.0641,160.1908,57370793,28.6197,28.6234,4887116,38.1629,38.2268,3126150,12.42,47633.21,17.2978
2014-08-15,160.0314,160.1254,139950669,28.5394,28.3276,12749697,38.2268,38.1949,5208806,13.15,47681.63,20.3569
2014-08-18,161.3723,161.3355,75424360,28.7804,28.8059,4844570,38.3545,38.3705,7024516,12.32,47235.95,17.0294
2014-08-19,162.2145,162.1368,59134709,28.8169,28.8169,5385819,38.3865,38.3865,2040112,12.21,46205.43,16.3083
2014-08-20,162.6479,162.6233,72762541,28.7,28.7146,1328312,38.1629,38.131,3210112,11.78,46026.69,16.7278
2014-08-21,163.1221,163.1507,67790690,28.9849,28.9812,4601771,38.3545,38.3386,4921678,11.76,46394.14,16.0345
2014-08-22,162.8686,163.0035,76107359,28.7658,28.784,5404688,38.0671,38.0991,3071885,11.47,47255.26,17.2349
2014-08-25,163.6945,163.5882,63855022,29.1163,29.1638,3108465,38.1949,38.1789,9332614,11.7,46245.33,16.4519
2014-08-26,163.8008,163.8866,47298324,29.3281,29.3354,3969815,38.0033,38.0033,3964146,11.63,45474.87,15.8972
2014-08-27,163.7353,163.7803,47873708,29.4449,29.4741,9173979,37.8436,37.8595,3643926,11.78,44142.49,16.1061
2014-08-28,163.6454,163.7394,58330373,29.1601,29.2039,3270305,37.7478,37.7797,2305041,12.05,42810.75,17.2795
2014-08-29,164.1115,163.9847,65906598,29.1163,29.1053,3252017,37.6839,37.6839,7910013,11.98,42901.64,17.1888
2014-09-01,164.1115,163.9847,65906598,29.1163,29.1053,3252017,37.6839,37.6839,7910013,11.98,41461.84,17.7323
2014-09-02,164.0297,163.9929,72425793,29.1966,28.8863,23397017,38.0671,38.0671,13251488,12.25,41807.54,17.835
2014-09-03,163.9398,163.9111,57461742,29.5034,29.2112,2459183,38.0991,38.115,3698078,12.36,43523,16.8103
2014-09-04,163.7027,163.8335,85236442,29.4741,29.4997,6786759,37.9713,38.0192,5074518,12.64,42443.74,16.161
2014-09-05,164.4385,164.5039,102176784,29.6421,29.6385,3154621,37.8116,37.8116,4192286,12.09,42870.59,15.4702
2014-09-08,164.0133,164.0501,64145745,29.3062,29.036,1882571,37.7797,37.7957,4373623,12.66,41128.77,15.8479
2014-09-09,162.9749,163.1671,88590876,29.2405,29.5253,3459850,37.4603,37.4284,5345943,13.5,41875.78,15.878
2014-09-10,163.5882,163.625,67251103,29.2697,29.2697,2109941,37.8755,37.8915,4627793,12.88,40906.93,16.4187
2014-09-11,163.7762,163.7476,66823558,29.1309,29.1382,3986207,37.7797,37.7318,4019872,12.8,43328.66,16.6097
2014-09-12,162.8196,162.791,117478516,29.1017,29.0944,11566879,37.652,37.62,5578808,13.31,41780.06,15.9108
2014-09-15,162.6977,162.7419,76401421,29.0725,29.2112,4747816,37.6839,37.6679,3930033,14.12,41780.06,16.7209
2014-09-16,163.9234,163.9806,116200722,29.1455,29.1638,2247426,37.7478,37.7957,2915372,12.73,39923.55,17.096
2014-09-17,164.1442,164.1401,151265896,29.0944,28.8826,11784093,37.4284,37.4444,7777324,12.65,39489.18,16.432
2014-09-18,165.0191,165.0518,94990300,29.3135,29.3281,1498450,37.652,37.636,5169533,12.03,39935.12,16.6266
2014-09-19,164.8706,164.9774,121649147,29.1382,29.1601,2234801,37.7158,37.6999,6564801,12.11,39918.36,15.0596
2014-09-22,163.5973,163.5562,125552758,29.0214,29.0214,1786496,37.6839,37.7318,6784410,13.69,39734.92,15.8303
2014-09-23,162.6608,162.4144,111393319,28.6124,28.7913,2534882,37.62,37.5562,8171311,14.93,39734.92,17.7684
2014-09-24,163.9341,163.8971,107275635,28.7877,28.7804,2181784,37.8436,37.8595,9344561,13.27,39462.84,15.9504
2014-09-25,161.289,161.5108,150300028,28.24,28.2947,2456990,37.7478,37.7478,6627706,15.64,39215.03,17.5658
2014-09-26,162.5705,162.7142,103546740,28.4298,28.4371,1961402,38.0352,38.0831,4175227,14.85,39206.86,17.6012
2014-09-29,162.2747,162.1638,95111605,28.1012,28.0976,5809216,37.8116,37.7478,8569815,15.98,38902.54,18.7975
2014-09-30,161.8476,161.7777,131302082,28.1158,28.627,4941066,37.5881,37.5721,9589098,16.31,39953.14,17.8514
2014-10-01,159.6542,159.8719,177797862,27.7945,27.8274,4771155,36.9813,36.9973,7689096,16.71,40132.57,19.014
2014-10-02,159.6789,159.6871,157285182,27.4074,27.4221,7735013,36.2787,36.2787,9259503,16.16,42476.54,21.0788
2014-10-03,161.4368,161.4902,121568769,27.3271,26.2426,2853025,36.7258,36.6779,6764052,14.55,41917.09,19.695
2014-10-06,161.2479,161.1123,104778335,27.4951,27.4732,4083032,36.63,36.646,11091444,15.46,40679.95,19.7614
2014-10-07,158.7588,158.8245,147913498,26.867,26.8926,2403297,36.4065,36.3745,5835415,17.2,40862.67,21.0076
2014-10-08,161.5354,161.5641,186461453,27.3928,27.4001,5605296,36.63,36.6779,8498646,15.11,42190.06,20.9036
2014-10-09,158.3316,158.5616,210704601,26.5384,26.5822,5048895,35.7039,35.7358,7991264,18.76,43361.58,20.5162
2014-10-10,156.5244,156.1383,221908954,26.1441,26.1222,3709653,35.1929,35.177,10116272,21.24,44048.69,23.1168
2014-10-13,153.9531,153.7519,230938833,26.1514,26.1368,4689253,34.8736,34.8895,10053085,24.64,44048.69,23.4966
2014-10-14,154.1914,154.4994,215846527,26.239,28.0355,8956246,35.0971,35.1291,11519513,22.79,46667.3,23.3811
2014-10-15,153.1481,152.15,380714598,25.9688,25.8739,6062998,34.9055,34.8097,16194010,26.25,45038.26,28.7576
2014-10-16,153.0167,152.5197,270391488,25.589,27.6338,13383771,34.7778,34.7299,8628784,25.2,49190.67,31.5233
2014-10-17,154.8239,155.0088,214624921,26.239,26.228,7297010,34.9374,34.9694,8139988,21.99,51844.14,25.3527
2014-10-20,156.3272,156.5819,130010813,26.2682,26.2901,16276346,35.64,35.64,4792286,18.57,47693.65,25.1853
2014-10-21,159.4242,159.7035,154948579,26.721,26.8999,4258146,35.5762,35.6241,9520303,16.08,47963.4,22.2422
2014-10-22,158.2906,158.6479,151822409,26.3412,28.0866,13539786,35.6081,35.64,5355078,17.87,45169.48,21.6951
2014-10-23,160.1307,160.3237,154944169,26.794,26.8086,3537280,35.8316,35.8476,5493135,16.53,44972.92,20.8792
2014-10-24,161.3629,161.445,117927286,26.9109,26.9291,2069710,35.9594,35.9753,4381489,16.11,45947.04,21.3229
2014-10-27,161.1411,161.252,82953689,26.6772,26.6991,4200892,36.0232,35.9753,4713928,16.04,44874.21,23.0205
2014-10-28,162.9894,163.0962,106735936,27.1957,28.2509,2962611,36.2149,36.2149,3200437,14.39,44315.51,20.4123
2014-10-29,162.743,162.5212,142557417,26.7794,26.8159,2518749,36.4065,36.3745,5352902,15.15,42220.14,20.7403
2014-10-30,163.7862,163.8355,113329976,26.9401,26.9328,1670350,36.6939,36.6779,3842814,14.52,41232.92,20.8846
2014-10-31,165.6592,165.5237,146902554,27.3125,27.3271,4069470,38.5142,38.4983,33579579,14.03,43790.62,20.3172
2014-11-03,165.7496,165.6469,93734143,26.962,26.9656,11211370,38.7697,38.7697,23767230,14.73,43790.62,21.364
2014-11-04,165.1745,165.1704,93342777,26.8232,26.8159,2436154,37.7478,37.7478,16132389,14.89,47911.72,22.8946
2014-11-05,166.2178,166.2959,91708574,26.9985,26.9912,1802165,37.5562,37.5881,7862818,14.17,46601.81,21.9455
2014-11-06,166.8832,167.0681,107089076,26.9328,26.9437,5523474,37.0771,37.1091,8246263,13.67,47202.53,20.7181
2014-11-07,167.0393,166.875,89539712,26.8086,26.8123,4742459,36.9494,36.9174,13381055,13.12,46941.35,21.1162
2014-11-10,167.565,167.5527,66318964,26.9547,26.9437,4329965,37.2368,37.2049,5803324,12.67,45894.18,19.1799
2014-11-11,167.7252,167.717,54499375,27.1445,27.1555,887525,37.4603,37.4284,6602763,12.92,46206.93,18.2589
2014-11-12,167.5486,167.6595,90120295,26.7356,26.7392,1702116,37.2687,37.3007,8230586,13.02,48330.22,20.6145
2014-11-13,167.7376,167.5363,85357918,26.8451,26.8159,2046855,37.5881,37.5721,7590150,13.79,50651.04,20.0406
2014-11-14,167.7786,167.8361,80417514,26.9474,26.9401,1228539,37.5881,37.62,5300957,13.31,52351.01,19.5586
2014-11-17,167.8854,167.9758,80440954,27.0496,27.046,1334926,36.9813,37.0292,9954736,13.99,54012.12,19.416
2014-11-18,168.8548,168.7192,76068107,27.5535,27.5681,2128494,37.4923,37.5083,20825181,13.86,53977.94,18.9696
2014-11-19,168.5837,168.6206,82373009,27.5389,27.5535,3972066,37.2687,37.2847,7945681,13.96,52556.83,19.5753
2014-11-20,168.8794,168.9903,72840326,27.3782,27.3782,2655102,36.8855,36.9015,5209464,13.58,50964.2,19.9065
2014-11-21,169.783,169.7625,142327285,27.7142,28.3532,1621988,37.157,37.157,6125182,12.9,51704.59,18.9133
2014-11-24,170.2595,170.2636,65880759,28.145,28.1377,16267037,37.2368,37.2049,7595603,12.62,51704.59,19.3169
2014-11-25,170.1363,170.28,79108301,28.3057,28.313,2889748,37.3326,37.3166,4568732,12.25,50937.98,19.1485
2014-11-26,170.5717,170.6743,62167832,28.4225,28.4225,1998276,37.2368,37.2208,9572037,12.07,49993.95,18.2837
2014-11-27,170.5717,170.6743,62167832,28.4225,28.4225,1998276,37.2368,37.2208,9572037,12.07,50447.22,18.156
2014-11-28,170.2102,170.0089,57890088,28.3714,20.4041,3433457,37.1091,37.1091,2619586,13.33,50602.56,18.0253
2014-12-01,169.0273,168.9164,103968354,28.3203,28.3203,9740596,37.3007,37.3007,12033119,14.29,50950.71,19.3406
2014-12-02,170.1157,170.1568,74507192,28.2692,28.2582,3065533,37.6041,37.62,5000951,12.85,51027.6,19.1189
2014-12-03,170.777,170.7195,68951968,28.2108,28.2071,8510519,37.5721,37.5562,6022614,12.47,52974.32,18.7911
2014-12-04,170.5881,170.6743,91316591,28.0647,28.072,3711329,37.4923,37.4923,5965157,12.38,54450.26,18.1098
2014-12-05,170.8674,171.0153,91025470,28.3276,28.3313,4825953,37.5242,37.4923,6458310,11.82,54176.13,16.3307
2014-12-08,169.7255,169.6475,108588152,28.072,28.0793,2992370,36.9174,36.9494,15218423,14.21,53026.5,16.6347
2014-12-09,169.6105,169.4586,125180054,27.831,27.8164,5872212,37.1091,37.125,7656993,14.89,53808.19,21.4418
2014-12-10,166.8915,166.9325,159856394,27.4513,27.4586,9274905,36.5342,36.5502,16482713,18.53,53808.19,21.7342
2014-12-11,167.7376,167.2652,159012805,27.3563,27.3052,8452367,36.63,36.646,6100144,20.08,50685.73,20.8103
2014-12-12,165.0267,164.6242,202330191,26.7867,25.673,5903283,36.2787,36.1989,6125545,21.08,49532.5,26.4981
2014-12-15,163.893,163.9875,189965750,26.2536,27.0898,25139048,35.5762,35.6241,11087384,20.42,49069.84,29.5265
2014-12-16,162.5787,163.9875,259543848,26.553,27.2212,8965865,35.6081,35.6081,15180503,23.57,49537.17,25.6614
2014-12-17,165.766,165.918,253910092,26.8853,26.9,8720816,36.2067,36.2067,15860989,19.44,48041.71,27.228
2014-12-18,169.8652,170.1198,257633887,27.4443,27.79,9232836,36.785,36.8331,7032456,16.81,47293.98,22.5806
2014-12-19,170.5878,170.5795,245084590,27.2237,27.4701,3295054,36.9777,36.9456,6156924,16.49,46247.16,23.6176
2014-12-22,171.3725,171.2073,148318934,27.4075,27.4002,1842877,36.8813,36.8813,10865504,15.25,46041.7,22.9656
2014-12-23,171.6038,171.769,122167931,27.4223,27.7717,2748174,36.9456,36.9456,5380155,14.8,46041.7,22.0804
2014-12-24,171.6203,171.6657,42963399,27.6209,27.8452,7878121,36.8813,37.4917,1294299,14.37,46004.36,22.0804
2014-12-25,171.6203,171.6657,42963399,27.6209,27.8452,7878121,36.8813,37.4917,1294299,14.37,46237.41,22.0804
2014-12-26,172.1737,172.1779,57326703,27.5914,27.5914,1764428,37.1383,37.1223,2153345,14.5,47102.97,22.0804
2014-12-29,172.405,172.4587,79643948,27.3708,27.3634,15846746,36.7528,36.7689,3035369,15.06,47994.51,24.9354
2014-12-30,171.4799,171.707,73540761,27.0251,27.0287,3812893,36.3031,36.3352,4148004,15.92,48930.85,26.1876
2014-12-31,169.7783,169.7948,130333829,26.7235,26.7382,3240306,36.1103,36.1585,3983286,19.2,48930.85,26.1876
2015-01-01,169.7783,169.7948,130333829,26.7235,26.7382,3240306,36.1103,36.1585,3983286,19.2,48930.85,26.1876
2015-01-02,169.6874,169.3157,121465865,26.7529,25.8886,2971461,36.1745,36.1424,7191717,17.79,48930.85,26.2531
2015-01-05,166.6229,166.8336,169632646,25.7525,26.5874,6880615,35.7569,35.773,8672541,19.92,48625.26,29.6236
2015-01-06,165.0535,165.0824,209151408,25.4877,25.473,4196522,35.1786,35.2107,8184959,21.12,50080.55,28.8317
2015-01-07,167.1103,167.1598,125346709,25.7084,25.7084,8941605,35.6926,35.7248,9584510,19.31,49988.29,28.1715
2015-01-08,170.0757,169.9724,147217784,26.0688,26.0578,4585715,36.1264,36.1103,5003286,17.01,49228.59,25.9087
2015-01-09,168.7127,168.4732,158567288,25.8261,25.8003,8835947,35.7569,35.789,10884222,17.55,49045.04,28.7787
2015-01-12,167.3911,167.42,144396067,25.8996,25.929,14766455,35.6284,35.6605,8802094,19.6,49045.04,29.7249
2015-01-13,166.9203,166.8749,214553306,26.032,26.032,15178874,35.9175,35.9336,8206308,20.56,48327.69,28.5404
2015-01-14,165.9126,166.2141,192991092,26.0835,27.1133,9408854,35.8533,35.9015,7326354,21.48,47781.61,29.4845
2015-01-15,164.3926,164.657,176613906,26.0173,27.0729,4613390,36.1103,36.1585,10195568,22.39,45526.3,29.026
2015-01-16,166.5486,166.6271,211879605,26.5249,26.5396,8998384,36.4316,36.4476,11407718,20.95,46070.47,29.3287
2015-01-19,166.5486,166.6271,211879605,26.5249,26.5396,8998384,36.4316,36.4476,11407718,20.95,45296.18,28.32
2015-01-20,166.8996,166.8831,130991069,26.7455,27.4333,4653912,36.7207,36.7207,7104784,19.89,44024.44,27.0724
2015-01-21,167.7463,167.7587,122942707,27.0103,27.0103,12323652,36.785,36.801,5688725,18.85,44169.75,26.0176
2015-01-22,170.2409,170.1624,174356029,27.1133,25.9658,32977157,36.9456,36.9135,5282006,16.4,43623.34,22.9441
2015-01-23,169.3075,169.1794,117516753,26.8853,26.8779,14593053,36.8171,36.8171,5510224,16.66,41936.47,23.1125
2015-01-26,169.704,169.9394,92009711,27.437,27.448,8857050,37.2347,37.2508,3995916,15.52,41457.73,21.3426
2015-01-27,167.4655,167.99,134044598,27.3561,27.4149,13107394,37.299,37.3632,4890407,17.22,39522.12,22.4298
2015-01-28,165.3178,164.9007,168514312,26.7308,27.0067,10224060,37.2347,37.1544,13086605,20.44,38866.23,21.8259
2015-01-29,166.8461,167.1474,173585424,27.459,27.4885,12530565,37.556,37.5721,7301337,18.76,39517.09,23.3237
2015-01-30,164.7479,164.8387,197729724,26.9809,27.2531,5070059,36.9135,36.9616,8032808,20.97,39609.94,24.731
2015-02-02,166.7881,166.9781,163106969,27.3119,26.8448,21521330,37.299,37.3472,5383443,19.43,39993.11,24.3214
2015-02-03,169.2001,169.0225,124212881,28.0328,27.5216,10496759,37.2347,37.1865,5712823,17.33,41355.74,22.7637
2015-02-04,168.5558,168.1304,134306728,27.459,26.3189,9718215,37.4275,37.4114,7339051,18.33,40025.84,22.2736
2015-02-05,170.2574,170.1459,97953181,27.9372,27.9188,7567815,37.7487,37.7166,5783138,16.85,40177.58,22.2611
2015-02-06,169.7866,170.0137,125672026,27.3046,27.3266,4222162,37.4275,37.4757,5127158,17.29,40471.52,21.8332
2015-02-09,169.0266,169.1134,87219016,27.0765,27.0802,3609946,37.0741,37.1062,6508823,18.55,39973.94,25.3712
2015-02-10,170.8273,170.7447,96164183,27.4443,27.4296,12607595,37.556,37.5399,4357164,17.23,39390.99,25.1067
2015-02-11,170.9264,171.0545,91087785,27.3781,27.3634,27558657,37.6202,37.6202,6743933,16.96,39390.99,25.721
2015-02-12,172.5702,172.5578,97545949,28.099,28.1873,14447955,37.8773,37.8291,23389285,15.34,39095.69,24.3635
2015-02-13,173.2806,173.293,93670430,28.1652,28.1615,8817239,38.327,38.327,7943887,14.69,38297.14,24.1849
2015-02-16,173.2806,173.293,93670430,28.1652,28.1615,8817239,38.327,38.327,7943887,14.69,38022.76,25.2507
2015-02-17,173.5532,173.5077,76968199,28.202,28.2056,12648411,38.2949,38.3592,10699352,15.8,37540.62,24.9047
2015-02-18,173.5697,173.4747,80652941,28.2755,27.9445,9901694,38.9696,39.0017,11760211,15.45,37166.87,23.3392
2015-02-19,173.4458,173.4747,91462491,28.2461,27.996,12270495,39.2587,39.2908,12668888,15.29,37365.98,23.2086
2015-02-20,174.4857,174.4576,140896392,28.6948,28.6948,7166563,39.6121,39.596,7027965,14.3,37312.1,24.2039
2015-02-23,174.4609,174.4246,74411054,28.5109,28.5183,3507743,39.3872,39.4193,4241795,14.56,37196.17,20.625
2015-02-24,174.9574,174.9698,72472263,28.7757,28.7831,2488115,39.58,39.58,5809315,13.69,35541.54,18.398
2015-02-25,174.8087,174.7054,73061687,28.7095,28.7095,11960357,39.4836,39.4996,11682663,13.84,34428.29,17.8235
2015-02-26,174.6022,174.66,72697868,28.5477,28.5403,4618562,39.837,39.837,20837324,13.91,35524.58,17.3519
2015-02-27,174.0075,174.2924,108075972,28.658,28.6764,2795815,39.6763,39.6924,9573983,13.34,36195.47,17.7528
2015-03-02,175.1061,175.0689,87491428,28.7389,28.7463,3498936,39.7727,39.7245,10180081,13.04,35811.97,17.7992
2015-03-03,174.3874,174.2842,110325809,28.4447,28.4263,2867196,39.58,39.5318,6548268,13.86,35047.24,19.5843
2015-03-04,173.6524,173.5903,114497192,28.305,28.2866,6370831,39.3872,39.4033,4109515,14.23,34925.55,18.9188
2015-03-05,173.8423,173.8629,76872957,28.4374,28.441,3870842,39.6121,39.596,6405325,14.04,33986.87,18.1841
2015-03-06,171.3973,171.5253,188127982,27.9519,27.9482,8003087,39.5478,39.58,11384479,15.2,33797.16,18.4149
2015-03-09,172.1076,172.087,89818893,28.0475,28.0549,2515027,39.4193,39.3872,5572365,15.06,33402.95,18.8112
2015-03-10,169.3157,169.1299,157121263,27.3781,27.3597,11421663,38.8411,38.825,9687657,16.69,33803.85,20.4652
2015-03-11,168.9192,168.9647,110145718,27.5767,27.5731,5672812,39.1944,39.1784,7783597,16.87,32682.4,19.4698
2015-03-12,171.0669,170.943,93993523,27.8121,27.7937,4517916,40.0619,40.0779,12976309,15.42,32272.28,18.967
2015-03-13,170.0155,169.8155,162410893,27.6282,27.5988,4888243,40.094,40.0458,7479236,16,32375.23,18.8262
2015-03-16,172.2894,171.9342,136099192,28.1063,28.0696,3921883,40.2546,40.2064,6435275,15.61,32509.08,19.3889
2015-03-17,171.7772,171.8392,94510422,27.9298,27.9261,3798699,40.351,40.3671,7236380,15.66,31820.06,20.2476
2015-03-18,173.8423,173.9703,228808524,28.4226,28.9008,7236970,40.9775,40.9935,10865316,13.97,31917.25,19.6938
2015-03-19,173.0493,173.1402,117917302,27.9519,27.9629,12694403,40.5116,40.5277,10642141,14.07,31430.85,18.9138
2015-03-20,174.5766,174.5559,177715081,28.7463,28.7206,4002388,41.1542,41.1863,9085886,13.02,30844.32,17.4772
2015-03-23,174.2364,174.1576,71784536,28.8861,28.8787,3490497,41.3469,41.3309,4308176,13.41,30813.87,19.8323
2015-03-24,173.2574,173.3445,77805321,29.0037,29.0074,6271065,41.2505,41.2345,6659684,13.62,31459.76,17.6675
2015-03-25,170.7185,170.8222,159521708,28.8051,28.8272,5007712,41.1542,41.122,5841377,15.44,31122.29,19.158
2015-03-26,170.312,170.3659,153067241,28.533,28.5367,8133492,40.7365,40.8008,6814463,15.8,32066.74,19.6535
2015-03-27,170.7019,170.7268,118938966,28.6948,29.0368,4396680,40.8972,40.9453,7295386,15.07,32952.56,20.4715
2015-03-30,172.7845,172.6227,96180365,28.8125,28.7868,6333842,41.0578,41.0739,13199831,14.51,32552.67,19.7608
2015-03-31,171.2744,171.2163,126768703,28.3785,28.3417,3471774,40.2546,40.2225,7267352,15.29,33223.11,21.1004
2015-04-01,170.6687,170.8056,137303584,28.6507,28.6654,9102471,40.4153,40.3992,17141610,15.11,33748.16,20.9691
2015-04-02,171.2786,171.3118,86900906,28.9743,28.967,1845402,40.7686,40.7205,6233542,14.67,33071.18,20.7203
2015-04-03,171.2786,171.3118,86900906,28.9743,28.967,1845402,40.7686,40.7205,6233542,14.67,32745.58,20.7203
2015-04-06,172.436,172.4152,114368155,29.2465,29.2391,2522176,41.2505,41.1863,4958265,14.74,32525.09,20.7203
2015-04-07,171.9797,171.9921,81236337,29.0773,29.081,3702612,41.4433,41.4112,6842393,14.78,32309.5,20.0561
2015-04-08,172.5563,172.6725,89351939,29.0037,29.0074,5412267,41.5076,41.5397,7182010,13.98,31817.83,19.4281
2015-04-09,173.3238,173.4524,85548854,28.989,28.9964,3668582,41.5076,41.5236,5388238,13.09,31618.05,18.3136
2015-04-10,174.2696,174.2904,72722915,29.0626,29.0626,1278091,41.5718,41.5236,4168890,12.58,31366.28,17.5116
2015-04-13,173.4814,173.5436,74436594,28.9081,28.9118,2036344,41.2827,41.2827,2760466,13.94,31031.52,17.8638
2015-04-14,173.8133,173.9253,75099866,29.0847,29.0957,7499025,41.5557,41.5879,5605889,13.67,31420.63,18.8576
2015-04-15,174.5932,174.6596,99529320,29.1435,29.1435,3331554,41.7646,41.7324,6874215,12.84,30863.26,18.2074
2015-04-16,174.5434,174.6969,68934864,29.0773,29.0773,5532566,41.861,41.8931,5140513,12.6,30370.64,20.1086
2015-04-17,172.5356,172.6725,191113230,28.5771,28.5881,4099580,41.5236,41.5397,7786452,13.89,30530.33,25.0553
2015-04-20,174.112,173.9004,92189481,28.6286,28.6139,2250210,41.6682,41.6521,5360754,13.3,30793.04,22.3
2015-04-21,173.9046,173.9294,72559831,28.8493,28.8493,3446374,42.3107,42.2947,8339726,13.25,30568.61,22.3991
2015-04-22,174.7591,174.6969,78264616,28.8493,28.8272,4614991,42.632,42.5838,7892040,12.71,31250.4,22.3273
2015-04-23,175.1989,175.2321,102585942,28.9155,28.9155,5003838,42.5999,42.5999,8647410,12.48,31182.46,22.5723
2015-04-24,175.6053,175.6386,61327387,29.0552,29.0626,6570503,42.7605,42.7605,5096486,12.29,30911.64,21.92
2015-04-27,174.8753,175.0288,79358126,29.4304,29.5996,7844085,42.6641,42.6802,9123387,13.12,31174.95,20.8863
2015-04-28,175.4312,175.6096,86863531,29.3936,29.4193,6635180,42.7926,42.8247,8443902,12.41,30751.51,22.1195
2015-04-29,174.7094,174.5476,125684903,28.9817,28.9633,5723805,42.4071,42.391,9272373,13.39,30751.51,24.0466
2015-04-30,172.9587,173.1454,161304890,29.0111,29.0442,8942870,41.3148,41.3951,20821326,14.55,30416.38,24.2128
2015-05-01,174.8338,174.8172,103399711,29.3568,29.3531,2408461,41.8288,41.8128,8369930,12.7,29426.08,24.2128
2015-05-04,175.3316,175.4395,70927235,29.2244,29.2171,5175832,42.0216,42.0055,5805215,12.85,29426.08,23.4264
2015-05-05,173.3238,173.386,113326156,28.6727,28.6764,4861350,41.2184,41.2345,11720061,14.31,29426.08,25.2236
2015-05-06,172.6102,172.6144,135060151,29.0111,29.0185,10382001,41.1863,41.2184,10963843,15.15,29426.08,24.7232
2015-05-07,173.2989,173.3901,88244940,28.9008,28.9008,19278606,41.2505,41.2345,10803139,15.13,29545.68,23.7527
2015-05-08,175.5805,175.3607,155877260,29.5407,29.5334,6989228,42.2143,42.134,7615443,12.86,28989.31,21.1296
2015-05-11,174.7384,174.5393,75708065,29.2244,29.1987,12062541,41.5397,41.5236,9296699,13.85,27106.5,21.8358
2015-05-12,174.2198,174.2987,119727592,29.1288,29.1288,5013037,41.5236,41.5236,8221711,13.86,27371.86,23.2326
2015-05-13,174.253,174.2821,94667943,29.2972,29.298,4794089,41.7967,41.7806,7323445,13.76,26455.1,23.0546
2015-05-14,176.0701,176.1613,95934006,29.9159,29.2502,3018528,42.0055,42.0055,7532302,12.74,26197.43,21.7425
2015-05-15,176.2609,176.2692,76510099,29.9379,29.9379,3464643,42.2143,42.1983,10593815,12.38,25482.72,21.5088
2015-05-18,176.8085,176.8458,74549685,29.7173,29.6952,5395399,42.5677,42.6159,6273545,12.73,25334.08,21.0066
2015-05-19,176.7504,176.7172,72114610,29.732,29.7173,1656689,42.5999,42.5838,6738825,12.85,25282.64,20.0541
2015-05-20,176.626,176.5637,76857530,29.8055,29.8129,4044914,42.5999,42.5838,9968735,12.88,25250.66,19.5695
2015-05-21,177.1404,177.0533,64764585,29.8938,29.9085,2266438,42.7444,42.7284,4105421,12.11,25257.02,19.5296
2015-05-22,176.7172,176.7338,57433495,29.5701,29.5812,3869348,42.6641,42.6481,6724037,12.13,24905.7,19.6309
2015-05-25,176.7172,176.7338,57433495,29.5701,29.5812,3869348,42.6641,42.6481,6724037,12.13,24389.72,19.6309
2015-05-26,174.8172,175.1532,124308584,28.7904,28.8272,5178001,42.118,42.1501,11093558,14.06,24292.8,22.5012
2015-05-27,176.4766,176.4227,93213981,29.2538,29.2465,9259633,42.4071,42.375,4919827,13.27,24292.8,20.8183
2015-05-28,176.2775,176.514,74974560,29.2538,29.2759,5407984,42.3107,42.3268,6315711,13.31,24539.74,22.0181
2015-05-29,175.1823,175.3607,124919611,28.8272,28.853,9755565,41.9252,41.9252,10201062,13.84,24699.25,23.5386
2015-06-01,175.5391,175.51,93338750,28.7537,28.7463,4424559,42.118,42.1501,5944689,13.97,24580.3,24.5648
2015-06-02,175.3648,175.286,91531012,29.0994,29.0883,3656109,42.0216,41.9573,4769819,14.24,24003.87,24.5107
2015-06-03,175.8295,176.0659,87820909,29.4819,29.5003,5464445,42.1822,42.2304,6885281,13.66,24124.49,24.0513
2015-06-04,174.3436,174.6803,151882820,29.0479,30.2763,5485275,41.8931,41.9573,7264192,14.71,23752.42,24.4495
2015-06-05,174.0456,174.0995,121704676,28.533,28.5367,16024788,41.6361,41.6361,5221414,14.21,23609.05,25.2745
2015-06-08,172.9753,172.996,89063330,28.5256,28.5183,4495120,41.4112,41.3951,3981717,15.29,23085.46,25.604
2015-06-09,172.9504,173.1122,105034690,28.43,28.441,4067608,40.9935,41.0096,3992561,14.47,23630.04,24.9865
2015-06-10,175.0246,175.3067,134551285,29.2171,29.2428,7317313,41.6682,41.6521,6393315,13.22,23275.59,23.8291
2015-06-11,175.5888,175.5266,73876447,29.298,29.2833,7811449,41.861,41.877,7187386,12.85,22012.35,23.6341
2015-06-12,174.2447,174.2115,135382369,28.9155,28.9118,9042017,41.6361,41.6521,4949313,13.78,22066.32,25.2594
2015-06-15,173.498,173.4109,124384184,28.5403,28.544,4993951,41.7646,41.7164,9265370,15.39,21909.74,27.8467
2015-06-16,174.4439,174.5434,85308227,28.5256,28.5293,4948881,41.5718,41.5557,3633800,14.81,21986.45,28.7447
2015-06-17,174.726,174.531,126708635,28.3932,28.3785,6648982,41.2184,41.1542,7236584,14.5,22148.29,28.2724
2015-06-18,176.543,176.6426,165867949,28.8419,28.8456,13652796,41.2505,41.2666,6379406,13.19,21837.83,28.4283
2015-06-19,175.7593,175.4592,130478689,28.6801,28.6948,8316346,41.2827,41.2987,3593742,13.96,21132.57,28.6184
2015-06-22,176.6598,176.6764,70696027,29.6731,29.6768,15299983,41.9252,41.9413,5537569,12.74,20619.98,23.5436
2015-06-23,176.7848,176.764,68476797,29.6069,29.6143,3305040,42.4071,42.391,7739102,12.11,20232.42,23.5179
2015-06-24,175.5009,175.4884,92307318,29.3348,29.3384,12422710,41.9573,41.9734,7574638,13.26,20525.32,24.9348
2015-06-25,174.9673,174.9298,97107361,29.4152,29.4115,4368420,42.0403,42.0241,5254357,14.01,20538.76,25.6433
2015-06-26,174.9339,174.9548,104174840,29.5724,29.5612,4995487,42.234,42.2179,3948064,14.02,20732.48,26.7172
2015-06-29,171.2655,171.2697,202621332,28.3075,28.3112,7630416,41.1685,41.1846,6163728,18.85,22791.56,30.6468
2015-06-30,171.624,171.6657,182925106,28.0979,28.0942,18675888,41.3622,41.3784,7547880,18.23,22255.52,32.3071
2015-07-01,172.9997,173.0122,135979873,28.3225,28.3262,9485244,41.6528,41.669,4216516,16.09,21904.35,30.285
2015-07-02,172.8413,172.8329,104373652,28.1952,28.199,5410390,41.6528,41.669,3348705,16.79,21131.79,31.6721
2015-07-03,172.8413,172.8329,104373652,28.1952,28.199,5410390,41.6528,41.669,3348705,16.79,21420.17,32.285
2015-07-06,172.3494,172.3452,117975369,27.3045,27.3083,8065043,41.3622,41.3784,5911775,17.01,22297.15,29.9819
2015-07-07,173.4332,173.404,173820249,27.3719,27.3756,19014486,41.4591,41.4752,12403196,16.09,21251.8,30.9878
2015-07-08,170.5235,170.4985,164020059,26.9977,26.9902,18227607,39.7478,39.7639,15755287,19.66,23061.82,31.6348
2015-07-09,170.832,170.807,144113107,27.574,27.5702,10999264,40.2321,40.2321,12343929,19.97,24089.24,30.7656
2015-07-10,172.983,172.9747,129456890,28.9961,28.9998,10427648,40.8779,40.8617,15663830,16.83,24374.86,27.8763
2015-07-13,174.8923,174.8923,106069400,28.9138,28.91,8676217,41.4268,41.4107,5698497,13.9,22963.78,23.2482
2015-07-14,175.651,175.6551,81709575,29.0709,29.0747,10317635,41.6851,41.7013,7465221,13.37,21737.42,21.5485
2015-07-15,175.5926,175.6051,97914141,28.9587,28.9549,6673639,41.6528,41.6044,9000837,13.23,20424.77,21.0969
2015-07-16,177.0016,176.9683,106683266,29.2356,29.2468,3486321,41.8143,41.7981,6156773,12.11,19515.58,19.018
2015-07-17,177.1517,177.1225,89029973,29.1533,29.157,7952675,41.9111,41.895,3006668,11.95,19125.48,18.9656
2015-07-20,177.2434,177.2601,70446821,29.2805,29.2768,5608146,41.9111,41.895,4933686,12.25,19125.48,18.1165
2015-07-21,176.543,176.5389,77965048,29.2206,29.2244,7284959,41.782,41.7658,4367040,12.22,19038.03,17.9144
2015-07-22,176.2262,176.1971,88667920,29.0709,29.0747,6695226,41.5882,41.6044,5549704,12.12,19516.15,18.16
2015-07-23,175.2341,175.2216,90509128,29.0709,29.0747,3699661,41.556,41.5398,11609538,12.64,19520.27,17.4317
2015-07-24,173.4165,173.3874,117754979,28.779,28.7753,4369623,41.1685,41.1846,8738884,13.74,20179.43,19.0408
2015-07-27,172.4077,172.3827,132361082,28.5171,28.5208,3331601,41.007,40.9909,14992929,15.6,20317.7,21.9151
2015-07-28,174.5254,174.4921,123544845,28.8314,28.8352,4281339,41.2008,41.1846,5202914,13.44,20499.73,20.8092
2015-07-29,175.726,175.6926,105791255,28.8239,28.8277,11091881,41.3622,41.3461,5635867,12.5,19967.22,20.0336
2015-07-30,175.7677,175.7385,91304374,28.7042,28.7004,4848423,41.4268,41.4107,5024879,12.13,19469.95,20.2348
2015-07-31,175.5009,175.4759,103266857,28.9587,28.9474,6340290,41.7497,41.7335,6181044,12.12,19321.71,19.2878
2015-08-03,174.9089,174.8798,113965728,29.0635,29.0672,4110171,41.5882,41.6044,5375959,12.56,18920.84,18.5935
2015-08-04,174.5671,174.5421,81820823,28.9587,28.9549,3439249,41.5237,41.5398,6424944,13,18977.66,18.2536
2015-08-05,175.1424,175.1674,85786817,29.1982,29.2094,10884176,41.782,41.7658,6908109,12.51,19305.65,17.5482
2015-08-06,173.7084,173.7917,116030803,29.2655,29.2693,2283716,41.6528,41.6367,4488632,13.77,19367.61,18.2603
2015-08-07,173.3749,173.354,117857956,29.1907,29.1944,2829083,41.782,41.7981,5512137,13.39,19409.07,18.7066
2015-08-10,175.5592,175.5718,80270676,29.5575,29.5612,3296617,42.3955,42.3793,5550275,12.23,19341.24,18.3067
2015-08-11,173.9752,173.946,126081377,29.1308,29.1346,5575160,41.6528,41.669,8245143,13.71,18595.68,20.4012
2015-08-12,174.1836,174.1544,172123672,28.8464,28.8427,6341629,41.3945,41.4107,20672090,13.61,19170.8,24.4678
2015-08-13,173.9668,173.9376,89383253,28.6817,28.678,3485943,41.7174,41.7335,13808354,13.49,18679.91,23.2434
2015-08-14,174.6005,174.5879,72786528,28.6293,28.6331,5076428,41.7174,41.7013,4485237,12.83,17662.9,22.8364
2015-08-17,175.5759,175.5634,79072643,28.532,28.5208,2122689,41.8143,41.782,7290813,13.02,17065.71,22.3811
2015-08-18,175.0673,175.0548,71692678,28.2925,28.2888,3164465,41.5237,41.4752,6291542,13.79,17455.47,22.5001
2015-08-19,173.6833,173.675,172945975,28.0829,28.0792,4870600,41.0716,41.0555,11523508,15.25,17973.27,23.7117
2015-08-20,170.0566,170.0107,194327884,27.3494,27.3457,11811095,39.8446,39.8931,17084171,19.14,18705.01,25.4949
2015-08-21,164.9375,164.6999,346588469,26.9153,26.8891,6839012,38.4885,38.5369,21448489,28.03,19592.47,30.2101
2015-08-24,157.9925,157.9716,507244333,26.2791,26.2454,15010585,37.1324,37.1162,32703630,40.74,22975.8,40.803
2015-08-25,156.1333,156.0916,369833071,26.4213,26.4176,14442841,37.3584,37.3422,28043651,36.02,24215.89,33.6485
2015-08-26,162.1278,162.1987,339256986,27.0351,27.0313,13260288,38.8437,38.8598,31468142,30.32,23212.6,35.2896
2015-08-27,166.1381,166.1589,274143906,27.2372,27.2484,12014847,39.554,39.5379,42793266,26.1,22454.92,30.5602
2015-08-28,166.1464,166.1506,160414352,27.0351,27.0276,9274047,39.7478,39.7639,12628466,26.05,21957.97,31.0337
2015-08-31,164.8041,164.7457,163298816,26.9602,26.9565,5057503,39.1343,39.1181,13272859,28.43,22727.05,31.0718
2015-09-01,159.8851,159.7392,256000392,26.3016,26.2903,8509823,37.3584,37.3422,24010676,31.4,25940.18,34.264
2015-09-02,162.9198,162.9449,160269331,26.6309,26.6346,4050849,38.0365,38.0526,15764484,26.09,26989.78,33.7021
2015-09-03,163.0366,163.0199,152087836,26.6159,26.6122,8798783,38.3271,38.3109,12215027,25.61,27867.87,29.8773
2015-09-04,160.5687,160.5562,207080961,26.0695,26.0621,8769315,37.1001,37.0839,26091608,27.8,29080.02,34.8152
2015-09-07,160.5687,160.5562,207080961,26.0695,26.0621,8769315,37.1001,37.0839,26091608,27.8,28316.58,35.1536
2015-09-08,164.604,164.654,116025739,26.833,26.8367,4098566,37.9719,37.9234,15626605,24.9,28671.12,32.2298
2015-09-09,162.4029,162.3988,149347735,26.6084,26.6122,4540726,37.9073,37.9234,22224667,26.23,26756.6,30.4496
2015-09-10,163.2867,163.295,158611063,26.9677,26.9715,15515317,37.875,37.8912,16896236,24.37,28301.01,32.0034
2015-09-11,164.0287,164.0412,119691212,26.9004,26.9041,7072590,37.9073,37.9234,14165502,23.2,27419.95,31.6478
2015-09-14,163.4201,163.4284,79451983,26.6384,26.6496,8275361,37.8104,37.7943,9633378,24.25,27529.48,31.355
2015-09-15,165.4627,165.4836,113806176,26.8405,26.8442,2812221,38.101,38.1172,7735655,22.54,27818.19,29.9496
2015-09-16,166.8968,166.9051,99581557,27.1473,27.1511,4723956,38.4239,38.4401,7804664,21.35,26788.65,27.9163
2015-09-17,166.5216,166.5508,276046618,27.3943,27.4093,11990756,38.3916,38.3755,17816500,21.14,25031.74,27.0649
2015-09-18,163.8007,163.7923,223657456,26.5186,26.5074,5464597,37.1646,37.1808,13502023,22.28,25746.27,28.4011
2015-09-21,164.6472,164.6472,105726209,26.4138,26.4176,6071283,37.3907,37.4068,11613689,20.14,25746.27,27.0169
2015-09-22,162.5101,162.4891,153890876,25.5905,25.5868,6943267,36.8418,36.8256,11777782,22.44,25746.27,32.1618
2015-09-23,162.2503,162.2419,92790620,25.5157,25.5194,12719831,36.8418,36.8579,14713898,22.13,25746.27,31.0561
2015-09-24,161.6636,161.6846,159378840,25.4258,25.4296,25899466,36.5834,36.5673,19510585,23.47,26793.24,33.4567
2015-09-25,161.6217,161.5882,155054777,25.6429,25.6466,5719942,37.4875,37.4714,11457656,23.62,26211.01,30.5182
2015-09-28,157.5655,157.4942,178515871,25.1938,25.1976,2956514,36.5834,36.5673,7823433,27.63,26514.43,33.0825
2015-09-29,157.6576,157.6032,159045572,25.3211,25.3173,5193656,36.1314,36.1475,11303420,26.83,30007.92,33.7366
2015-09-30,160.5993,160.637,163452044,25.7028,25.6916,7612456,36.9063,36.8579,11904542,24.5,28800.61,32.0459
2015-10-01,161.0183,161.0351,131078964,25.6504,25.6466,6314846,37.1646,37.1485,10988874,22.55,29089.25,31.7174
2015-10-02,163.4236,163.4026,211003342,26.092,26.0883,4508193,37.6167,37.6005,14267003,20.94,30018.42,30.9395
2015-10-05,166.3317,166.3526,126320842,26.6384,26.6346,3454381,38.5531,38.5369,10840100,19.54,28467.74,28.6187
2015-10-06,165.7618,165.7869,110274530,26.8405,26.8442,3637607,38.2302,38.2463,10673236,19.4,28057.05,26.257
2015-10-07,167.1195,167.153,124307295,27.1024,27.0987,17584177,38.8437,38.8275,10940749,18.4,27068.71,26.3912
2015-10-08,168.628,168.6196,153055231,27.2746,27.2708,2965808,38.9728,38.9567,10577331,17.42,26535.8,24.5243
2015-10-09,168.7285,168.7746,107069240,27.4018,27.3981,10940222,39.0697,39.0536,4855871,17.08,25525.66,23.4173
2015-10-12,168.8878,168.9297,56395585,27.3045,27.3008,1873219,39.1343,39.1181,4649406,16.17,25525.66,23.1872
2015-10-13,167.8234,167.7941,88038718,27.065,27.0613,18147661,38.7145,38.6984,13000521,17.67,24855.5,24.0398
2015-10-14,167.0189,167.0105,99106161,27.1997,27.2035,3219031,38.2625,38.2463,13442972,18.03,25366.55,25.158
2015-10-15,169.5834,169.5708,134142195,27.5141,27.5029,10464042,39.2311,39.215,8554497,16.05,24784.18,24.1188
2015-10-16,170.3544,170.2496,114580052,27.4692,27.4617,4240067,39.4249,39.4087,14848131,15.05,24691.12,22.7408
2015-10-19,170.4382,170.4047,76523897,27.4318,27.428,2799595,39.2311,39.215,6622981,14.98,24722.77,22.4522
2015-10-20,170.2036,170.191,78448484,27.327,27.3345,1995403,39.0051,38.989,4495603,15.75,24033.57,21.7156
2015-10-21,169.1643,169.1392,102038033,27.297,27.3083,11727466,39.5217,39.5056,16084660,16.7,23365.65,21.8297
2015-10-22,172.0222,171.997,174911723,27.6039,27.6077,7253321,40.0061,40.0222,12581680,14.45,23522.04,19.9722
2015-10-23,173.9078,173.9036,144442340,27.9183,27.9145,4780492,40.3935,40.3774,12694065,14.46,23222.23,19.8009
2015-10-26,173.4804,173.4595,69032965,27.806,27.8098,4017227,40.3613,40.3451,8180167,15.29,23042.23,20.6403
2015-10-27,173.1452,173.1242,77905770,27.4991,27.4879,10499804,40.0384,40.0222,10323544,15.43,24445.35,20.6863
2015-10-28,175.1146,175.1272,135906725,27.6488,27.6563,11997845,40.4258,40.4097,12758704,14.33,24162.28,20.7149
2015-10-29,175.0141,175.0518,90525498,27.5815,27.5852,13448095,39.9738,39.9576,6350571,14.61,23191.6,21.0418
2015-10-30,174.2598,174.2011,131076942,27.5815,27.5852,5971510,39.7801,39.7962,10330974,15.07,21973.85,20.3569
2015-11-02,176.3215,176.3005,86270811,27.9557,27.9669,2704082,40.0707,40.0868,7149383,14.15,21544.76,20.7672
2015-11-03,176.8327,176.795,95246052,27.836,27.8322,8425148,40.0384,40.0222,7556794,14.54,21544.76,20.0632
2015-11-04,176.2963,176.3047,96224477,27.559,27.5478,8081653,39.8446,39.8285,7332078,15.51,21551.31,20.7464
2015-11-05,176.1203,176.091,78408744,27.6039,27.6077,4842178,40.1352,40.1191,13951328,15.05,21189.72,20.9361
2015-11-06,176.0281,176.0072,110471473,27.5665,27.5628,3709836,40.0384,40.0545,6976318,14.33,21093.98,20.4363
2015-11-09,174.3855,174.3646,131008660,27.1548,27.1511,4533695,39.8769,39.8931,7486099,16.52,20972.67,21.984
2015-11-10,174.7878,174.7459,75874602,27.065,27.0688,6382599,40.2967,40.2805,6728916,15.29,21179.95,22.3923
2015-11-11,174.1006,174.0712,67845971,27.1773,27.181,1828331,40.4581,40.5066,5771822,16.06,20529.69,21.839
2015-11-12,171.6702,171.6911,121315200,26.8405,26.8367,9016517,40.0707,40.0545,10319472,18.37,20214.29,23.4483
2015-11-13,169.7426,169.7468,153577050,26.586,26.5822,4900369,39.8769,39.8931,9105072,20.08,20572.65,24.9526
2015-11-16,172.3239,172.3113,117645231,26.833,26.8292,3855038,40.2644,40.3128,6653320,18.16,21679.57,25.8488
2015-11-17,172.1982,172.1269,121123744,26.8929,26.8966,8339595,40.3613,40.3451,12645676,18.84,20946.69,23.6199
2015-11-18,174.9303,174.9177,121342544,27.1997,27.196,7082780,40.555,40.5711,6988125,16.85,21662.37,24.748
2015-11-19,174.7794,174.7668,88220465,27.3345,27.3307,4996089,40.555,40.5711,5261443,16.99,20924.15,23.4423
2015-11-20,175.417,175.4499,94011519,27.1548,27.1511,4869402,40.7487,40.7326,5775254,15.47,20745.05,22.6528
2015-11-23,175.2152,175.2026,64931172,26.9902,26.9939,5332066,40.555,40.5711,5562252,15.62,20745.05,22.9841
2015-11-24,175.4499,175.4792,98874365,26.9004,26.8891,3880300,40.7487,40.7649,4707127,15.93,19974.13,24.8133
2015-11-25,175.4247,175.4247,51980062,27.095,27.0912,5709388,40.4904,40.5066,4910832,15.19,20115.06,23.9372
2015-11-26,175.4247,175.4247,51980062,27.095,27.0912,5709388,40.4904,40.5066,4910832,15.19,20123.16,22.8903
2015-11-27,175.6259,175.5923,37317779,27.327,27.3382,4160937,40.2967,40.3128,1657956,15.12,20236.05,23.0669
2015-11-30,174.8967,174.8842,112822700,27.3644,27.3532,11641638,39.9738,39.9899,11277386,16.13,20464.38,23.6503
2015-12-01,176.5645,176.6106,97858418,27.4467,27.458,7780448,40.5873,40.5711,8989372,14.67,19657.76,23.6051
2015-12-02,174.7618,174.7291,108441259,27.0575,27.0613,10617844,40.2644,40.2482,7784196,15.91,19505.89,22.8176
2015-12-03,172.3155,172.3155,166224154,26.9602,26.9565,19722146,39.8769,39.8931,9035620,18.11,19559.05,22.6526
2015-12-04,175.6761,175.6845,192913879,27.2746,27.2783,7948618,40.1029,40.0868,8626590,14.81,20483.05,22.6816
2015-12-07,174.6118,174.5657,102027111,27.1997,27.2035,5128052,40.0061,39.9899,8996027,15.84,19334.71,22.0447
2015-12-08,173.4377,173.4427,103372367,26.7806,26.7769,5881255,39.4895,39.4733,7566929,17.6,19743.24,23.5733
2015-12-09,172.0892,172.1018,162401537,26.6758,26.6796,6515492,39.0374,39.1181,11765936,19.61,20216.39,24.2947
2015-12-10,172.5334,172.4999,116128884,26.601,26.6047,3902162,39.3926,39.4087,8139043,19.34,20484.63,24.5343
2015-12-11,169.1895,169.1643,211173305,26.107,26.1032,5578697,38.7791,38.7952,15333993,24.39,19842.61,26.5766
2015-12-14,170.045,170.1239,182385177,26.0995,26.092,8309190,39.1343,39.1181,12200177,22.73,20707.84,30.411
2015-12-15,171.8301,171.8713,153067719,26.3614,26.3652,14045747,38.9728,38.9244,8054570,20.95,21800.42,27.4591
2015-12-16,174.3436,174.2975,197017008,26.8255,26.8292,10653761,39.9415,39.8931,10145807,17.86,20914.68,25.4362
2015-12-17,171.6869,171.7037,173092476,26.5561,26.5523,6332188,39.554,39.5056,10759559,18.94,19801.68,22.5761
2015-12-18,168.6286,168.5731,251393535,26.2043,26.1968,9106553,39.0536,39.0536,15106122,20.7,20226.58,23.8989
2015-12-21,170.019,170.0106,99094290,26.2994,26.3032,5975705,39.1925,39.1763,6311335,18.7,20248.27,23.8836
2015-12-22,171.5618,171.566,111026246,26.4645,26.4682,11174915,39.4852,39.469,9836617,16.6,19399.76,22.5361
2015-12-23,173.6863,173.6905,110987228,26.8808,26.8808,7516236,39.9081,39.8918,7707280,15.57,19399.76,20.2504
2015-12-24,173.3996,173.3027,48542150,26.8545,26.8433,5690712,39.4202,39.4365,4185135,15.74,19425.15,20.2504
2015-12-25,173.3996,173.3027,48542150,26.8545,26.8433,5690712,39.4202,39.4365,4185135,15.74,19556.85,20.2504
2015-12-28,173.0034,172.9908,65899939,26.7495,26.7533,13605120,39.4527,39.469,9805813,16.91,18727.71,22.4544
2015-12-29,174.8497,174.875,92640672,27.0046,27.0008,7087478,40.0382,40.0219,4437701,16.08,18215.62,21.6067
2015-12-30,173.6104,173.6146,63317679,26.7345,26.7308,5124336,39.8105,39.8268,5285527,17.29,18007.22,22.7102
2015-12-31,171.8737,171.9159,114877859,26.2844,26.2807,8734643,39.4202,39.4365,6550958,18.21,18007.22,22.7102
2016-01-01,171.8737,171.9159,114877859,26.2844,26.2807,8734643,39.4202,39.4365,6550958,18.21,18007.22,22.7102
2016-01-04,169.4703,169.4499,222353534,25.8569,25.8494,5065285,38.8022,38.8185,12380354,20.7,19340.72,26.998
2016-01-05,169.7576,169.8209,110845849,25.6318,25.6206,9150522,39.2901,39.2738,15505258,19.34,20067.76,26.2087
2016-01-06,167.6163,167.5952,152112604,25.2118,25.2155,6316272,38.6071,38.6233,14176365,20.59,20752.57,26.309
2016-01-07,163.5949,163.5654,213436073,24.8592,24.863,10750054,38.0216,38.0054,13166679,24.99,22344.93,29.7899
2016-01-08,161.8017,161.7908,209817228,24.6342,24.6304,10383777,37.2085,37.2248,14302740,27.01,23107.28,30.4005
2016-01-11,161.9594,161.9214,187941323,24.7692,24.7729,6315924,37.4687,37.4524,13390491,24.3,23107.28,30.2182
2016-01-12,163.2668,163.2197,172330490,25.1067,25.103,13465330,37.2735,37.2898,11024855,22.47,24834.66,28.5388
2016-01-13,159.1942,159.2026,221168886,24.6117,24.6004,14865622,36.9483,36.9646,17053044,25.22,22645.84,28.1348
2016-01-14,161.8076,161.7697,240795609,24.8442,24.8329,9310474,37.4036,37.3874,17555500,23.95,24293.73,29.939
2016-01-15,158.3342,158.3089,324846447,23.9816,23.9853,15067906,36.3466,36.3466,15135296,27.02,24495.2,34.5856
2016-01-18,158.3342,158.3089,324846447,23.9816,23.9853,15067906,36.3466,36.3466,15135296,27.02,26022.22,34.325
2016-01-19,158.545,158.5197,195244373,24.1841,24.1878,8279950,36.6556,36.6068,14047982,26.05,23639.79,30.7571
2016-01-20,156.5132,156.6228,286547839,23.6965,23.6928,8941637,35.257,35.3058,23073967,27.59,25711.8,35.1133
2016-01-21,157.39,157.3774,195772941,23.9891,23.9853,19339209,35.1269,35.1106,24179922,26.69,28817.47,31.7894
2016-01-22,160.6189,160.5936,168319598,24.5817,24.5854,14717644,36.7206,36.6718,40544275,22.34,27217.55,28.3356
2016-01-25,158.1909,158.212,130371686,24.2516,24.2553,5699806,35.94,35.9563,12860801,24.15,24983.15,28.4443
2016-01-26,160.3491,160.3281,141036757,24.7842,24.7804,8334387,36.4279,36.4116,9799065,22.5,26297.05,28.1187
2016-01-27,158.604,158.5998,185681707,24.5591,24.5629,14334591,36.4604,36.4442,17281770,23.11,25705.63,27.7832
2016-01-28,159.4302,159.4513,143798780,24.5817,24.5779,8275715,36.5255,36.4767,9827097,22.42,25938.38,29.8315
2016-01-29,163.3174,163.2956,210529336,24.9042,24.9155,4971455,37.4036,37.3549,18271021,20.2,24383.1,27.389
2016-02-01,163.2577,163.283,136061564,24.8442,24.8554,6420619,37.176,37.1922,11686489,19.98,23721.91,27.3303
2016-02-02,160.3154,160.2943,182564890,24.1316,24.1428,8486824,36.7857,36.7694,15176881,21.98,23904.65,29.1542
2016-02-03,161.2765,161.188,205054934,24.5216,24.5254,16080399,36.3303,36.3466,23335133,21.65,26544.23,30.7369
2016-02-04,161.5294,161.4957,139531794,24.5704,24.5704,6883539,36.2328,36.249,9883886,21.84,27079.19,29.6423
2016-02-05,158.4523,158.4523,180788308,24.1691,24.1803,7509468,35.6148,35.5985,14665145,23.38,28799.14,30.0529
2016-02-08,156.3193,156.294,191526694,23.5015,23.5052,12193071,35.5497,35.5335,13198753,26,27189.25,33.3917
2016-02-09,156.3278,156.2856,184513136,23.3139,23.3177,16551686,34.8667,34.883,22072280,26.54,30776.42,33.9664
2016-02-10,156.1929,156.2055,148214057,23.4115,23.4227,12009051,34.2487,34.265,22876414,26.29,33566.47,33.4528
2016-02-11,154.1611,154.2749,219058885,23.0664,23.0701,11423350,33.5657,33.582,21396041,28.14,33566.47,38.3051
2016-02-12,157.3394,157.3521,127632393,23.3439,23.3327,5993366,33.8584,33.9072,12102288,25.4,35750.1,35.6846
2016-02-15,157.3394,157.3521,127632393,23.3439,23.3327,5993366,33.8584,33.9072,12102288,25.4,31069.24,33.9154
2016-02-16,159.9951,159.9908,120250668,24.1091,23.8053,15929486,35.0944,35.0781,15996268,24.11,30064.41,33.5213
2016-02-17,162.6085,162.6043,136009496,24.3491,24.3079,11010092,35.3871,35.3708,12143229,22.31,31401.74,30.4983
2016-02-18,161.9425,161.9088,102342997,24.1391,24.1278,5196407,35.3871,35.3708,12209868,21.64,30091.37,30.9172
2016-02-19,161.8666,161.8835,114792988,24.1016,24.0903,6351784,35.2245,35.2082,6686971,20.53,31102.8,31.2656
2016-02-22,164.2103,164.2103,103640292,24.3491,24.3641,3050837,35.8099,35.8262,8290638,19.38,30713.19,29.9498
2016-02-23,162.1364,162.1659,111455289,23.9816,23.9628,4685594,35.2245,35.2407,8918706,20.98,30666.67,30.5366
2016-02-24,162.8783,162.8825,150812152,23.7565,23.7678,10139128,35.5823,35.566,15089003,20.72,31130.99,33.1178
2016-02-25,164.8511,164.8468,110728317,24.0641,24.0528,12894291,36.0051,36.0213,11564095,19.11,30242.27,31.0305
2016-02-26,164.471,164.5096,129833663,23.9928,23.9928,5917536,35.9726,35.9563,6683598,19.81,29932.04,29.2756
2016-02-29,163.1818,163.1101,125918102,23.854,23.8728,2862991,35.4196,35.4522,12901708,20.55,29745.51,29.7298
2016-03-01,167.0177,167.0641,141799687,24.6192,24.6154,5834169,36.2978,36.3141,8192714,17.7,30131.07,28.5424
2016-03-02,167.768,167.7722,102414960,24.6567,24.6454,4803489,36.8182,36.8019,7414509,17.09,27761.76,27.1243
2016-03-03,168.4214,168.4172,95172197,24.9042,24.908,11764144,37.0784,37.0947,14145610,16.7,27111.29,26.5186
2016-03-04,168.9736,168.9357,129293601,24.9867,24.9942,7151718,37.4687,37.4524,13669669,16.86,26648.44,24.5116
2016-03-07,169.1085,169.1338,100218998,24.9567,24.9455,7912792,37.0784,37.0947,7944072,17.35,25866.49,26.2052
2016-03-08,167.2622,167.2327,123974866,24.7242,24.7317,5491986,36.7206,36.7694,7849892,18.67,26411.8,27.8475
2016-03-09,168.0884,168.1137,94801213,24.8517,24.8554,7361695,36.6881,36.7044,7192095,18.34,26219.71,28.0607
2016-03-10,168.2233,168.2106,156838697,24.9717,24.9567,26155239,36.5255,36.5417,20473353,18.05,26214.93,28.1781
2016-03-11,170.9379,170.9126,137964528,25.7856,25.7856,6601414,37.5012,37.5175,8991021,16.5,25092.37,24.1107
2016-03-14,170.7187,170.7145,73611974,25.7443,25.7631,5350021,37.6638,37.6151,4676338,16.92,23766.45,22.9607
2016-03-15,170.4405,170.4363,93169090,25.6168,25.6131,3555884,37.176,37.1922,8779223,16.84,22859.82,23.2425
2016-03-16,171.4269,171.4733,129303179,25.8831,25.8831,4160542,37.241,37.2573,6485180,14.99,22849.95,23.0994
2016-03-17,172.5144,172.5313,134278505,25.9169,25.9281,5250221,37.3711,37.3549,11586833,14.44,22662.75,22.7536
2016-03-18,173.192,173.2386,138372404,25.9994,25.9844,7181461,37.241,37.2573,11284119,14.02,23435.4,20.6567
2016-03-21,173.4377,173.4335,72926659,25.9206,25.9206,8484767,37.4036,37.3874,4524613,13.79,23435.4,21.8265
2016-03-22,173.3445,173.3742,97471939,25.8344,25.8381,6857213,37.6313,37.6151,7667029,14.17,21861.61,22.0365
2016-03-23,172.1998,172.2259,81052455,25.6318,25.6281,7791578,37.1434,37.1597,6077819,14.94,21567.47,22.0971
2016-03-24,172.1242,172.1497,84360853,25.3843,25.388,2866651,36.9158,36.8995,5884892,14.74,22156.42,24.6287
2016-03-25,172.1242,172.1497,84360853,25.3843,25.388,2866651,36.9158,36.8995,5884892,14.74,22034.12,24.6287
2016-03-28,172.2259,172.2302,62408185,25.4743,25.4668,1870157,37.4687,37.4524,4587727,15.24,22670.16,24.6287
2016-03-29,173.8197,173.8953,92922863,25.8194,25.8231,3496154,37.859,37.8265,6798112,13.82,22494.14,24.9043
2016-03-30,174.5817,174.6114,86365310,26.1494,26.1157,10391753,37.7289,37.7452,9940424,13.56,22783.68,22.6443
2016-03-31,174.158,174.1792,94584110,25.7969,25.8081,13285869,37.1109,37.1597,9037179,13.95,22099.26,23.4487
2016-04-01,175.3444,175.3062,114423478,25.5868,25.6056,8420335,36.2002,36.2815,11209808,13.1,24295.91,25.1088
2016-04-04,174.7766,174.7851,63496969,25.5643,25.5231,5561234,36.2002,36.184,7186552,14.12,24133.94,24.509
2016-04-05,173.0303,173.0352,99662158,25.0242,24.9717,6982945,35.4196,35.4034,8374585,15.42,25008.12,26.623
2016-04-06,174.9207,174.9164,91839761,25.3093,25.3093,2373925,36.0051,35.9888,13164849,14.09,25892.42,25.1686
2016-04-07,172.8276,172.8403,113859037,24.7692,24.7617,10888374,35.8099,35.8262,29448600,16.16,25567.48,26.1571
2016-04-08,173.293,173.2979,95040598,25.2643,25.253,5592984,36.8507,36.8345,15886446,15.36,25867.32,24.8054
2016-04-11,172.887,172.8488,83757486,25.3093,25.313,4096367,36.623,36.6393,9862065,16.26,25597.98,24.8863
2016-04-12,174.497,174.5139,115350567,25.5643,25.5868,8290818,37.4687,37.485,13551334,14.85,24557.07,24.0775
2016-04-13,176.2602,176.2723,96336433,25.9919,25.9994,12207254,38.5095,38.4932,12776297,13.84,22149.51,22.3118
2016-04-14,176.268,176.2723,65212883,26.0219,26.0331,5281810,38.6721,38.6559,14547391,13.72,22150.38,20.6302
2016-04-15,176.0731,176.0901,75761615,25.9919,26.0031,4264425,38.3143,38.3631,9419577,13.62,22569.44,20.5487
2016-04-18,177.3097,177.3146,82530960,26.2694,26.2807,10100072,38.6071,38.5908,7289256,13.35,24559.75,21.2846
2016-04-19,177.8696,177.8569,88316060,26.8208,26.8208,8312523,39.1925,39.1763,8248379,13.24,23323.7,20.3617
2016-04-20,178.0391,178.0094,81100314,26.8133,26.8133,4113158,39.4202,39.4365,15165980,13.28,23674.88,19.8831
2016-04-21,177.0815,177.0815,85695041,26.667,26.6708,4480109,39.4202,39.4039,8789429,13.95,23632.12,20.3114
2016-04-22,177.0815,177.0688,99251724,26.547,26.5507,13014436,39.7129,39.7292,8803007,13.22,22421.49,20.6022
2016-04-25,176.7765,176.785,66166494,26.4495,26.4457,3609544,39.4527,39.4365,6642414,14.08,22740.88,21.8388
2016-04-26,177.0385,177.0773,75864174,26.592,26.5807,7590137,39.2901,39.3064,6364470,13.96,23658.26,21.2816
2016-04-27,177.4036,177.3993,77329437,26.757,26.7533,11639346,39.2576,39.2413,10131517,13.77,22752.17,21.2843
2016-04-28,175.7914,175.8104,97216169,26.5507,26.5507,3333054,37.4687,37.485,25635250,15.22,23184.5,20.8538
2016-04-29,174.8451,174.8698,142424137,26.457,26.4307,3099234,37.1434,37.1597,17211947,15.7,23184.5,24.033
2016-05-02,176.2341,176.2426,62188015,26.6708,26.6708,5387130,37.8265,37.8427,8251704,14.68,24837.51,25.1167
2016-05-03,174.6997,174.7215,106422142,26.1344,26.1382,13857166,37.4687,37.4524,14891809,15.6,24837.51,26.4095
2016-05-04,173.7258,173.7089,92243810,25.8419,25.8531,9476522,37.1434,37.1597,15669858,16.05,24837.51,27.0373
2016-05-05,173.6919,173.6835,67619222,25.6993,25.6956,16908168,37.3386,37.3874,9365112,15.91,24837.51,25.9343
2016-05-06,174.3275,174.3105,89315004,25.8494,25.8531,5825285,37.5337,37.55,10466292,14.72,24642.35,25.1235
2016-05-09,174.4709,174.4758,74374922,25.8006,25.8006,11802971,37.5012,37.5175,10071196,14.57,23086.42,24.956
2016-05-10,176.6409,176.6197,77472207,26.0594,26.0707,8938633,38.4444,38.4607,9915601,13.63,23119.32,23.891
2016-05-11,174.9885,175.0308,81726989,25.8644,25.8606,4442889,37.7289,37.7452,8621205,14.69,23455.6,23.8595
2016-05-12,175.0393,175.0393,89586308,25.7669,25.7556,4558607,38.0216,38.0054,7496943,14.41,23074.77,24.4471
2016-05-13,173.514,173.5055,96474630,25.4668,25.4556,4488407,37.5012,37.55,5874852,15.04,24018.49,23.5957
2016-05-16,175.2257,175.23,77486827,25.7143,25.7331,1945824,38.0216,38.0379,5307198,14.68,24419.04,24.2125
2016-05-17,173.5909,173.6199,114924940,25.4293,25.4255,4900015,37.7614,37.7777,6232952,15.57,24055.84,24.474
2016-05-18,173.6411,173.6792,123493379,25.433,25.433,5091042,37.7939,37.8427,9106133,15.95,24045.27,23.2967
2016-05-19,173.0394,173.0564,115430507,25.2643,25.268,6412512,37.5337,37.55,6092944,16.33,23524.85,24.3817
2016-05-20,174.1326,174.1114,104990408,25.5306,25.5306,5535233,37.7939,37.7452,8098577,15.2,23556.64,22.6043
2016-05-23,173.8953,173.8445,58682576,25.4143,25.418,6786878,37.6313,37.6476,5638516,15.82,23369.55,23.2929
2016-05-24,176.1494,176.1367,93537808,25.8831,25.8831,4428358,37.9078,37.9078,8421308,14.42,23075.33,21.7857
2016-05-25,177.3442,177.2976,79221525,26.1794,26.1907,3482968,38.1842,38.2005,6081990,13.9,23075.33,21.0604
2016-05-26,177.3951,177.3697,55280699,26.3857,26.3857,2149359,38.1517,38.1355,4710387,13.43,23118.18,20.819
2016-05-27,178.1577,178.1408,64211214,26.2994,26.3032,2172628,38.0379,38.0379,3565447,13.12,22749.04,20.4629
2016-05-30,178.1577,178.1408,64211214,26.2994,26.3032,2172628,38.0379,38.0379,3565447,13.12,22144.26,20.9441
2016-05-31,177.8188,177.8739,109879380,25.4968,26.2357,4371778,38.3469,38.3631,11470932,14.19,22122.68,22.1149
2016-06-01,178.1832,178.1789,69936215,26.2357,26.2357,3647983,38.3143,38.2656,3615223,14.2,22587.62,23.9317
2016-06-02,178.7255,178.7213,63044749,26.2657,26.2657,4216004,37.9891,38.0054,10236246,13.63,23194.81,23.1068
2016-06-03,178.1916,178.2086,101757126,26.3595,26.3707,2663018,38.1517,38.1355,6626512,13.47,22957.68,23.5541
2016-06-06,179.0984,179.1111,64887045,26.4195,26.4232,1982282,38.542,38.5583,5747377,13.65,22922.77,24.0527
2016-06-07,179.378,179.378,60974761,26.667,26.6783,6686355,38.8022,38.8185,5112553,14.05,22550.68,23.3496
2016-06-08,179.9627,179.9415,66170920,26.7195,26.7158,6343041,39.0299,39.0136,3245259,14.08,22287.44,24.3166
2016-06-09,179.717,179.6661,73786869,26.2769,26.2807,2658437,38.5745,38.5583,5708462,14.64,22631,25.8413
2016-06-10,178.0137,178.0137,113829158,25.3543,25.3505,5705132,37.8915,37.8753,6865732,17.03,22632.75,30.2251
2016-06-13,176.6402,176.6367,117751153,24.923,24.923,5428141,37.2085,37.2248,7450527,20.97,24730.48,34.3644
2016-06-14,176.2935,176.3231,125059286,24.5216,24.5179,17079504,37.0459,37.0621,11500172,20.5,25386.07,38.3353
2016-06-15,176.0477,176.0562,109124496,24.6567,24.6529,8416494,37.4036,37.4199,8396946,20.14,25630.84,37.6871
2016-06-16,176.5731,176.6155,149533065,24.8217,24.8329,15320657,37.241,37.2248,8175115,19.37,26764,39.8975
2016-06-17,175.9159,175.95,117055748,25.1367,25.1405,28567977,37.176,37.2248,12884541,19.41,26152.9,38.0273
2016-06-20,177.0489,177.0616,82789603,25.6918,25.7031,11398996,38.0216,38.0054,8781692,18.37,24235.59,34.2207
2016-06-21,177.5514,177.5131,72461663,25.9769,25.9506,10284776,38.2818,38.2656,12580847,18.48,23745.36,34.4684
2016-06-22,177.2618,177.215,95560471,25.9392,25.943,17783171,37.9272,37.9435,11368075,21.17,24009,36.0375
2016-06-23,179.5702,179.5958,102731356,26.8463,26.854,11318143,38.7794,38.7631,14776337,17.25,23664.41,32.0555
2016-06-24,173.0283,173.1092,333444397,23.7558,23.7519,18265726,37.1732,37.1896,16162927,25.76,28132.01,35.4279
2016-06-27,170.0214,169.9916,248988660,23.2484,23.2445,35762255,36.9765,37.0257,18817076,23.85,26222.22,34.9988
2016-06-28,173.0877,173.0581,159382399,23.8634,23.8673,21563569,37.5338,37.5174,10830160,18.75,25507.71,31.0147
2016-06-29,176.0352,176.0437,137328614,24.317,24.3208,8571667,38.0255,38.0091,5931696,16.64,24205.04,28.553
2016-06-30,178.433,178.4373,165021948,24.809,24.7975,14169154,37.6977,37.7141,27695203,15.63,24374.34,26.0765
2016-07-01,178.8128,178.7397,106055333,24.8244,24.8206,14448006,37.6321,37.6157,13445944,14.77,24054.11,25.0196
2016-07-04,178.8128,178.7397,106055333,24.8244,24.8206,14448006,37.6321,37.6157,13445944,14.77,23556.52,24.9798
2016-07-05,177.5259,177.5472,109803713,24.0325,24.0133,10989854,37.6321,37.6485,6161035,15.58,23586.63,26.7055
2016-07-06,178.5906,178.6332,96021491,23.9557,23.9749,23481632,37.6321,37.6157,12077140,14.96,24304.6,28.2579
2016-07-07,178.4765,178.4714,85521425,23.8019,23.7981,4160243,37.6649,37.6813,6434285,14.76,24445.13,26.545
2016-07-08,181.1375,181.1375,133970972,24.317,24.3208,10933929,37.9272,37.9108,6326692,13.2,24709.32,24.6151
2016-07-11,181.7764,181.7679,73633937,24.6399,24.6437,2969924,38.845,38.8286,12156412,13.54,23220.81,23.5704
2016-07-12,183.0967,183.0882,101275629,25.0819,25.0819,8001309,39.0745,39.0909,11592295,13.55,23915.23,22.3198
2016-07-13,183.0712,183.0669,87324129,25.1396,25.1435,3798940,39.0089,38.9925,7275871,13.04,22873.47,23.0918
2016-07-14,184.0933,184.0635,91230870,25.4318,25.4356,4440906,39.0745,39.0581,7142127,12.82,22500.91,21.8141
2016-07-15,183.8463,183.8378,107155401,25.2857,25.2934,3247678,38.9434,38.8942,17380730,12.67,22706.86,20.92
2016-07-18,184.3397,184.3276,58725918,25.2703,25.2741,2644744,39.0417,38.9925,8514519,12.44,22706.86,20.8355
2016-07-19,184.153,184.1231,54345728,25.0858,25.0743,4359805,38.7794,38.7631,9621457,11.97,22111.12,21.0119
2016-07-20,184.9153,184.9281,58159457,25.3011,25.2895,6574766,39.1073,39.0909,6254647,11.77,22121.03,20.345
2016-07-21,184.2168,184.1998,67777310,25.2396,25.2511,4347313,38.8122,38.7958,6978767,12.74,22443.27,19.4501
2016-07-22,185.0474,185.0474,62787477,25.3011,25.3049,4086062,38.8778,38.8942,4108057,12.02,22985.8,19.1159
2016-07-25,184.5448,184.5576,55873147,25.3241,25.3203,4181327,38.7467,38.7958,4869014,12.87,22009.05,19.918
2016-07-26,184.63,184.6087,70080493,25.4356,25.4356,5372930,38.7794,38.7958,9168232,13.05,22820.03,20.1355
2016-07-27,184.4341,184.4426,84083893,25.6778,25.6739,4002461,38.845,38.8614,8352755,12.83,22519.79,20.5334
2016-07-28,184.647,184.6555,65035718,25.7162,25.7354,3946588,38.845,38.8614,14055898,12.72,22559.56,20.9929
2016-07-29,184.9451,184.9579,79519436,26.0083,26.0122,2938944,39.5334,39.5498,11570598,11.87,21723.03,20.2451
2016-08-01,184.7918,184.7535,73311422,25.7239,25.7354,3338827,39.6645,39.6809,5825518,12.44,21605.3,20.3298
2016-08-02,183.6071,183.6291,92295506,25.4856,25.474,9885201,39.1728,39.1892,14721699,13.37,21282.16,23.1234
2016-08-03,184.1444,184.17,53993626,25.401,25.4125,3121216,38.9761,38.9925,6481755,12.86,21964.06,22.9514
2016-08-04,184.3401,184.3404,46585528,25.4779,25.474,1745210,39.5334,39.517,8301547,12.42,21686.36,21.4128
2016-08-05,185.8481,185.8395,71892161,25.6931,25.6893,3462242,39.6645,39.6317,4651848,11.39,21502.61,19.3019
2016-08-08,185.7373,185.7245,39906479,25.77,25.7739,1328639,39.8284,39.8448,4552834,11.5,20646.85,18.9378
2016-08-09,185.8481,185.8481,51251728,26.1429,26.1429,4616429,40.189,40.1726,10302063,11.66,20197.49,18.2898
2016-08-10,185.3881,185.3881,57941092,26.3005,26.2966,3261906,40.3201,40.3365,5616186,12.05,19728.77,19.1902
2016-08-11,186.2484,186.2442,72504270,26.485,26.4812,1951531,40.6152,40.5988,5012932,11.68,19728.77,18.3588
2016-08-12,186.0866,186.078,61313544,26.5004,26.4965,3077433,40.4185,40.4349,9513614,11.55,19396.84,17.8981
2016-08-15,186.6232,186.6488,49813482,26.5849,26.5734,5213270,40.6479,40.6316,4052305,11.81,19389.2,18.8343
2016-08-16,185.6607,185.6692,53213621,26.5542,26.5503,4098864,40.2874,40.271,4135456,12.64,19725.87,20.0679
2016-08-17,186.0099,186.0099,75134339,26.4888,26.4888,3378484,40.6152,40.5988,6224161,12.19,19503.05,21.1903
2016-08-18,186.4273,186.4401,52989266,26.6349,26.6349,2381295,40.4185,40.4677,4446680,11.43,20102.67,20.3198
2016-08-19,186.1547,186.1803,75443004,26.4081,26.412,2848765,40.3201,40.3037,3119848,11.34,20018.91,21.1313
2016-08-22,186.1462,186.1249,61368766,26.3774,26.3697,1696130,40.5496,40.5332,9194870,12.27,19981.44,21.6649
2016-08-23,186.521,186.4997,53399159,26.5158,26.5042,5167409,40.5824,40.566,4096836,12.38,20189.54,20.2231
2016-08-24,185.567,185.6138,71728949,26.4542,26.4504,2353758,40.5496,40.5332,4891405,13.45,20110.31,19.8311
2016-08-25,185.4392,185.4136,69224776,26.3389,26.3312,858033,40.3529,40.3365,3118675,13.63,20246.5,20.4096
2016-08-26,185.0899,185.0516,122506348,26.239,26.2351,3730364,40.0579,40.0415,9013437,13.65,20381.94,19.4893
2016-08-29,186.0021,186.0014,70502167,26.3159,26.3197,1946440,40.189,40.1726,11882504,12.94,20118.03,20.1851
2016-08-30,185.6947,185.6777,58114543,26.3543,26.3505,3034809,40.189,40.1726,11420325,13.12,19805.17,19.3723
2016-08-31,185.1666,185.1496,85269453,26.3005,26.3043,4084595,40.2546,40.2382,7046417,13.42,19349.25,19.4166
2016-09-01,185.1751,185.1836,97844207,26.5081,26.5042,4050395,40.5496,40.566,5755442,13.48,19522.05,20.0636
2016-09-02,186.0099,186.0184,79293856,26.8386,26.8425,7569603,40.8446,40.7955,5568595,11.98,19375.1,18.2963
2016-09-05,186.0099,186.0184,79293856,26.8386,26.8425,7569603,40.8446,40.7955,5568595,11.98,19295.98,18.411
2016-09-06,186.5728,186.6104,56702089,26.9847,26.9732,8193664,41.0741,41.0905,6240219,12.02,18813.33,19.0847
2016-09-07,186.5551,186.6104,76554855,27.0539,27.0424,4224241,41.2708,41.2872,6845821,11.94,18758.41,18.5743
2016-09-08,186.1292,186.1462,74102880,27.0385,27.0347,9399199,41.0741,41.0577,6902015,12.51,18422.57,17.8149
2016-09-09,181.6742,181.6784,221589073,26.4466,26.435,3945310,40.4185,40.4021,7286463,17.5,18104.08,19.2991
2016-09-12,184.2807,184.2765,168110913,26.6234,26.6426,5419005,40.7463,40.7627,8716954,15.16,19044.25,21.8999
2016-09-13,181.6316,181.6103,182828839,26.1237,26.1352,4624651,40.0251,40.0415,10113462,17.85,18660.06,22.7814
2016-09-14,181.5635,181.5422,134185491,26.0468,26.0583,12754066,39.7629,39.7465,7787223,18.14,18506.16,22.2142
2016-09-15,183.3778,183.3778,145736123,26.2313,26.2275,10001977,39.9596,39.9759,5888695,16.3,19235.13,20.5507
2016-09-16,182.6689,182.6347,155236354,25.7316,25.7354,5278117,39.6317,39.6154,3915195,15.37,18901.64,21.3052
2016-09-19,182.7032,182.6903,80250490,25.9276,25.9276,4936225,39.7629,39.7793,3246473,15.53,18901.64,20.3183
2016-09-20,182.7118,182.716,69665279,25.9776,25.9738,1904493,40.3201,40.3037,9654489,15.92,18290.57,20.6992
2016-09-21,184.7664,184.7493,110284425,26.362,26.3582,3711484,41.5002,41.5166,12665657,13.3,16963.3,20.0923
2016-09-22,185.9307,185.9179,76678713,26.7579,26.7579,8411279,42.0247,42.0083,9217883,12.02,16963.3,17.2703
2016-09-23,184.912,184.9162,73630921,26.608,26.6119,2487803,41.4347,41.4183,4781696,12.29,16154.07,16.8292
2016-09-26,183.4138,183.3881,89827305,26.2851,26.2813,1720093,41.0741,41.0577,3456548,14.5,16143.42,20.2181
2016-09-27,184.5524,184.5438,78494829,26.2428,26.2428,3515390,41.533,41.5494,6619492,13.1,16103.24,20.6567
2016-09-28,185.4684,185.5027,87411015,26.5388,26.535,3264477,41.4675,41.4838,9971130,12.39,16219.44,19.6948
2016-09-29,183.7905,183.7947,128070615,26.0545,26.0583,6682611,41.1724,41.1888,5824139,14.02,15907.74,19.9598
2016-09-30,185.1774,185.2287,117202914,26.5158,26.5273,4689827,41.1069,41.0905,12557206,13.29,16559.78,19.7693
2016-10-03,184.7322,184.6508,83512057,26.4043,26.4043,2972359,40.9757,40.9594,4016138,13.57,15846.53,20.3951
2016-10-04,183.7905,183.8076,119948052,26.4466,26.4504,4880662,40.7463,40.7627,10868288,13.63,15655.47,19.2097
2016-10-05,184.6038,184.6123,72815963,26.5773,26.6042,2685165,41.0085,40.9921,6433093,12.99,15915.95,19.4441
2016-10-06,184.7322,184.775,62927376,26.4735,26.4735,7067511,40.8118,40.8282,19146833,12.84,15971.83,19.1722
2016-10-07,184.0987,184.0901,89788255,26.2851,26.2813,4462962,40.8118,40.7955,5243110,13.48,15885.54,20.0387
2016-10-10,185.0575,185.0275,51855023,26.3927,26.3966,1021942,40.943,40.9266,1849277,13.38,15885.54,19.2601
2016-10-11,182.7203,182.7546,130367373,26.0929,26.0891,9864337,40.5824,40.566,7517893,15.36,15185.03,19.8788
2016-10-12,182.96,182.9686,73866117,25.9622,25.9661,1377978,40.5168,40.5332,3505691,15.91,15148.35,20.1318
2016-10-13,182.3607,182.3821,101356960,25.8469,25.8431,2224183,40.4513,40.4349,5860040,16.69,15339.8,20.9273
2016-10-14,182.4549,182.425,93346237,25.9468,25.9507,2875693,40.4513,40.4349,5307646,16.12,15296.12,19.4618
2016-10-17,181.8214,181.8514,58275674,25.9315,25.9199,1447965,40.484,40.4677,2638908,16.21,14868.6,20.6231
2016-10-18,182.96,182.9386,76869656,26.1929,26.1967,3314082,40.7135,40.7299,4087625,15.28,14557.83,19.069
2016-10-19,183.448,183.4309,66519224,26.2544,26.2505,1992571,40.8446,40.861,2998462,14.41,14473.09,18.0718
2016-10-20,183.1056,183.1227,73639830,26.3043,26.3043,3913358,41.2052,41.2544,8132124,13.75,14013.31,17.2172
2016-10-21,183.1912,183.1612,89089092,26.2082,26.2121,3307712,41.2052,41.2216,2323084,13.34,13986.87,16.599
2016-10-24,183.9702,183.9488,60146592,26.3236,26.3274,7779199,41.2708,41.2544,2571023,13.02,13865.04,17.7055
2016-10-25,183.3538,183.371,66542329,26.2774,26.2813,4519531,41.3036,41.2872,3010566,13.46,13573.77,18.2257
2016-10-26,182.9857,182.9985,75705478,26.1775,26.1736,3449670,41.238,41.2544,2752584,14.24,13635.93,18.674
2016-10-27,182.4977,182.502,77220213,26.2005,26.2121,2059740,41.3036,41.2544,3171968,15.36,13691,18.7315
2016-10-28,181.9584,181.9712,140623183,26.3082,26.3043,7528899,41.3691,41.3527,7114512,16.19,13342.85,19.2694
2016-10-31,181.9669,181.9241,61272507,26.2467,26.2582,6145221,41.4019,41.4183,6951728,17.06,13712.66,21.4449
2016-11-01,180.6485,180.6528,122781818,26.1083,26.1044,2915022,41.238,41.2544,5513104,18.56,13724.28,23.4631
2016-11-02,179.5613,179.5227,103330806,25.9007,25.9046,2672513,40.9757,40.9594,6830790,19.32,14148.54,23.6546
2016-11-03,178.7394,178.7908,88939346,25.8546,25.8354,2760694,41.0741,41.0577,6354143,22.08,14148.54,24.6804
2016-11-04,178.5425,178.5211,109122059,25.6086,25.6009,2313174,40.5824,40.566,5574387,22.51,14813.53,25.2078
2016-11-07,182.4806,182.4549,109794861,26.0083,25.9968,3979817,40.8692,40.8651,8221063,18.71,14220.99,24.6196
2016-11-08,183.3025,183.2639,106772138,26.1314,26.1275,6336926,40.82,40.7996,11176782,18.74,13796.71,24.9341
2016-11-09,185.2452,185.2758,258428972,26.0699,26.0737,5118709,40.4758,40.4636,19423973,14.38,14991.97,21.1011
2016-11-10,185.7081,185.691,172113313,25.9007,25.8815,6312740,40.5086,40.5127,20034831,14.74,13657.09,21.0959
2016-11-11,185.2801,185.3143,100552732,25.6086,25.6432,2745789,40.566,40.5783,7455073,14.17,13748.68,21.9585
2016-11-14,185.4256,185.3743,94579982,25.3702,25.3779,2445697,40.6152,40.6111,10236070,14.48,13531.97,22.1941
2016-11-15,186.8725,186.8339,91652580,25.5509,25.5509,6441103,40.6807,40.6848,15461404,13.37,13614.64,20.6381
2016-11-16,186.5215,186.5685,65617697,25.1934,25.1973,4483964,40.484,40.4799,14430883,13.72,13361.08,21.1147
2016-11-17,187.4803,187.4418,69797191,25.2703,25.2665,5084275,41.0905,41.0946,16206221,13.35,13361.08,19.9481
2016-11-18,187.0608,187.0736,86265751,24.9782,24.982,3054516,40.4758,40.4636,8065715,12.85,13247.74,20.3697
2016-11-21,188.4734,188.4392,72402638,25.2165,25.205,3904482,40.8037,40.8077,5450778,12.42,13003.71,20.5539
2016-11-22,188.8415,188.8073,67428957,25.3049,25.3049,3459019,40.902,40.8979,9422817,12.41,13149.38,20.2468
2016-11-23,188.9443,188.9571,56620237,25.0397,25.0358,2202493,40.902,40.8897,7403005,12.43,13149.38,20.1928
2016-11-24,188.9443,188.9571,56620237,25.0397,25.0358,2202493,40.902,40.8897,7403005,12.43,13089.46,20.0292
2016-11-25,189.6463,189.6677,37872255,25.1934,25.2011,1987759,40.5578,40.5537,8166055,12.34,13293.88,20.4086
2016-11-28,188.7559,188.8073,76572511,24.9167,24.9205,11845746,40.9102,40.9143,9328816,13.15,13107.95,22.533
2016-11-29,189.124,189.0984,69886690,25.2088,25.228,11185387,40.9512,40.9635,12384687,12.9,13052.89,21.7987
2016-11-30,188.6703,188.6361,113291793,25.2011,25.1857,7191760,40.8856,40.8651,9578986,13.33,12903.07,21.4372
2016-12-01,187.9768,187.9426,79040487,25.0935,25.1127,8568497,40.5414,40.5537,7011828,14.07,13022.91,22.6014
2016-12-02,188.071,188.071,74840347,25.1319,25.1242,8559066,40.6643,40.6684,5473039,14.12,13200.59,22.6159
2016-12-05,189.2011,189.1454,67837821,25.6855,25.6355,5599234,40.6152,40.6275,13174213,12.14,12802.45,18.9556
2016-12-06,189.8004,189.7918,59877377,26.0083,26.0007,5927224,40.7955,40.8077,8994053,11.79,12584.1,17.6341
2016-12-07,192.2831,192.2531,110738050,26.4773,26.4735,5631065,41.4019,41.4142,6891275,12.22,12417.08,17.1436
2016-12-08,192.754,192.7411,99714387,26.3159,26.3082,4815538,41.8772,41.8895,9039228,12.64,12221.72,16.1593
2016-12-09,193.9183,193.9097,88005766,26.3312,26.3351,7930555,42.0001,42.0042,4548767,11.75,12441.54,16.6203
2016-12-12,193.6957,193.6572,102016125,26.3812,26.3812,4978842,41.5904,41.5863,4834864,12.64,12573.04,16.9318
2016-12-13,194.9884,194.9328,110477485,26.6464,26.6503,3937539,42.0821,42.0739,8064383,12.72,12220.85,16.8704
2016-12-14,193.3789,193.4132,142501812,26.2236,26.2467,7871469,41.4347,41.4306,14210981,13.19,11999.66,17.1147
2016-12-15,194.1751,194.1537,124972554,26.2544,26.2505,8242485,41.4347,41.4224,10029570,12.79,11646.62,15.8633
2016-12-16,193.7952,193.8254,156420152,26.3543,26.3582,6957473,41.0741,41.0618,8551966,12.2,11850.6,15.098
2016-12-19,194.2172,194.1957,90341147,26.2659,26.2659,3015929,41.4265,41.4224,5270204,11.71,11651.43,15.1177
2016-12-20,194.9664,194.9234,89838810,26.412,26.412,2122487,41.4675,41.4634,5626392,11.45,11257.16,14.8754
2016-12-21,194.4239,194.4626,67909039,26.538,26.538,12692642,41.2465,41.2423,4535508,11.27,11502.23,14.7373
2016-12-22,194.088,194.1397,56219071,26.48,26.4877,3110106,41.1802,41.176,4831963,11.43,11635.39,14.8767
2016-12-23,194.3722,194.355,36697822,26.5844,26.5844,4673986,41.2548,41.2506,5535042,11.44,11635.39,15.0936
2016-12-26,194.3722,194.355,36697822,26.5844,26.5844,4673986,41.2548,41.2506,5535042,11.44,11112.44,15.0936
2016-12-27,194.8545,194.8028,42672487,26.6115,26.6231,2442395,40.9978,40.9936,3921182,11.99,11085.92,16.718
2016-12-28,193.2441,193.257,64095014,26.3987,26.3987,1721292,40.9397,40.9439,3747010,12.95,10936.15,17.0648
2016-12-29,193.201,193.2183,48696080,26.6115,26.5999,2271821,40.5252,40.5128,4893597,13.37,11461.84,17.771
2016-12-30,192.4949,192.4949,108998328,26.774,26.7508,3557767,40.5086,40.4962,3395201,14.04,11774.82,18.123
2017-01-02,192.4949,192.4949,108998328,26.774,26.7508,3557767,40.5086,40.4962,3395201,14.04,11774.82,17.9578
2017-01-03,193.9675,193.933,91366522,26.8359,26.832,3500463,40.8402,40.8444,9607298,12.85,11774.82,17.3519
2017-01-04,195.1214,195.0784,78744433,27.0061,27.0023,2193170,41.661,41.6735,10819623,11.85,11287.72,16.4641
2017-01-05,194.9664,194.9406,78379012,27.2306,27.2344,5637247,41.9015,41.889,7376118,11.67,11196.54,15.9801
2017-01-06,195.664,195.6984,71559922,27.1841,27.1648,7788917,41.8351,41.8393,3625684,11.32,11132.58,15.3421
2017-01-09,195.0181,195.0611,46939676,27.1067,27.1029,4488337,41.8766,41.8807,4773207,11.56,11132.58,15.5143
2017-01-10,195.0181,194.9922,63771939,27.0564,27.0564,1415584,41.7191,41.7232,5181435,11.49,11068.72,15.3547
2017-01-11,195.5692,195.5391,74650016,27.2151,27.2035,4512592,41.9927,41.9968,7432332,11.26,10632.13,15.7011
2017-01-12,195.0784,195.1042,72113181,27.2383,27.2344,2801600,41.9263,41.9388,8867823,11.54,10293.81,16.2935
2017-01-13,195.5262,195.5176,62717865,27.3621,27.3544,1989542,42.1916,42.1958,7652700,11.23,9779.5,14.8618
2017-01-16,195.5262,195.5176,62717865,27.3621,27.3544,1989542,42.1916,42.1958,7652700,11.23,9776.99,15.4655
2017-01-17,194.8372,194.8717,61240814,27.3621,27.3273,2535916,41.7191,41.7398,8532318,11.87,10135.05,15.6671
2017-01-18,195.2678,195.2506,54793302,27.2499,27.2499,3359181,41.7108,41.7232,5031507,12.48,10178.23,14.8506
2017-01-19,194.5444,194.609,66608787,27.2306,27.2267,1218100,41.5947,41.5988,5322257,12.78,10173.33,14.8475
2017-01-20,195.2592,195.2291,129168623,27.4085,27.4124,2075774,41.86,41.8724,5806807,11.54,10131.91,14.5963
2017-01-23,194.7511,194.777,75061645,27.455,27.4511,5218571,41.8849,41.8973,9607070,11.77,10073.76,17.1108
2017-01-24,195.9998,195.9912,95555295,27.5169,27.513,9701589,41.9927,41.9885,5980870,11.07,10242.5,16.3083
2017-01-25,197.6963,197.636,84437712,27.8341,27.838,3803274,42.4321,42.4279,14351239,10.81,9894.69,15.6958
2017-01-26,197.4896,197.4724,59970719,27.5556,27.5594,8324283,42.4901,42.5025,7892066,10.63,9587.38,15.6052
2017-01-27,197.1796,197.2011,59711118,27.5749,27.5749,6299693,42.1419,42.146,6429324,10.58,9289.4,15.847
2017-01-30,195.9567,196.0084,79737252,27.3079,27.3041,3107868,42.0258,42.0217,7351514,11.88,9304.69,17.4653
2017-01-31,195.9395,195.9611,75880805,27.3466,27.335,5414958,41.9263,41.9305,10312788,11.99,9613.44,17.3682
2017-02-01,196.017,196.0386,79117651,27.3931,27.3814,8580530,42.1502,42.1626,9633265,11.81,9496.91,16.6427
2017-02-02,196.1462,196.1376,69657560,27.4627,27.4743,3098701,42.1336,42.146,4008403,11.93,9645.23,16.1939
2017-02-03,197.4982,197.5154,80563168,27.6097,27.6136,2461240,42.3243,42.3367,6329503,10.97,9812.46,15.1332
2017-02-06,197.1451,197.1796,57790108,27.2228,27.2267,7323752,42.258,42.2704,3333008,11.37,9638.06,16.4328
2017-02-07,197.1538,197.1839,57931151,27.13,27.1261,3056886,42.2331,42.2372,3109963,11.29,9497.6,16.9147
2017-02-08,197.4121,197.4121,51566218,27.1377,27.1416,3575147,42.3574,42.345,3059275,11.45,8884.12,16.831
2017-02-09,198.5833,198.5574,65955245,27.3157,27.3118,2192496,42.2994,42.3036,5790853,10.88,8863.35,15.2973
2017-02-10,199.3669,199.3368,66015892,27.2615,27.2731,4748933,42.5979,42.602,4302909,10.85,8684,15.1125
2017-02-13,200.452,200.4219,55182050,27.4008,27.3969,1757102,42.7637,42.7678,2734531,11.07,8384.77,14.8043
2017-02-14,201.2529,201.2572,71108983,27.4627,27.4588,5276351,42.4569,42.4611,8107935,10.74,8266.44,14.6469
2017-02-15,202.3035,202.2604,86785826,27.5478,27.5672,4547007,42.4155,42.4279,5581667,11.97,8139.53,14.6829
2017-02-16,202.1313,202.1528,84722437,27.7335,27.6832,3075985,42.4652,42.4694,7488469,11.76,8134.33,15.3999
2017-02-17,202.4499,202.4154,77204104,27.5401,27.5439,3746501,42.4404,42.4279,4522586,11.49,8140.33,14.8315
2017-02-20,202.4499,202.4154,77204104,27.5401,27.5439,3746501,42.4404,42.4279,4522586,11.49,8068.14,14.8906
2017-02-21,203.6555,203.6124,88946051,27.5401,27.5439,5564018,42.7969,42.8093,4200197,11.57,8141.26,14.5706
2017-02-22,203.4747,203.4919,62115185,27.5672,27.5672,5515311,42.8466,42.8342,10714426,11.74,8199.53,14.8577
2017-02-23,203.6124,203.6211,74615902,27.5323,27.5362,4993761,42.8051,42.8176,4927525,11.71,8364.26,15.4578
2017-02-24,203.8708,203.9052,82381612,27.2925,27.3002,3927085,42.7139,42.7181,5574146,11.47,8688.75,15.8552
2017-02-27,204.1894,204.1937,56515440,27.4124,27.4124,2463737,42.5813,42.573,3577364,12.09,8924.38,16.0402
2017-02-28,203.6383,203.6641,96961938,27.4008,27.3892,3453803,42.4735,42.486,5878512,12.92,9102.79,16.2849
2017-03-01,206.4887,206.45,149158170,27.8187,27.8148,9320511,42.971,42.9751,6661408,12.54,8838.49,15.3905
2017-03-02,205.1884,205.2357,70245978,27.6562,27.66,8568966,42.5647,42.5606,5496725,11.81,8555.58,15.2754
2017-03-03,205.3175,205.352,81974300,28.0431,28.0508,6597790,42.5896,42.5771,4988469,10.96,8546.5,15.2708
2017-03-06,204.7061,204.7277,55391533,27.9425,27.9386,7984302,42.4901,42.486,4109305,11.24,8229.58,15.7683
2017-03-07,204.0947,204.1291,65103737,27.78,27.7838,2740920,42.3906,42.4072,4147553,11.45,7834.88,15.3718
2017-03-08,203.7158,203.7545,78168795,27.7026,27.7065,2418410,42.258,42.2455,3220119,11.86,7838.52,14.9751
2017-03-09,203.9741,203.944,90683918,28.0431,28.0392,2835553,42.258,42.2621,3791591,12.3,7630.39,15.2123
2017-03-10,204.6889,204.6458,81991652,28.3603,28.3642,6559509,42.5647,42.5771,5086324,11.66,7592.65,15.3441
2017-03-13,204.7922,204.7664,57256824,28.3951,28.3951,8702623,42.7803,42.7844,4795801,11.35,7493.37,15.5803
2017-03-14,204.0086,204.0387,59880778,28.1204,28.1243,3620285,42.4818,42.4777,13286318,12.3,7176.83,15.9737
2017-03-15,205.774,205.7309,96081750,28.488,28.488,8538074,42.9129,42.9254,9534506,11.63,7073.57,15.5983
2017-03-16,205.3692,205.4037,78343951,28.8556,28.8517,5611616,42.83,42.8176,10675411,11.21,6633.25,11.5181
2017-03-17,205.0086,205.0476,89002111,28.8246,28.8401,10946749,42.971,42.9668,5346861,11.28,6406.84,11.1647
2017-03-20,204.7838,204.7621,52536979,28.7627,28.7666,7165264,42.9849,42.9917,4450551,11.34,6406.84,13.0797
2017-03-21,202.1544,202.1847,131809275,28.7163,28.7124,11254345,42.6476,42.6352,10785764,12.47,6341.92,13.7745
2017-03-22,202.6301,202.6085,97569204,28.755,28.7666,4981255,42.7057,42.7015,5885051,12.81,6545.09,14.5148
2017-03-23,202.4139,202.3707,100410277,28.871,28.8672,11085636,42.7388,42.743,5926007,13.12,6499.92,15.0982
2017-03-24,202.2669,202.2972,112504853,28.9716,28.9639,4733279,43.0041,43.0166,6053330,12.96,6459.04,15.1975
2017-03-27,202.0593,202.0117,87454452,29.1187,29.1225,7357406,43.029,43.0331,5845997,12.5,6602.78,16.3493
2017-03-28,203.5296,203.4821,93483915,29.2425,29.2541,5148913,43.3938,43.3979,8114563,11.53,6406.32,15.8635
2017-03-29,203.7199,203.7545,61950354,29.1535,29.1535,2230246,43.3358,43.3316,5097343,11.42,6078.84,15.9304
2017-03-30,204.3686,204.3556,56737890,29.0181,29.0142,6394862,43.0953,43.0912,4347069,11.54,6183.72,16.1041
2017-03-31,203.8929,203.8626,73733094,29.0954,29.1303,6347431,42.6974,42.6932,6983556,12.37,6396.53,16.5221
2017-04-03,203.5383,203.5686,85546486,29.0181,29.0297,4052622,42.9129,42.9254,5719287,12.38,6170.63,17.9597
2017-04-04,203.668,203.6983,56466195,29.0722,29.0606,7914279,42.7637,42.7595,12276850,11.79,6238.41,18.005
2017-04-05,203.0626,203.0453,108800604,28.8478,28.8672,6241838,42.4652,42.4694,8765596,12.89,6133.77,18.5205
2017-04-06,203.6334,203.5859,69135757,28.9949,28.991,3115211,42.2497,42.2455,4504219,12.39,6491.93,18.8703
2017-04-07,203.4259,203.3956,74412311,28.9329,28.9291,8542830,42.3409,42.3367,5140563,12.87,6526.73,19.5373
2017-04-10,203.5469,203.5253,67615302,28.7859,28.7821,4389695,42.2414,42.2289,3210619,14.05,6204.91,22.0934
2017-04-11,203.3048,203.2831,88045276,28.844,28.844,2018686,42.4569,42.4528,4957010,15.07,6506.42,22.9518
2017-04-12,202.4139,202.4485,81864436,28.8246,28.8285,8810836,42.316,42.3036,4377514,15.77,6971.16,22.7155
2017-04-13,201.0993,201.1166,92880394,28.6079,28.6118,2374703,41.9595,41.9471,3676739,15.96,6961.2,23.3883
2017-04-14,201.0993,201.1166,92880394,28.6079,28.6118,2374703,41.9595,41.9471,3676739,15.96,6865.45,23.3883
2017-04-17,202.881,202.8766,68405367,28.7859,28.7743,2868778,42.4072,42.4196,5103353,14.66,6772.38,23.3883
2017-04-18,202.2755,202.2453,83225821,28.6312,28.635,3751621,42.2745,42.2704,5455745,14.42,6598.47,25.5942
2017-04-19,201.9036,201.9252,68699868,28.6389,28.635,2740927,42.2497,42.2455,4284519,14.93,6500.31,24.2021
2017-04-20,203.5469,203.508,92572186,28.9252,28.9213,9323425,42.5067,42.5191,11182137,14.15,6563.58,24.8992
2017-04-21,202.8983,202.8896,110389847,28.9329,28.9291,11175596,42.6642,42.6766,6415536,14.63,6320.98,25.0928
2017-04-24,205.1297,205.0865,119209877,30.4225,30.4225,16731199,42.9627,42.9585,5117447,10.84,5970.37,16.2463
2017-04-25,206.3233,206.2973,76698265,30.6431,30.6469,7763087,43.1202,43.1078,3638518,10.76,5723.82,15.4196
2017-04-26,206.1936,206.2281,84702455,30.4419,30.4458,7814044,43.1699,43.1741,7508925,10.85,5685.07,15.584
2017-04-27,206.3665,206.3882,57410326,30.3993,30.3993,12071334,43.2031,43.199,7082180,10.36,5608.61,16.107
2017-04-28,205.9168,205.9341,63532845,30.3645,30.3761,11050809,42.9958,42.9834,6285128,10.82,5648.09,17.0495
2017-05-01,206.4357,206.4055,66882521,30.558,30.5541,4434696,43.1616,43.1575,3742242,10.11,5507.97,17.0495
2017-05-02,206.5136,206.5222,57375732,30.7824,30.7862,6906270,43.2943,43.2984,4027511,10.59,5471.22,17.2673
2017-05-03,206.2627,206.3017,73137731,30.6895,30.7089,5241134,43.4021,43.3896,4769017,10.68,5471.22,17.3982
2017-05-04,206.5049,206.4919,61462732,31.3782,31.3821,19816252,43.5099,43.5223,6380711,10.46,5471.22,16.4843
2017-05-05,207.3179,207.3266,62001269,31.8812,31.8928,16579968,43.7503,43.7544,5867523,10.57,5471.22,17.0143
2017-05-08,207.2833,207.2963,48385730,31.3705,31.3975,11501590,43.7669,43.7793,12056467,9.77,5223.16,14.393
2017-05-09,207.0931,207.106,51363200,31.2467,31.2544,9850707,43.6259,43.6135,7210547,9.96,5207.56,14.0868
2017-05-10,207.465,207.4563,54293799,31.2699,31.2737,7713133,43.427,43.4311,5114185,10.21,5037.07,14.0655
2017-05-11,207.0412,207.0671,62358346,31.1461,31.1731,6968505,43.3109,43.315,6924483,10.6,4990.16,14.3491
2017-05-12,206.6952,206.7341,53912730,31.4401,31.4285,7468149,43.4187,43.4311,4669248,10.4,4990.16,13.8689
2017-05-15,207.8369,207.7936,61918937,31.6606,31.6606,7048588,43.543,43.5555,4032086,10.42,4874.21,14.2041
2017-05-16,207.6466,207.6639,51241791,31.9663,31.9779,5634690,43.5762,43.5803,3930351,10.65,4925.13,13.5401
2017-05-17,203.9621,204.0053,172174107,31.4633,31.4517,15393553,43.5099,43.5057,7070036,15.59,4988.39,16.1438
2017-05-18,204.7838,204.7578,107047656,31.4556,31.444,10479357,43.6259,43.6301,5130370,14.66,5242.87,17.0825
2017-05-19,206.1157,206.1027,115011373,31.8967,31.8928,10861033,43.9824,43.9949,6983610,12.04,5234.54,15.4679
2017-05-22,207.1622,207.1666,61010602,31.9508,31.9702,3292121,43.9576,43.9617,2777886,10.93,5076.47,14.8259
2017-05-23,207.6206,207.5904,48341683,31.9431,31.9624,7279335,44.0156,44.0363,3325880,10.72,5009.37,13.8428
2017-05-24,208.105,208.0704,49181099,32.0359,32.0321,4954283,43.9493,43.9368,2855214,10.02,4942.11,13.8757
2017-05-25,209.0996,209.0564,64071661,32.005,32.0089,6654092,44.0653,44.0612,2368260,9.99,4798,13.9599
2017-05-26,209.0564,209.0823,46629905,31.8889,31.8618,9336066,44.0902,44.0861,2552964,9.81,4754.17,13.8547
2017-05-29,209.0564,209.0823,46629905,31.8889,31.8618,9336066,44.0902,44.0861,2552964,9.81,4674.05,14.1781
2017-05-30,208.8748,208.8964,35201897,31.7728,31.7612,6019366,44.1814,44.1773,3478795,10.38,4626.89,14.4715
2017-05-31,208.8229,208.8099,91796016,31.8657,31.8851,4973790,44.1814,44.1856,2829089,10.41,4528.21,14.5538
2017-06-01,210.4835,210.4705,68962024,32.1133,32.1172,3336381,44.5794,44.5669,6246210,9.89,4472.25,13.6227
2017-06-02,211.1841,211.1538,88666128,32.4615,32.4345,4055263,45.5162,45.5038,6194511,9.75,4438.38,13.3345
2017-06-05,211.0284,211.0068,44698825,32.2217,32.2101,2862773,45.3421,45.3546,3887156,10.07,4410.25,13.9431
2017-06-06,210.3537,210.384,50375430,32.0514,32.0476,7646873,45.3753,45.3794,3551298,10.45,4489.76,14.3862
2017-06-07,210.743,210.7343,54144311,32.1211,32.1095,7672275,45.3587,45.3628,2958678,10.39,4525.18,14.6073
2017-06-08,210.8467,210.8208,65950691,32.0669,32.063,8012205,45.2509,45.2634,9928587,10.16,4579.86,14.0799
2017-06-09,210.5267,210.5354,132256362,32.0476,32.0476,8795731,44.8447,44.853,8924614,10.7,4371.29,13.3926
2017-06-12,210.4835,210.4619,86108102,31.7999,31.7999,5269322,44.9856,44.9898,4420430,11.46,4276.26,14.5102
2017-06-13,211.5127,211.4825,60066953,32.0669,32.063,9192938,45.2343,45.2385,3466346,10.42,4135.58,13.5587
2017-06-14,211.2446,211.2576,78602311,32.0398,32.0398,6205141,45.2095,45.2053,6849846,10.64,4056.3,13.9464
2017-06-15,210.8381,210.8684,66464888,31.5871,31.5833,6655655,44.7701,44.7659,10854694,10.9,4043.99,14.9445
2017-06-16,210.8842,210.8755,84553097,31.9199,31.9392,4095914,44.9524,44.9566,8192761,10.38,3925.42,13.7442
2017-06-19,212.6398,212.6224,65123802,32.1211,32.094,8159594,45.0934,45.0892,8283112,10.37,3802.75,13.0325
2017-06-20,211.2057,211.2318,56906368,31.7501,31.754,7219748,45.1086,45.1128,11766974,10.86,3799.95,14.0291
2017-06-21,211.1536,211.1406,55977569,31.7894,31.7933,7549102,45.0419,45.0377,7067602,10.75,3828.6,14.1788
2017-06-22,211.058,211.045,44148059,31.7029,31.7226,4327984,45.1337,45.1295,9904960,10.48,3840.6,14.0328
2017-06-23,211.31,211.3274,66986801,31.7422,31.754,7326446,45.1003,45.0961,3424601,10.02,3814.48,14.2214
2017-06-26,211.4491,211.4274,56700477,31.8562,31.8562,2512908,44.9751,44.9709,4722819,9.9,3748.11,13.6567
2017-06-27,209.7456,209.7673,82247666,31.9151,31.9269,5681792,44.8666,44.8541,3860156,11.06,3718.54,14.7743
2017-06-28,211.6229,211.5795,70042599,32.2452,32.2413,6611745,45.0669,45.0627,6797559,10.03,3712.18,14.8525
2017-06-29,209.763,209.7934,106949719,31.7422,31.7619,7222724,44.6163,44.6121,7503079,11.44,3684.6,17.6032
2017-06-30,210.1541,210.1367,86820694,31.6912,31.6912,10101340,44.7665,44.7707,5430509,11.18,3889.3,17.2533
2017-07-03,210.5105,210.58,39153806,31.7265,31.7226,1736248,44.5496,44.5412,6118231,11.22,3765.93,14.4888
2017-07-04,210.5105,210.58,39153806,31.7265,31.7226,1736248,44.5496,44.5412,6118231,11.22,3871.37,14.3929
2017-07-05,210.9972,210.9841,54427596,31.758,31.7383,6310471,44.5579,44.5537,4338238,11.07,3827.6,14.7011
2017-07-06,209.0677,209.2459,66115317,31.6794,31.6754,5622245,44.2325,44.2283,22679752,12.54,3916.52,15.4722
2017-07-07,210.4235,210.4105,57972268,31.7737,31.7776,5823239,44.2075,44.2033,4266356,11.19,3877.69,15.1824
2017-07-10,210.6495,210.6365,36663274,31.8758,31.8876,5597375,44.0906,44.0865,6575150,11.11,3665.46,14.783
2017-07-11,210.4931,210.4713,50354614,32.0487,32.0448,6270831,44.391,44.3952,5612785,10.89,3393.94,14.7732
2017-07-12,212.0749,212.0314,59610405,32.2531,32.2413,8106014,44.6998,44.6956,4816314,10.3,3402.92,13.7485
2017-07-13,212.4312,212.4138,39471637,32.3788,32.3749,4701631,44.6414,44.6455,3427549,9.9,3316.01,13.1228
2017-07-14,213.422,213.3829,60262692,32.591,32.5871,4157641,44.7498,44.7623,5660041,9.51,3187.2,12.6504
2017-07-17,213.3959,213.3786,33531917,32.5046,32.5085,5020195,44.6914,44.7039,5914149,9.82,3187.2,12.6334
2017-07-18,213.5089,213.522,42742498,32.4574,32.4613,8907172,44.9251,44.9292,5013258,9.89,3189.39,13.6841
2017-07-19,214.6649,214.6562,51034260,32.5517,32.5478,2382712,45.1086,45.1211,3381290,9.79,2996.83,13.2685
2017-07-20,214.7605,214.73,47135183,32.7403,32.7207,6950043,45.2755,45.2797,5541698,9.58,2934.51,13.0879
2017-07-21,214.5693,214.5693,88711019,32.4888,32.4849,3265225,45.359,45.3756,4349053,9.36,2912.71,15.3262
2017-07-24,214.5171,214.5041,46622256,32.3985,32.3985,4846750,45.2672,45.263,2889101,9.43,2963.26,15.0827
2017-07-25,215.0386,215.0038,54915591,32.4888,32.4849,5416349,45.1086,45.1128,4581425,9.43,2886.62,13.6357
2017-07-26,215.0473,215.0603,47575422,32.7639,32.7521,12686326,45.2588,45.2547,5565957,9.6,2896.95,12.9971
2017-07-27,214.8474,214.8691,70766568,32.6814,32.6814,5293232,45.409,45.3965,6378501,10.11,2843.16,12.7697
2017-07-28,214.5953,214.5823,50088359,32.7167,32.7207,5237299,45.5425,45.5509,2834088,10.29,2956.89,13.7331
2017-07-31,214.4737,214.4737,65838659,32.7167,32.7443,9811866,45.6927,45.6802,2854161,10.26,2977.07,13.9033
2017-08-01,214.9517,214.9517,55050401,32.9447,32.925,6178561,45.9597,45.9639,4806835,10.09,2924.93,13.4724
2017-08-02,215.056,215.0386,47211216,32.9761,32.9879,3097106,45.9347,45.9556,2426620,10.28,2797.98,13.7531
2017-08-03,214.6388,214.6518,40855997,33.0547,33.0665,3326631,46.0515,46.039,8120566,10.44,2813.78,13.7302
2017-08-04,215.0299,215.0255,60191838,33.204,33.1922,3133355,46.0098,46.014,3911443,10.03,2827.98,13.0654
2017-08-07,215.4297,215.408,31995021,33.2119,33.2158,3942594,45.9931,46.0056,2465248,9.93,2766.71,13.1992
2017-08-08,214.8995,214.9299,61719353,33.0311,33.0115,8475149,45.943,45.9222,4645426,10.96,2796.62,12.7883
2017-08-09,214.8908,214.8648,62632619,32.8936,32.8936,7131224,45.6593,45.6719,8718900,11.11,2873.24,15.0152
2017-08-10,211.8576,211.8793,120479470,32.4024,32.3985,4907421,45.1837,45.1712,5540669,16.04,2926.47,18.9131
2017-08-11,212.1705,212.1574,74869947,32.3788,32.3827,7108935,45.117,45.1128,5947697,15.51,2926.47,19.3101
2017-08-14,214.2738,214.252,73291919,32.7325,32.7207,2457709,45.4507,45.4549,6447296,12.33,3069.19,15.6664
2017-08-15,214.2477,214.252,55242746,32.7325,32.7364,4450200,45.3923,45.3965,3462881,12.04,2863.71,14.8801
2017-08-16,214.6214,214.6084,56715544,32.9211,32.9093,7583657,45.5425,45.5384,3427400,11.74,2878.02,14.2468
2017-08-17,211.2753,211.3057,128490396,32.4928,32.4928,3615602,45.2338,45.2296,6611680,15.55,2833.55,15.3859
2017-08-18,210.945,210.9363,136747986,32.6067,32.5949,4569276,45.4341,45.4382,6360980,14.26,3036.28,17.5746
2017-08-21,211.1101,211.1362,65469736,32.5753,32.5792,2329849,45.3339,45.3381,2210977,13.19,3033.53,18.5553
2017-08-22,213.3177,213.2656,63140101,32.7953,32.7757,1831508,45.4257,45.4299,4636987,11.35,2936.91,16.412
2017-08-23,212.5529,212.5485,50203837,32.7993,32.7993,4095810,45.4424,45.4382,3291311,12.25,2860.22,16.2275
2017-08-24,212.0575,212.0879,50741671,32.7089,32.7128,8958998,45.2088,45.1962,4043572,12.23,2888.75,15.6665
2017-08-25,212.5529,212.5268,64445912,32.9997,32.9879,7014349,45.359,45.3631,3304809,11.28,2881.75,15.3262
2017-08-28,212.5616,212.579,40565606,32.9997,32.9879,4469742,45.409,45.4132,4363150,11.32,2774.85,15.8508
2017-08-29,212.8049,212.7876,51135715,32.7718,32.7835,18431353,45.3172,45.3214,5030679,11.7,2842.8,17.3169
2017-08-30,213.8131,213.8305,62030805,32.6853,32.6814,2196725,45.2922,45.2797,6054983,11.22,2786.61,16.468
2017-08-31,215.0994,215.0342,103803880,32.8739,32.8621,3133826,45.651,45.6552,3843511,10.59,2766.93,15.6317
2017-09-01,215.4036,215.421,62006989,32.9525,32.9407,5522722,45.4674,45.4716,8467831,10.13,2772.64,14.7167
2017-09-04,215.4036,215.421,62006989,32.9525,32.9407,5522722,45.4674,45.4716,8467831,10.13,2861.36,16.2117
2017-09-05,213.8566,213.9044,91398777,32.7167,32.7128,3180034,45.2672,45.263,7424657,12.23,3064.52,16.4848
2017-09-06,214.5866,214.5953,57916867,33.0783,33.0665,8572467,45.4591,45.4549,5569584,11.63,3100.23,16.3786
2017-09-07,214.5606,214.5866,58034730,33.3455,33.3494,5270067,45.7261,45.7303,4712721,11.55,3084.99,15.1482
2017-09-08,214.3085,214.2781,63832825,33.3376,33.3258,3561789,45.8679,45.8638,4794508,12.12,3228.3,15.199
2017-09-11,216.5943,216.5596,71364848,33.6755,33.6716,2318136,46.0766,46.0724,3424447,10.73,2829.77,13.96
2017-09-12,217.3244,217.3505,56896027,33.817,33.8209,10309332,46.1099,46.1141,4144912,10.58,2651.76,13.4464
2017-09-13,217.4287,217.433,59228002,33.6127,33.6166,3640604,46.0181,46.014,4113850,10.5,2526.68,13.0423
2017-09-14,217.3591,217.3591,95446349,33.6755,33.7188,11754127,46.0265,46.039,7461863,10.44,2542.21,12.2739
2017-09-15,217.6513,217.6862,95432382,33.7777,33.7738,8856456,46.0932,46.0974,7424116,10.17,2546.14,12.1972
2017-09-18,218.1142,218.0967,46235238,33.8563,33.8602,4839362,46.1016,46.1058,2442832,10.15,2546.14,11.943
2017-09-19,218.3325,218.3238,47108148,34.0213,34.0174,3031765,46.3686,46.3728,4774918,10.18,2508.27,11.7216
2017-09-20,218.4111,218.4374,59574083,33.8563,33.8759,10008795,46.3853,46.3895,4056995,9.78,2539.25,11.7949
2017-09-21,217.8259,217.8347,48211398,33.8799,33.8759,4865367,46.2017,46.1975,7970108,9.67,2505.7,11.1906
2017-09-22,217.8696,217.8609,51214032,33.9467,33.9467,2955035,46.2518,46.2393,2191570,9.59,2510.6,11.708
2017-09-25,217.4242,217.4591,57064357,33.5773,33.5773,4193015,46.3519,46.3394,10844797,10.21,2504.09,12.3663
2017-09-26,217.5552,217.5377,54081959,33.4555,33.4673,3306399,46.3519,46.3644,10876749,10.17,2564.67,12.5406
2017-09-27,218.4024,218.3806,81001426,33.5812,33.5852,10703340,46.4437,46.4479,5984419,9.87,2476.1,12.1282
2017-09-28,218.6644,218.647,44778841,33.7148,33.7109,3633406,46.4771,46.4812,3715714,9.55,2499.57,12.1259
2017-09-29,219.4331,219.4112,85578002,34.0449,34.0488,2812870,46.4854,46.4812,6216017,9.51,2547.3,12.1208
2017-10-02,220.3851,220.3545,59022985,33.9427,33.931,2617699,46.4854,46.4979,5263755,9.45,2534.76,12.1739
2017-10-03,220.8568,220.8437,66810169,34.0449,34.041,1880656,46.7608,46.7649,10203514,9.51,2495.42,11.8365
2017-10-04,221.1188,221.1232,55953619,33.872,33.8602,9504817,46.7691,46.7649,8985586,9.63,2507.45,12.7752
2017-10-05,222.4289,222.4115,63522757,33.9349,33.9231,8226303,46.7441,46.7399,4157712,9.19,2483.75,12.087
2017-10-06,222.1757,222.215,80645998,33.9349,33.9427,6029046,46.7191,46.7316,6568699,9.65,2465.7,12.5055
2017-10-09,221.8088,221.8437,35803138,33.9192,33.9074,2994389,46.7775,46.79,2023123,10.33,2465.7,12.6102
2017-10-10,222.394,222.3503,43057363,34.2257,34.2375,5589105,47.1112,47.1029,6366851,10.08,2399.75,13.3944
2017-10-11,222.7434,222.7128,47674325,34.375,34.3789,4437695,47.3532,47.3365,8617276,9.85,2370.57,12.6695
2017-10-12,222.4115,222.4158,47065144,34.2728,34.2846,3471958,47.2948,47.299,5687866,9.91,2380.3,12.3247
2017-10-13,222.6822,222.6517,54800435,34.265,34.2689,5415116,47.8789,47.8706,8673786,9.61,2368.12,11.8458
2017-10-16,222.9792,222.9923,38221675,34.2021,34.1982,7962675,48.0958,48.1,6732350,9.91,2427.35,11.9037
2017-10-17,223.1364,223.1059,31560964,34.1549,34.1431,10257700,48.0458,48.0458,5648869,10.31,2379.98,11.6299
2017-10-18,223.3548,223.3155,40888330,34.32,34.3239,3778226,47.9957,47.979,4427350,10.07,2288.75,11.0514
2017-10-19,223.4159,223.4465,61903788,34.2885,34.2846,2599029,47.8872,47.8872,5191644,10.05,2293.88,12.4435
2017-10-20,224.5689,224.5558,89176377,34.0999,34.1038,8624603,47.9957,47.979,12762147,9.97,2286,12.2167
2017-10-23,223.6954,223.774,63915306,33.9978,33.986,2049857,48.1125,48.1084,11558354,11.07,2212.26,12.5904
2017-10-24,224.0885,224.0404,66935910,34.1864,34.1589,20922260,48.5131,48.5172,7840600,11.16,2219.59,12.9424
2017-10-25,222.9792,223.0273,103715291,34.1549,34.1431,4889880,48.1209,48.1167,11745910,11.23,2303.42,14.5349
2017-10-26,223.2674,223.1408,69797972,34.1314,34.1274,5497971,48.3795,48.3754,8200122,11.3,2276.54,12.9159
2017-10-27,225.0929,225.0012,85562544,34.0606,34.0567,4246313,48.7467,48.7342,5851114,9.8,2254.5,12.4951
2017-10-30,224.2544,224.3025,54285687,34.265,34.2689,4940670,48.73,48.7342,8848543,10.5,2239.64,12.8308
2017-10-31,224.6038,224.5994,60304781,34.4457,34.4339,5278714,48.9386,48.9261,7963973,10.18,2263.73,11.9864
2017-11-01,224.9008,224.9226,54202736,34.5322,34.5125,4562656,49.214,49.2181,11338920,10.2,2282.22,11.7924
2017-11-02,224.9881,225.0012,56449535,34.6658,34.654,10624235,49.2724,49.2724,13036094,9.93,2333.82,12.0219
2017-11-03,225.7393,225.6825,59589730,34.4536,34.4496,8010203,49.3892,49.385,11671188,9.14,2333.82,11.5635
2017-11-06,226.0886,226.0581,49652598,34.4221,34.4261,5003869,49.3808,49.3767,5922487,9.4,2222.46,11.6934
2017-11-07,225.9314,225.9533,57502161,34.1314,34.1589,7320154,49.773,49.7897,12258332,9.89,2198.43,12.1337
2017-11-08,226.3157,226.2502,50469579,34.1942,34.1903,6850712,50.0818,50.1068,7532023,9.78,2246.52,12.4069
2017-11-09,225.4947,225.6039,95085497,33.9349,33.9231,4190769,49.6645,49.6687,16277445,10.5,2587.04,13.9158
2017-11-10,225.4248,225.3943,59984662,33.8484,33.8524,5441553,49.2974,49.2974,8570880,11.29,2428.45,14.453
2017-11-13,225.6345,225.6214,50228648,33.7227,33.7345,4774478,49.0805,49.0805,8794713,11.5,2398.24,14.3816
2017-11-14,225.1104,225.1497,61315152,33.872,33.8759,9295890,48.8218,48.8218,7913873,11.59,2370.91,15.2348
2017-11-15,223.9837,223.9968,80811525,33.7148,33.7266,2490779,48.463,48.488,11177290,13.13,2442.51,15.5778
2017-11-16,225.8878,225.7349,67777027,33.9663,33.9702,4740427,49.214,49.2181,9908736,11.76,2445.86,15.0291
2017-11-17,225.2239,225.272,75756833,33.7934,33.8052,3242715,48.972,48.9928,8133712,11.43,2496.55,14.7428
2017-11-20,225.6083,225.5689,48075514,33.7698,33.7659,4450360,49.214,49.1973,4510009,10.65,2452.5,13.7039
2017-11-21,227.0844,226.9533,69176799,33.9663,33.9702,5223159,49.6645,49.6645,7870804,9.73,2365.58,12.9355
2017-11-22,226.8835,226.8966,45033392,33.9585,33.9624,9833602,49.6979,49.6854,7525686,9.88,2359.02,12.8717
2017-11-23,226.8835,226.8966,45033392,33.9585,33.9624,9833602,49.6979,49.6854,7525686,9.88,2359.02,12.7296
2017-11-24,227.4075,227.294,27856514,34.4457,34.4496,7311704,50.1068,50.1068,3142731,9.67,2311.74,12.8582
2017-11-27,227.294,227.4075,52274922,34.2492,34.2532,3770584,49.8898,49.8857,6773711,9.87,2276.02,13.5459
2017-11-28,229.5999,229.5169,98971719,34.375,34.3789,5520692,50.04,50.04,8704500,10.03,2306.63,12.8773
2017-11-29,229.4601,229.4645,77512102,34.2925,34.2925,3825520,49.9399,49.9274,6886490,10.7,2292.99,13.5436
2017-11-30,231.469,231.3162,127894389,34.3593,34.3711,8885898,49.99,49.9983,7539021,11.28,2260.45,13.4708
2017-12-01,230.9886,230.9799,164390902,34.1235,34.1353,6534730,49.7647,49.7647,14955620,11.43,2268.74,16.0124
2017-12-04,230.7091,230.7091,94040560,34.1785,34.1903,4221887,49.239,49.239,8669862,11.68,2325.21,13.7242
2017-12-05,229.8793,229.8837,77994544,34.0999,34.0803,23211518,49.3642,49.3808,10644479,11.33,2304.87,13.1587
2017-12-06,229.923,229.9274,75898566,34.037,34.0331,10140336,49.1806,49.1597,10636967,11.02,2348.36,13.9107
2017-12-07,230.648,230.6174,77218569,34.1707,34.1746,16460383,49.4977,49.5102,7341972,10.16,2273.5,13.4513
2017-12-08,231.9057,231.8751,76563873,34.3514,34.3396,12611051,49.7313,49.723,4325077,9.58,2198.89,12.8484
2017-12-11,232.6045,232.5957,83077533,34.3278,34.3396,6394664,49.8982,49.9107,4238258,9.34,2159.38,12.9236
2017-12-12,233.015,233.0368,85195750,34.2807,34.2689,5364928,49.99,50.0192,5723612,9.92,2095.18,12.4734
2017-12-13,232.9888,232.9844,102905409,34.2257,34.261,4564770,50.1902,50.1986,10777190,10.18,2059.06,12.7344
2017-12-14,232.0367,232.1153,100666692,33.9349,33.9231,9922853,49.9566,49.9483,8703305,10.49,2015.03,12.2635
2017-12-15,233.9694,234.0352,144610290,33.9742,33.9467,21782956,49.9816,49.9608,12166364,9.42,2021.01,11.792
2017-12-18,235.453,235.4925,83653572,34.4379,34.4339,8429140,50.5824,50.5949,8738319,9.53,1938.21,10.6783
2017-12-19,234.5488,234.6058,82382876,34.4548,34.4588,6459438,50.0696,50.0696,6332595,10.03,1948.55,11.197
2017-12-20,234.4259,234.5356,76751500,34.2733,34.2851,5539266,50.1368,50.1494,10671814,9.72,1958.63,12.5108
2017-12-21,234.9087,234.9394,67032339,34.3443,34.3404,3767839,50.1703,50.1829,5764557,9.62,1948.61,11.7371
2017-12-22,234.8473,234.8429,78720873,34.3246,34.3246,4659175,50.4055,50.4265,5740352,9.9,1926.18,12.0057
2017-12-25,234.8473,234.8429,78720873,34.3246,34.3246,4659175,50.4055,50.4265,5740352,9.9,1963.5,12.0057
2017-12-26,234.5663,234.4741,45244433,34.3206,34.3167,2529607,50.4307,50.4013,2770302,10.25,1971.64,12.0057
2017-12-27,234.6805,234.72,57750986,34.3285,34.3246,7020660,50.3635,50.3719,4542458,10.47,1983.56,12.7143
2017-12-28,235.1633,235.1501,45116139,34.3167,34.3167,5520914,50.2459,50.2417,3395446,10.18,1990.52,13.6229
2017-12-29,234.2766,234.3864,96007424,34.2417,34.2299,3146625,50.3383,50.3467,3730812,11.04,1994.7,13.5114
2018-01-01,234.2766,234.3864,96007424,34.2417,34.2299,3146625,50.3383,50.3467,3730812,11.04,1994.7,13.5114
2018-01-02,235.9534,235.8261,86655749,34.4154,34.4509,4582984,50.6407,50.6407,8155709,9.77,1994.7,13.3676
2018-01-03,237.4458,237.4415,90070416,34.5969,34.6087,6268289,51.3379,51.3379,11572894,9.15,1994.7,12.1367
2018-01-04,238.4467,238.3632,80636408,35.1731,35.2007,6498003,51.9678,51.9636,10920627,9.22,1911.09,11.4105
2018-01-05,240.0357,239.9786,83523995,35.5204,35.5244,3663322,52.1106,52.0938,8861547,9.22,1873.62,11.1245
2018-01-08,240.4746,240.4658,57319192,35.3705,35.3823,8315569,52.413,52.413,8946829,9.52,1873.62,11.4954
2018-01-09,241.0189,240.9662,57253957,35.4731,35.477,3736463,52.4466,52.4424,12793107,10.08,1857.6,11.262
2018-01-10,240.6502,240.6151,69574318,35.3192,35.3192,5348781,52.7826,52.77,10612540,9.82,1846.64,11.759
2018-01-11,242.406,242.3577,62361455,35.5678,35.5638,4634334,53.1354,53.106,9085557,9.88,1841.45,11.3595
2018-01-12,243.9862,243.9379,90816076,36.0769,36.0769,11855880,53.3034,53.3076,27322431,10.16,1774.54,10.9024
2018-01-15,243.9862,243.9379,90816076,36.0769,36.0769,11855880,53.3034,53.3076,27322431,10.16,1713.64,11.0727
2018-01-16,243.1522,243.319,106555142,36.1598,36.1637,8777219,53.3034,53.2908,11655181,11.66,1720.1,11.3466
2018-01-17,245.4699,245.483,113258799,36.3019,36.29,9225098,53.7317,53.7401,10368988,11.91,1745.53,11.9473
2018-01-18,245.0572,245.1406,100728006,36.3611,36.3611,7802513,53.2782,53.2782,9960824,12.22,1764.17,11.9883
2018-01-19,246.1722,246.1195,140920098,36.6137,36.6137,6914843,53.6142,53.6016,8880713,11.27,1755.42,11.8533
2018-01-22,248.1738,248.1431,91322408,36.8781,36.8742,3942253,53.8409,53.8367,6676704,11.03,1755.42,11.9678
2018-01-23,248.7005,248.6654,97084700,36.957,36.9649,6250886,54.1685,54.1601,11609654,11.1,1750.7,11.9508
2018-01-24,248.604,248.6171,134816117,36.9649,36.961,5058968,54.1853,54.1727,10669688,11.47,1774.22,12.3924
2018-01-25,248.7093,248.6874,84587313,36.8781,36.8742,5994343,53.9249,53.8955,10896353,11.58,1804.9,12.691
2018-01-26,251.5888,251.4528,107743119,37.1859,37.1978,6663342,54.3197,54.3113,8646512,11.08,1776.96,12.4779
2018-01-29,249.9208,250.0262,90118337,36.8307,36.8584,5436390,53.8577,53.8493,9351746,13.84,1753.53,13.2927
2018-01-30,247.3573,247.4012,131796419,36.5703,36.5584,6138713,53.169,53.169,11122622,14.79,1827.38,14.811
2018-01-31,247.4802,247.5768,118948131,36.6413,36.6531,12010577,52.8666,52.8582,11307958,13.54,1872.07,15.1644
2018-02-01,247.1993,247.2081,90102470,36.736,36.7558,8746215,53.127,53.148,9062082,13.47,1823.18,16.1394
2018-02-02,241.8178,242.1294,173174790,35.8125,35.8401,7424523,52.3458,52.3626,9307801,17.31,1857.92,17.5594
2018-02-05,231.7044,231.779,294681816,34.3364,34.3325,18653895,49.868,49.8344,26956300,37.32,1963.47,18.855
2018-02-06,236.2695,236.0895,355026782,35.2994,35.2876,18564531,51.0775,51.0817,38659099,29.98,2326.22,30.1771
2018-02-07,234.9877,235.0887,167376100,34.6522,34.6719,11182711,50.6239,50.6113,15371524,27.73,2121.72,21.3656
2018-02-08,226.1736,226.5994,246449505,33.6734,33.6694,14171174,49.1204,49.133,20489414,33.46,2175.5,32.0402
2018-02-09,229.5711,229.8125,283565315,33.8155,33.8273,21209778,49.616,49.6328,30034581,29.06,2490.85,34.737
2018-02-12,232.9422,232.5559,143735976,34.3443,34.3325,7804232,50.5819,50.5441,11621101,25.61,2490.85,28.1626
2018-02-13,233.5216,233.5962,81223640,34.2496,34.2299,5810209,49.9604,49.9604,11725214,24.97,2405.06,25.9501
2018-02-14,236.6733,236.647,120735685,34.9126,34.9008,8894044,50.7163,50.7205,18528764,19.26,2381.67,20.7053
2018-02-15,239.6933,239.5177,111200286,35.1021,35.0823,5166243,50.9599,50.9347,10381829,19.13,2235.85,20.5158
2018-02-16,239.7635,239.961,160420135,35.1731,35.1692,8000871,51.7411,51.7369,11860842,19.46,2140.36,17.7606
2018-02-19,239.7635,239.961,160420135,35.1731,35.1692,8000871,51.7411,51.7369,11860842,19.46,2013.05,19.1283
2018-02-20,238.2623,238.2623,86369662,34.8021,34.814,20218896,51.3211,51.3169,7871862,20.6,2051.57,18.6401
2018-02-21,237.0771,236.9674,98883740,34.66,34.6522,14559994,50.8087,50.8045,6619598,20.02,2052.28,18.6489
2018-02-22,237.3844,237.3142,110511290,34.8337,34.8298,5510654,51.0439,51.0145,9825111,18.72,2126.84,18.6903
2018-02-23,241.1681,241.0672,92766428,35.0587,35.0587,5954503,51.7915,51.7621,7835366,16.49,2068.69,18.1752
2018-02-26,243.9686,243.9555,86491406,35.2836,35.2955,4366799,52.4634,52.4634,10646737,15.8,1977.31,16.7709
2018-02-27,240.9223,241.076,99099165,34.6679,34.664,7191990,51.7495,51.7579,9196726,18.59,1922.24,17.5944
2018-02-28,238.4818,238.3896,121907767,34.4469,34.4193,11543545,51.2959,51.3001,11535933,19.85,1960.38,18.0002
2018-03-01,235.0141,235.1721,176855077,34.0523,34.0641,10756446,49.8092,49.8134,29940739,22.47,2128.44,20.5673
2018-03-02,236.2256,236.208,139083217,34.1075,34.0996,13696998,50.3719,50.3635,16979600,19.59,2274.21,23.386
2018-03-05,238.9558,238.9471,97307387,34.3127,34.3404,8801458,50.5987,50.5903,12230107,18.73,2289.27,18.8922
2018-03-06,239.5616,239.5309,79213163,34.5495,34.5416,31357805,50.9095,50.9137,19478618,18.36,2237.48,18.6852
2018-03-07,239.4738,239.4738,87063502,34.7311,34.735,5080721,50.4811,50.4979,7942102,17.76,2316.79,18.1546
2018-03-08,240.6326,240.5799,66901150,34.7469,34.7548,5983863,50.7919,50.8003,5578445,16.54,2297.89,16.6065
2018-03-09,244.8202,244.5437,113625335,34.8811,34.885,3759687,50.9179,50.9053,7626686,14.64,2278.04,15.4054
2018-03-12,244.5129,244.57,71924793,34.9679,34.9758,9583643,50.9683,50.9683,7666202,15.78,2213.46,15.4002
2018-03-13,242.9327,243.0995,91968937,34.6364,34.6403,8489936,50.8843,50.8801,13739451,16.35,2188.95,16.6195
2018-03-14,241.6861,241.6729,105895079,34.739,34.7429,4769245,51.1027,51.0901,6697696,17.23,2135.56,16.9106
2018-03-15,241.4227,241.5193,83433038,34.7311,34.735,5066468,51.2035,51.2119,6143165,16.59,2052.63,15.2246
2018-03-16,241.6843,241.7283,100343673,34.7627,34.7666,6258876,50.9767,50.9809,5867313,15.8,2041.97,13.389
2018-03-19,238.4142,238.6213,109208442,34.5969,34.5851,5133130,50.1116,50.1158,9367295,19.02,2119.05,16.4988
2018-03-20,238.8196,238.802,59757271,34.5456,34.5456,9358579,50.3971,50.3929,12449470,18.2,2157.58,15.3836
2018-03-21,238.3613,238.423,78709578,34.5416,34.5535,17534877,50.4643,50.4517,6881776,17.86,2157.58,14.8531
2018-03-22,232.4029,232.8789,148785916,33.7997,33.7878,16932425,50.0024,50.0234,12593990,23.34,2077.9,18.551
2018-03-23,227.4494,227.5684,183534751,33.4681,33.4879,19794869,48.9524,48.9524,17184460,24.87,2348.61,21.0758
2018-03-26,233.6722,233.6678,141956102,34.147,34.1509,13131285,49.6496,49.658,10750691,21.03,2355.15,22.0543
2018-03-27,229.697,229.838,129941445,33.7444,33.7405,12213909,49.7672,49.763,19871960,22.5,2234.58,18.9761
2018-03-28,229.0183,229.08,146452306,33.8944,33.9062,11631568,50.3299,50.3173,14198825,22.87,2319.75,19.6857
2018-03-29,231.9446,232.1606,124244790,34.218,34.2456,5182506,50.9683,50.9809,13120589,19.97,2340.49,17.4364
2018-03-30,231.9446,232.1606,124244790,34.218,34.2456,5182506,50.9683,50.9809,13120589,19.97,2270.73,17.4364
2018-04-02,226.9382,226.9822,186286343,33.7444,33.7563,9267357,49.9436,49.9604,10854234,23.62,2263.5,17.4364
2018-04-03,229.8468,229.6706,119956861,34.0286,34.0325,4884308,50.5735,50.5525,9157516,21.1,2332.09,18.8146
2018-04-04,232.306,232.5175,123715339,34.1233,34.1272,10299319,50.6239,50.5903,9602187,20.06,2280.28,19.5763
2018-04-05,234.1393,234.1217,82652618,34.4469,34.4588,9842558,50.8759,50.8717,8220516,18.94,2232.55,16.9025
2018-04-06,228.9213,228.9875,179521209,34.3364,34.3167,10069077,50.078,50.0906,10464485,21.49,2271.85,17.4368
2018-04-09,230.0496,229.9262,105442932,34.6127,34.6166,4351185,50.5231,50.5273,6450777,21.77,2225.94,17.353
2018-04-10,233.7074,233.681,105573736,35.0192,35.0192,14044098,50.8003,50.7877,9244835,20.47,2190.05,16.3164
2018-04-11,232.4823,232.469,91140243,34.8179,34.8061,6508509,50.6743,50.6869,4582957,20.24,2184.97,16.9837
2018-04-12,234.3949,234.3729,68890480,35.0074,35.0192,3498289,50.5903,50.6029,6153115,18.49,2151.48,15.8108
2018-04-13,233.7074,233.6898,85079176,35.0942,35.0902,3161759,50.5903,50.5945,4099883,17.41,2038.23,15.2974
2018-04-16,235.6289,235.6289,63405287,35.1889,35.2007,3712282,50.7331,50.7373,6153160,16.56,1961.56,14.5036
2018-04-17,238.1498,238.1101,64682036,35.4968,35.5007,3778338,50.9263,50.9389,4759636,15.25,1875.16,13.288
2018-04-18,238.3261,238.304,57303857,35.6467,35.6388,7466298,51.2707,51.2749,6430595,15.6,1827.85,13.0383
2018-04-19,237.0039,236.9819,77655909,35.5125,35.5007,5640262,51.0775,51.0733,4764322,15.96,1796.77,13.7415
2018-04-20,234.9943,235.0252,99953133,35.3547,35.327,5477889,50.9767,50.9809,3804283,16.88,1802.06,13.756
2018-04-23,234.959,234.9635,65557954,35.2678,35.2797,3313227,50.9095,50.9053,8116044,16.34,1771.84,13.328
2018-04-24,231.7948,231.8432,112885452,35.0942,35.0823,3672099,50.7247,50.7163,7217766,18.02,1740.69,13.4086
2018-04-25,232.3677,232.3148,103840948,34.9679,34.96,5550909,50.8843,50.8801,5661930,17.84,1744.09,14.6576
2018-04-26,234.7299,234.7211,67731942,35.0784,35.0745,6675037,51.1951,51.1909,7393833,16.24,1755.62,13.6785
2018-04-27,234.9502,234.9679,57053647,35.1889,35.185,5133421,51.0523,51.0565,4887866,15.41,1740.33,13.1315
2018-04-30,233.1433,233.0904,82182324,34.9916,35.0192,9218013,50.9347,50.9389,5715146,15.93,1740.33,13.7154
2018-05-01,233.5576,233.5532,74203365,34.889,34.8692,4633342,50.8927,50.8969,7586974,15.49,1666.56,13.7154
2018-05-02,231.9887,231.9843,86368943,34.9758,34.9639,7984607,50.5903,50.5987,6736734,15.97,1610.03,13.5282
2018-05-03,231.4775,231.4686,136311479,35.0626,35.0587,6741561,50.6407,50.6449,11913802,15.9,1610.03,14.4576
2018-05-04,234.4743,234.4434,91222075,35.1573,35.1455,5277266,51.0103,50.9977,4642006,14.77,1610.03,13.4198
2018-05-07,235.2675,235.2411,55304907,35.1415,35.1376,9045852,51.0691,51.0817,5366571,14.75,1591.83,13.3159
2018-05-08,235.2675,235.2455,67499247,35.0587,35.0587,4702828,51.2287,51.2245,6810666,14.71,1572.14,13.7161
2018-05-09,237.5416,237.5107,59666143,35.0942,35.0981,2691154,50.7919,50.8045,7328589,13.42,1543.47,13.3529
2018-05-10,239.7628,239.7319,72063931,35.3705,35.3586,4535115,51.0859,51.0901,6175591,13.23,1502.31,12.8229
2018-05-11,240.4943,240.3092,59871511,35.3941,35.3902,6247370,51.4723,51.4765,8750243,12.65,1502.12,12.4351
2018-05-14,240.6089,240.5428,54790606,35.402,35.3902,2839231,51.7579,51.7453,3633100,12.93,1428.9,12.6448
2018-05-15,238.9519,238.899,87036136,35.1415,35.1297,3114437,51.2287,51.2329,5468054,14.63,1410.34,12.6765
2018-05-16,239.9567,239.9214,53942631,35.035,35.035,3542629,51.3799,51.3841,3766662,13.42,1433.64,13.5725
2018-05-17,239.7539,239.7716,56536400,35.1258,35.1218,4544545,51.3715,51.3841,4411881,13.43,1395.24,13.0848
2018-05-18,239.1546,239.1678,64367959,34.9679,34.9718,4674711,51.2455,51.2413,4193686,13.42,1393.95,13.9673
2018-05-21,240.9527,240.9395,58025875,35.2047,35.2007,3374634,51.3043,51.3169,2702638,13.08,1380,13.7761
2018-05-22,240.2828,240.2519,52966358,35.2284,35.2244,2446555,51.1867,51.1909,3405088,13.22,1361.75,12.9845
2018-05-23,240.9439,240.9571,64694184,34.6995,34.6956,5556701,50.9851,50.9935,7457898,12.58,1433.42,15.0616
2018-05-24,240.4503,240.4943,76043827,34.5969,34.6008,6331037,50.6743,50.6785,13661663,12.53,1476.57,15.6902
2018-05-25,239.8773,239.9082,56374755,34.2812,34.2772,11034426,50.5063,50.5021,7696223,13.22,1462.02,16.0228
2018-05-28,239.8773,239.9082,56374755,34.2812,34.2772,11034426,50.5063,50.5021,7696223,13.22,1415.27,17.7786
2018-05-29,237.1185,237.2023,115908607,33.109,33.109,13937764,50.1703,50.1661,12982061,17.02,1418.3,20.1545
2018-05-30,240.2828,240.2608,69678449,33.8155,33.8273,13165274,50.5231,50.5189,8499597,14.94,1567.59,18.3411
2018-05-31,238.8108,238.6742,93519941,33.7365,33.7484,10360311,50.1787,50.1745,6761241,15.43,1507.61,17.6547
2018-06-01,241.1554,241.1818,71258411,33.9575,33.9694,6489199,50.5231,50.5357,5629229,13.46,1498.05,15.6231
2018-06-04,242.3012,242.3056,45385166,34.1312,34.143,3149896,50.8255,50.8339,6076106,12.74,1416.22,14.3641
2018-06-05,242.4775,242.5657,51135038,34.0996,34.0878,5868176,50.7331,50.7415,5892285,12.4,1395.5,14.7988
2018-06-06,244.5048,244.5797,62732215,34.5022,34.5061,4789471,50.9515,50.9557,5358054,11.64,1364.92,14.7989
2018-06-07,244.4783,244.4387,72969402,34.1943,34.1746,9231124,50.9515,50.9557,5250028,12.13,1340.9,14.4204
2018-06-08,245.2011,245.2099,72139719,34.2496,34.2378,8848081,51.1027,51.0817,7231698,12.18,1394.99,14.9616
2018-06-11,245.5272,245.5404,58892515,34.6127,34.6127,2717321,51.2623,51.2749,7241572,12.35,1366.82,13.9917
2018-06-12,245.8445,245.9018,72329028,34.3838,34.3798,5984494,50.9431,50.9557,5117987,12.34,1379.06,13.6885
2018-06-13,245.0601,245.0028,79070610,34.518,34.5219,5616114,50.9851,50.9809,5162401,12.94,1301.73,13.198
2018-06-14,245.6771,245.6418,77097620,34.4706,34.4588,6771293,50.9347,50.9137,5550111,12.12,1303.66,11.4418
2018-06-15,245.3633,245.3987,120041562,34.368,34.364,5967501,50.6659,50.6617,7903680,11.98,1306.64,12.1297
2018-06-18,244.8587,244.8852,52917581,33.9891,34.0128,9002335,50.2963,50.3005,6876141,12.31,1315.75,13.763
2018-06-19,243.9202,243.9246,97531510,33.6905,33.6905,5095186,49.7634,49.7761,10182484,13.35,1445.64,14.8685
2018-06-20,244.3363,244.3451,53785486,33.5975,33.5934,9185585,49.7804,49.7931,6691523,12.79,1435.1,13.9834
2018-06-21,242.8046,242.8135,71061404,33.2498,33.2457,7477428,49.5941,49.6068,8501353,14.64,1409.42,16.0901
2018-06-22,243.2473,243.234,56612003,33.6015,33.6015,10214542,49.8396,49.8354,5460466,13.77,1456.25,14.2065
2018-06-25,239.936,239.9493,137854162,33.1932,33.173,11081077,49.1624,49.1624,15485708,17.33,1483.95,17.8727
2018-06-26,240.4672,240.4274,68683211,33.0962,33.0921,10410824,49.4502,49.4333,9475587,15.92,1494.23,17.2411
2018-06-27,238.4751,238.4707,105110674,32.7727,32.7687,6626488,49.1201,49.0905,12597547,17.91,1490.04,17.1802
2018-06-28,239.8386,239.8696,76650517,32.7889,32.7848,5183079,49.1794,49.1836,9721932,16.85,1550.98,18.4191
2018-06-29,240.1839,240.1308,97592499,33.1608,33.1649,6599347,49.0185,49.0228,5612869,16.09,1583.62,16.6333
2018-07-02,240.6974,240.7461,63554774,32.991,32.987,3361559,48.2398,48.2398,7963269,15.6,1672.03,17.9959
2018-07-03,239.8475,239.7855,42187071,33.1123,33.1245,4774206,48.1805,48.1678,5659452,16.14,1699.2,16.3909
2018-07-04,239.8475,239.7855,42187071,33.1123,33.1245,4774206,48.1805,48.1678,5659452,16.14,1663.69,16.2213
2018-07-05,241.8041,241.7687,56925919,33.7026,33.7067,15954450,48.1044,48.1128,15065665,14.97,1662.86,15.731
2018-07-06,243.8493,243.7874,66493696,33.9048,33.9007,7247667,48.4176,48.4218,4857405,13.37,1544.69,14.7428
2018-07-09,246.0451,246.0185,50550399,34.0988,34.0867,7435659,49.0863,49.0905,7827794,12.69,1482.55,14.0711
2018-07-10,246.9304,246.8375,51966829,34.1959,34.1999,3547290,48.9,48.9043,4999231,12.64,1434.48,12.9935
2018-07-11,245.1243,245.1774,77054739,33.5894,33.5854,13351639,48.2229,48.2017,12403823,13.63,1426.19,14.5961
2018-07-12,247.3466,247.2846,60124687,33.8482,33.8522,3356019,48.2737,48.2567,6461882,12.58,1401.56,13.4596
2018-07-13,247.5413,247.5192,48234964,33.929,33.925,3089349,48.7223,48.735,5587714,12.18,1361.7,12.8035
2018-07-16,247.32,247.351,48201038,33.9937,33.9978,2349902,48.7392,48.7434,6053021,12.83,1361.7,13.0323
2018-07-17,248.3205,248.3293,52315500,34.0705,34.0624,10111709,49.1709,49.1624,7624203,12.06,1327.78,12.556
2018-07-18,248.8428,248.8296,44593465,34.0907,34.0948,2560539,49.0947,49.099,6826257,12.1,1333.3,11.9617
2018-07-19,247.9043,247.8999,61412117,33.9452,33.9411,4168812,49.1032,49.099,7851536,12.87,1341.51,12.8476
2018-07-20,247.621,247.6742,82372729,34.0261,34.0382,2806580,49.2555,49.2513,5146508,12.86,1383.46,13.7747
2018-07-23,248.0814,248.1124,47047565,33.9775,33.9654,3197082,49.501,49.4968,3385643,12.62,1423.48,14.1892
2018-07-24,249.3298,249.2855,68026935,34.1312,34.1271,3543848,49.7042,49.7169,6619804,12.41,1358.47,12.7259
2018-07-25,251.4547,251.5654,78882927,34.4384,34.4506,5647612,50.0258,50.0555,15845549,12.29,1334.11,13.5029
2018-07-26,250.8615,250.8128,57919495,34.1797,34.1837,3774773,50.1528,50.1316,5442839,12.14,1334.51,12.1361
2018-07-27,249.1616,249.2147,76783177,34.2929,34.305,3582939,50.3052,50.3009,7411356,13.03,1323.07,11.6594
2018-07-30,247.8601,247.8025,63742508,34.3576,34.3616,2883075,49.9243,49.9369,7880976,14.26,1325.08,12.7107
2018-07-31,249.0819,249.0553,68570493,34.4223,34.4263,4588334,49.5433,49.5391,8639322,12.83,1288.08,12.5596
2018-08-01,248.6658,248.7056,53853326,34.2201,34.208,3726676,49.865,49.8523,5216806,13.15,1244.05,13.028
2018-08-02,250.0204,249.9761,63426363,33.9007,33.9007,2426146,49.5857,49.6068,3491449,12.19,1274.75,14.5051
2018-08-03,251.0917,251.1271,53935386,33.9452,33.9492,2186397,49.5772,49.5814,6240373,11.64,1270.68,13.3973
2018-08-06,252.0125,252.0523,39400887,33.7875,33.7875,1882256,49.2048,49.1921,4840578,11.27,1227.88,13.47
2018-08-07,252.8447,252.7916,43196646,34.0705,34.0705,5195200,49.6195,49.5984,4485919,10.93,1224.94,12.6265
2018-08-08,252.7385,252.7075,42114551,33.9856,33.9897,1865487,49.5687,49.5899,2596395,10.85,1201.5,12.8654
2018-08-09,252.3932,252.3888,35716976,33.8239,33.8279,2211011,49.3825,49.3952,4578138,11.27,1194.49,12.4882
2018-08-10,250.7021,250.6711,77076044,32.8536,32.8414,19417292,48.6715,48.6757,6125899,13.16,1237.13,15.1113
2018-08-13,249.7636,249.7238,65732909,32.7485,32.7525,7735845,48.3837,48.3879,5279990,14.78,1354.55,15.9406
2018-08-14,251.3573,251.3042,43842031,32.7444,32.7444,7964344,48.5784,48.5741,4853698,13.31,1296.17,15.861
2018-08-15,249.4803,249.467,102925355,32.0935,32.0894,7462858,47.9859,47.9901,7432291,14.64,1276.82,18.4755
2018-08-16,251.499,251.5167,69967919,32.3442,32.3563,5584206,48.2483,48.2525,7950029,13.45,1285.11,16.2633
2018-08-17,252.3843,252.3445,65618481,32.5544,32.5584,6442716,48.4091,48.4133,5623811,12.64,1254.38,16.0982
2018-08-20,252.9244,252.9554,39807490,32.797,32.8051,2795947,48.6038,48.608,2877711,12.49,1237.57,14.5019
2018-08-21,253.5176,253.4424,67271983,33.2821,33.2781,10672616,48.5953,48.5995,6517840,12.86,1205.68,13.8748
2018-08-22,253.3671,253.3892,44993333,33.4277,33.4236,7349387,48.7985,48.7985,4011635,12.25,1188.74,13.8512
2018-08-23,253.0307,253.0085,49204851,33.2255,33.2174,6828949,48.5953,48.5995,4892375,12.41,1179.41,13.6438
2018-08-24,254.5535,254.5491,57487399,33.5813,33.5773,11142614,48.7646,48.7519,4424099,11.99,1152.24,13.1882
2018-08-27,256.5633,256.5146,57072377,34.0463,34.0463,3575349,49.501,49.4968,6071409,12.16,1159.57,13.1149
2018-08-28,256.6872,256.6563,46943472,34.0584,34.0544,5866369,49.3487,49.3614,3293932,12.5,1155.94,13.1602
2018-08-29,258.0684,258.0419,61485514,34.1716,34.1756,5347855,49.5264,49.5476,3755977,12.25,1137.96,12.9914
2018-08-30,257.0237,256.9838,61229501,33.7754,33.7713,6241588,49.1794,49.2005,5631930,13.53,1129.07,14.1532
2018-08-31,257.0325,256.9573,66140838,33.3307,33.3185,6034449,49.2809,49.2852,3830526,12.86,1174.91,15.6343
2018-09-03,257.0325,256.9573,66140838,33.3307,33.3185,6034449,49.2809,49.2852,3830526,12.86,1168.09,15.4945
2018-09-04,256.5899,256.6341,57594367,33.0315,33.0274,3588787,48.6715,48.6884,8132208,13.16,1157.34,16.3854
2018-09-05,255.8993,255.9214,72452437,32.708,32.7121,13144537,48.1551,48.1594,11278340,13.91,1189.18,17.2886
2018-09-06,255.129,255.1511,65909863,32.5463,32.5584,6275611,48.2652,48.261,6354915,14.65,1186.44,17.1012
2018-09-07,254.6332,254.5845,73524824,32.2471,32.2512,4647375,47.9689,47.9774,6414708,14.88,1212.47,16.4546
2018-09-10,255.0759,255.0626,50210903,32.611,32.607,4342758,48.079,48.0832,4824409,14.16,1198.91,15.8948
2018-09-11,255.917,255.9701,50530492,32.6514,32.6474,12168215,48.1805,48.2017,4666844,13.22,1189.28,15.7862
2018-09-12,255.9789,256.0232,59810758,32.708,32.7202,8190818,48.2737,48.2779,5135979,13.14,1165.76,15.3235
2018-09-13,257.4929,257.4797,51034222,33.0476,33.0517,6202189,48.6461,48.6588,4818363,12.37,1151.74,14.5934
2018-09-14,257.5372,257.5682,55079875,32.9506,32.9466,6736641,49.1963,49.1836,9299973,12.07,1142.5,13.8963
2018-09-17,256.1737,256.187,68244043,33.0072,33.0113,4780315,49.2217,49.209,4911559,13.68,1142.5,14.5708
2018-09-18,257.5638,257.5461,61930407,33.2255,33.2296,10427255,50.3983,50.394,11708129,12.79,1131.2,14.356
2018-09-19,257.8382,257.8648,49080562,33.3307,33.3347,6253582,50.576,50.5887,12252708,11.75,1132.8,13.5296
2018-09-20,259.9277,259.8879,100360646,33.9452,33.9411,5015322,50.7115,50.758,10318119,11.8,1106.91,13.1843
2018-09-21,259.6899,259.7032,105479656,33.9452,33.9573,3348432,50.8215,50.8088,6713306,11.68,1095.15,12.8151
2018-09-24,258.8272,258.8672,53409645,33.7875,33.7875,3290770,50.593,50.6057,6442028,12.2,1095.15,13.7328
2018-09-25,258.587,258.5381,44370037,33.8886,33.8845,3198173,50.9739,50.9527,7482470,12.42,1106.06,13.1636
2018-09-26,257.8133,257.7688,79739674,33.8643,33.8603,11933662,51.2193,51.2066,11884653,12.89,1084.99,12.8518
2018-09-27,258.5337,258.5025,59249455,33.6864,33.6824,2910802,51.0839,51.067,7470440,12.41,1096.11,13.171
2018-09-28,258.5604,258.4714,70091385,33.1568,33.1568,3373346,50.9823,50.9781,6219931,12.12,1090.03,14.7637
2018-10-01,259.4586,259.3875,62078937,33.1608,33.1649,3398083,51.3294,51.3336,11197723,12,1105.56,14.2333
2018-10-02,259.3074,259.3341,47258227,32.9425,32.9304,3296328,51.2109,51.2066,8792656,12.05,1110.14,15.4784
2018-10-03,259.4497,259.5031,64694594,33.0476,33.0436,4920105,50.7622,50.7496,10503511,11.61,1118.79,14.6064
2018-10-04,257.422,257.4664,111545910,32.6272,32.6393,4274160,50.0766,50.0724,8499171,14.22,1125.33,16.0249
2018-10-05,255.9812,256.0434,105951698,32.3522,32.3563,5670000,50.0851,50.0978,11280745,14.82,1139.51,16.6807
2018-10-08,255.9812,255.9545,87742172,32.0611,32.049,4363105,50.3052,50.3009,11538526,15.69,1139.51,17.6264
2018-10-09,255.6076,255.6299,74338982,31.9965,32.0005,8351431,50.0174,49.9962,14512721,15.95,1148.33,16.9002
2018-10-10,247.5143,247.4253,214731042,31.2606,31.2647,10311708,48.79,48.7858,20029946,22.96,1122.6,18.4029
2018-10-11,242.0624,242.1735,274840491,30.9857,30.9897,15429236,47.9097,47.9054,29452481,24.98,1243.76,21.2373
2018-10-12,245.4242,245.4776,183186492,31.0261,31.0463,9971388,48.0197,47.9986,24204739,21.31,1204.77,20.2103
2018-10-15,244.0457,244.1213,102263717,31.0746,31.0706,5844950,47.8758,47.8631,11008389,21.3,1251.84,19.0703
2018-10-16,249.382,249.3019,118255834,31.6892,31.6771,5393861,48.7646,48.7815,9846380,17.62,1224.46,16.8341
2018-10-17,249.4264,249.382,110625987,31.3334,31.3294,10867347,48.7307,48.7265,14919480,17.4,1194.91,17.0163
2018-10-18,245.8244,245.86,134557525,30.7067,30.7067,8373543,47.8504,47.8716,14608085,20.06,1229.45,18.1712
2018-10-19,245.691,245.6199,139901634,30.9048,30.917,7457361,47.952,47.9393,8679485,19.89,1246.39,18.7838
2018-10-22,244.5882,244.6282,82415812,30.6461,30.642,6163917,47.6557,47.6515,7296482,19.64,1223.94,19.3581
2018-10-23,243.3431,243.2319,146352719,30.4116,30.4075,8984232,47.1055,47.1182,16258233,20.71,1280.36,21.3624
2018-10-24,235.9701,235.8767,177806697,29.4655,29.4615,6710292,45.5988,45.6115,14193321,25.23,1279.72,21.9772
2018-10-25,240.2036,240.208,138061545,29.9507,29.9628,8333089,46.276,46.2633,11564777,24.22,1400.99,20.7552
2018-10-26,235.979,235.8812,201574596,29.8294,29.8415,21983500,45.6835,45.6793,22271932,24.16,1420.31,23.7391
2018-10-29,234.6716,234.6049,160749101,29.8456,29.8496,9215713,45.2603,45.2645,14218733,24.7,1409.98,22.2872
2018-10-30,238.1491,238.1847,157115995,30.0477,30.0518,8763155,45.9713,45.984,14710322,23.35,1429.55,22.2249
2018-10-31,240.6927,240.7461,128296325,30.2175,30.2216,4646057,46.4199,46.4241,9942685,21.23,1403.56,20.3038
2018-11-01,243.2541,243.2008,99495037,30.6946,30.6986,4776611,46.3099,46.3141,8843643,19.34,1434.59,18.995
2018-11-02,241.8133,241.7466,122634107,30.824,30.828,6119279,46.5723,46.568,14330349,19.51,1381.7,18.848
2018-11-05,243.1474,243.1874,65622482,30.7431,30.7552,4356602,46.403,46.4241,7455218,19.96,1418.37,18.3296
2018-11-06,244.686,244.6505,60085894,30.8563,30.8523,4585599,46.9278,46.9489,6607567,19.91,1387.32,18.1091
2018-11-07,249.9245,249.8711,102752099,31.2525,31.2647,3924838,47.4187,47.4399,6617716,16.36,1342.42,16.4264
2018-11-08,249.4709,249.4131,65584886,30.7755,30.7795,3388344,47.114,47.1182,5957729,16.72,1265.04,15.881
2018-11-09,247.034,247.0829,98812561,30.6946,30.6986,5927276,46.64,46.6273,5961357,17.36,1231.61,16.3773
2018-11-12,242.4181,242.3692,99673574,30.0073,30.0032,4118324,46.0051,46.0009,8666437,20.45,1199.1,17.8587
2018-11-13,241.9645,241.929,98176610,30.266,30.2701,6933671,45.8358,45.857,12614497,20.02,1251.89,17.029
2018-11-14,240.3103,240.2525,125335931,30.452,30.452,8608144,45.9967,45.9755,11159816,21.25,1248.54,18.4549
2018-11-15,242.8183,242.8406,135101437,30.5167,30.5046,12485484,46.2675,46.2802,17022078,19.98,1271.87,20.1522
2018-11-16,243.4498,243.3964,126668040,30.5248,30.5208,9674871,46.3014,46.3141,7463586,18.14,1283.29,18.0762
2018-11-19,239.332,239.4165,103061706,30.2054,30.2054,5135776,46.0983,46.0856,13307109,20.1,1252.33,18.032
2018-11-20,234.9029,234.9651,136021311,29.5706,29.5828,6406313,45.2518,45.3068,12685243,22.48,1259.57,19.9622
2018-11-21,235.7033,235.7478,75563743,29.9507,29.9628,8036396,45.9459,45.9247,7393475,20.8,1266.11,18.2397
2018-11-22,235.7033,235.7478,75563743,29.9507,29.9628,8036396,45.9459,45.9247,7393475,20.8,1246.08,19.2881
2018-11-23,234.1291,234.2047,42807878,29.7081,29.696,2834676,45.7766,45.7724,3632366,21.52,1246.08,18.9738
2018-11-26,237.909,237.8645,79981362,30.1771,30.1811,7108357,46.3945,46.4157,10030491,18.9,1228.39,18.4228
2018-11-27,238.7094,238.6427,75502441,30.0315,30.0235,5332868,46.3522,46.348,9327425,19.02,1223.36,18.479
2018-11-28,244.2058,244.148,127629633,30.452,30.4561,4050505,46.9616,46.9997,10386637,18.49,1219.16,18.5952
2018-11-29,243.6721,243.6544,82346420,30.3307,30.3267,4503150,46.8008,46.7797,6910813,18.79,1187.94,18.61
2018-11-30,245.1574,245.2419,98204190,30.1124,30.1245,4951426,46.8431,46.8558,6369091,18.07,1174.25,18.4935
2018-12-03,248.4036,248.3369,103017719,30.4925,30.5046,5657260,47.478,47.4907,11254202,16.44,1113.78,16.9152
2018-12-04,240.3548,240.5727,177986013,29.6919,29.696,6234425,45.7258,45.6962,15363609,20.74,1158.23,17.2085
2018-12-05,240.3548,240.5727,177986013,29.6919,29.696,6234425,45.7258,45.6962,15363609,20.74,1214.85,19.0904
2018-12-06,239.9901,240.0568,204185411,29.3442,29.3321,11855079,45.6581,45.6623,27539629,21.19,1324.26,24.6155
2018-12-07,234.4137,234.4804,161018923,28.9884,28.9763,17136966,45.3195,45.2983,17163836,23.23,1268.24,21.6688
2018-12-10,234.8584,234.8628,151445885,28.7944,28.7903,8186997,44.9725,44.9428,18181236,22.64,1349.62,23.6592
2018-12-11,234.9118,234.8851,121504431,28.8914,28.8955,12484572,44.9386,44.9344,14283000,21.76,1333.43,21.0925
2018-12-12,236.0946,236.1347,97976706,29.4332,29.4372,5995733,45.4803,45.4803,11280847,21.46,1281.91,19.7254
2018-12-13,236.0146,236.0146,96662717,29.3847,29.3887,16094792,45.3449,45.3153,11967860,20.65,1251.22,19.1773
2018-12-14,231.6566,231.6967,116961071,28.948,28.9521,9222680,44.8286,44.7989,15726922,21.63,1288.29,19.1643
2018-12-17,227.1119,227.0452,165492257,28.7216,28.7176,13846617,44.473,44.4773,21004443,24.52,1285.27,19.8187
2018-12-18,226.8629,226.9118,134515094,28.7886,28.8008,8852601,44.5971,44.5758,15129178,25.58,1357.05,20.0366
2018-12-19,223.4654,223.3098,214992763,28.561,28.5976,18505853,43.9403,43.919,24112658,25.58,1388.06,19.6024
2018-12-20,219.8279,219.8901,252053377,28.4065,28.4106,12525037,43.71,43.7398,22901638,28.38,1507.84,20.733
2018-12-21,215.324,215.2793,255345633,28.0082,28.0041,15941633,42.3621,42.3323,24613639,30.11,1556.93,20.3984
2018-12-24,209.6345,209.6613,147311588,27.5203,27.5407,5292001,41.9015,41.8802,16386635,36.07,1556.93,20.3984
2018-12-25,209.6345,209.6613,147311588,27.5203,27.5407,5292001,41.9015,41.8802,16386635,36.07,1747.05,20.3984
2018-12-26,220.2263,220.0473,218485360,28.2764,28.248,9085920,42.6948,42.6906,28378847,30.41,1700.01,20.3984
2018-12-27,221.917,222.0378,186267342,28.2683,28.2805,15906246,43.2664,43.2962,24602722,29.96,1590.32,25.6882
2018-12-28,221.6307,221.671,153100189,28.374,28.3699,8712114,43.3176,43.3389,17347959,28.34,1646.18,23.8643
2018-12-31,223.572,223.7419,144299370,28.5041,28.5203,11666121,43.2408,43.2706,10691239,25.42,1646.18,23.8643
2019-01-01,223.572,223.7419,144299370,28.5041,28.5203,11666121,43.2408,43.2706,10691239,25.42,1646.18,23.8643
2019-01-02,223.8046,223.8582,126925199,28.3618,28.3618,5530809,43.5393,43.5266,12513121,23.22,1646.18,23.3924
2019-01-03,218.4639,218.37,144140692,28.0407,28.0447,5332815,43.292,43.2749,10740247,25.45,1646.18,22.9978
2019-01-04,225.7816,225.8129,142628834,28.9106,28.9147,5595351,44.7592,44.7251,18702401,21.38,1663.03,20.4827
2019-01-07,227.5618,227.4768,103139100,29.0488,29.061,2835850,44.8701,44.8317,8639882,21.4,1562.05,20.151
2019-01-08,229.6998,229.6238,102512587,29.2521,29.2561,3702667,45.0834,45.0919,7369681,20.47,1494.15,19.4803
2019-01-09,230.7733,230.6883,95006554,29.6626,29.6626,9413771,45.3307,45.3094,14208859,19.98,1440.11,18.997
2019-01-10,231.5873,231.6723,96823923,29.6504,29.6545,5607123,45.6037,45.5824,8570446,19.5,1454.86,18.6879
2019-01-11,231.6768,231.6142,73858110,29.4147,29.4025,5919722,45.0748,45.0834,8088982,18.19,1444.87,17.4182
2019-01-14,230.2634,230.2992,70908227,29.3171,29.313,4289149,44.9127,44.9426,8500964,19.07,1444.87,17.8987
2019-01-15,232.9024,232.9068,85208271,29.3171,29.3049,7391246,45.4587,45.4886,10353168,18.6,1359.62,16.9334
2019-01-16,233.466,233.4302,77636710,29.3699,29.3699,10435716,45.6805,45.6762,15809591,19.04,1356.83,15.7177
2019-01-17,235.2372,235.264,96118435,29.439,29.4512,3953364,45.5867,45.625,7931682,18.06,1345.89,15.4064
2019-01-18,238.3682,238.3324,127900303,29.8496,29.8496,4620396,46.1923,46.2307,9174407,17.8,1314.83,14.28
2019-01-21,238.3682,238.3324,127900303,29.8496,29.8496,4620396,46.1923,46.2307,9174407,17.8,1292.47,15.385
2019-01-22,235.1478,235.2372,115531183,29.4553,29.4431,9297300,45.3649,45.3777,14400909,20.8,1269.2,15.9971
2019-01-23,235.6398,235.5727,86030287,29.6789,29.6789,6110458,45.2369,45.2625,6704933,19.52,1290.81,16.4792
2019-01-24,235.765,235.8276,59204139,29.7399,29.7317,4364079,45.5013,45.5269,5971927,18.89,1286.39,15.5603
2019-01-25,237.7599,237.8091,96883358,30.2033,30.2073,4835184,45.9961,46.0004,7068260,17.42,1257.45,14.7823
2019-01-28,235.9529,235.9842,85613655,30.122,30.1423,4115872,45.6634,45.6762,4877640,18.87,1266.87,16.1551
2019-01-29,235.6398,235.6934,66136334,30.2033,30.2155,8930371,45.7061,45.7445,9632695,19.13,1279.02,16.0456
2019-01-30,239.3701,239.3925,92473671,30.5,30.5,3688640,46.2179,46.2264,7910919,17.66,1245.23,16.0154
2019-01-31,241.4724,241.3964,104012073,30.3659,30.3537,13628545,46.3032,46.2819,9164310,16.57,1214.15,15.1126
2019-02-01,241.5887,241.611,85782524,30.3903,30.3984,8260223,46.1155,46.1113,8884617,16.14,1183.5,13.9879
2019-02-04,243.2884,243.3376,60744844,30.4716,30.4675,8032462,46.2179,46.2904,6078831,15.73,1133.4,14.2075
2019-02-05,244.3082,244.3887,79552774,30.7643,30.7602,3009948,46.4056,46.4184,10136693,15.57,1085.78,13.5808
2019-02-06,243.9861,244.0443,58347791,30.6748,30.6708,6162279,46.0217,46.0089,4701594,15.38,1070.62,13.616
2019-02-07,241.6603,241.696,95481961,30.0569,30.0447,5159581,45.3819,45.3947,9382192,16.37,1071.23,16.1706
2019-02-08,241.9555,241.9868,75788861,29.8699,29.8577,2396125,44.981,45.0066,10256246,15.72,1108.21,16.3132
2019-02-11,242.0896,242.112,68021423,29.8699,29.8618,2895418,45.0236,45.0194,5113850,15.97,1108.21,15.2186
2019-02-12,245.2028,245.2162,72270221,30.2764,30.2724,1546388,45.817,45.7786,11083606,15.43,1027.1,14.2814
2019-02-13,245.9989,245.981,65277204,30.2358,30.2236,1653011,45.9279,45.9321,6943642,15.65,1032.52,13.9695
2019-02-14,245.4532,245.4711,83234396,30.1464,30.1586,7591532,45.8937,45.8554,9840798,16.22,1031.89,15.757
2019-02-15,248.128,248.1504,97088659,30.7236,30.7195,5614368,46.4823,46.5037,7031125,14.91,1073.41,14.2944
2019-02-18,248.128,248.1504,97088659,30.7236,30.7195,5614368,46.4823,46.5037,7031125,14.91,1032.73,14.5378
2019-02-19,248.5574,248.5664,59120804,30.8374,30.8415,7659109,46.5591,46.5677,6284271,14.88,1042.65,14.6143
2019-02-20,249.0584,249.0763,76610767,30.9919,30.9878,9243543,46.6103,46.606,9551591,14.02,1037.79,14.2742
2019-02-21,248.1728,248.2175,64214727,30.9025,30.9147,2595604,46.5421,46.5293,5756271,14.46,1037.79,14.3444
2019-02-22,249.7114,249.7069,78114616,30.9919,30.9878,1963921,46.6444,46.6658,5311559,13.51,1016.37,13.9767
2019-02-25,250.0514,250.114,69030699,31.0651,31.0773,1187614,46.9089,46.9003,6752307,14.85,991,13.8464
2019-02-26,249.8724,249.8814,56844101,31.2602,31.2643,2826691,47.0709,47.0667,12408590,15.17,978.64,13.8942
2019-02-27,249.7651,249.7875,56921570,31.1382,31.1342,3442985,46.8236,46.8278,6130222,14.7,982.15,14.3497
2019-02-28,249.2999,249.1836,69268293,31.3171,31.309,6367018,46.3715,46.3587,11033633,14.78,987.31,13.5876
2019-03-01,250.8565,250.9146,78880548,31.5935,31.5976,2395084,46.5079,46.5122,5449985,13.57,980.39,13.3709
2019-03-04,249.944,249.9574,106494637,31.439,31.435,3222899,46.3629,46.3757,7998910,14.63,973.25,13.6499
2019-03-05,249.6041,249.6354,59114559,31.4147,31.4187,3151625,46.4056,46.3928,9105571,14.74,992.38,13.5075
2019-03-06,248.0922,248.0654,75039771,31.3496,31.3456,8195496,46.1326,46.1454,11817391,15.74,984.17,13.4409
2019-03-07,246.0168,246.0929,94885089,30.7968,30.7927,6065314,45.5867,45.5824,12909684,16.59,1022.59,13.8671
2019-03-08,245.5248,245.5785,85795799,30.874,30.874,5631097,45.5099,45.5227,8759564,16.05,1076.44,14.411
2019-03-11,249.0852,249.1434,65098897,31.122,31.1179,2767060,46.0046,46.026,13081252,14.33,1043.96,14.1546
2019-03-12,250.0245,249.9798,79667530,31.1423,31.1423,3462305,46.1155,46.1283,9767988,13.77,993.46,13.8356
2019-03-13,251.6795,251.6795,80639153,31.4228,31.4187,6997052,46.2947,46.2904,7653913,13.41,993.46,13.9503
2019-03-14,251.5185,251.5453,67518366,31.5447,31.5407,3188460,45.7999,45.7956,7164722,13.5,981.94,13.6478
2019-03-15,252.7613,252.7927,81308979,31.9269,31.9391,3821424,46.3288,46.3245,8026984,12.88,940.9,12.9242
2019-03-18,253.6777,253.7451,62199806,32.0569,32.061,2906170,46.4568,46.4696,7065970,13.1,940.21,13.2122
2019-03-19,253.7406,253.826,90268121,32.2358,32.2317,6258421,46.4738,46.4866,7054970,13.56,937.68,13.0007
2019-03-20,252.9769,252.9544,84609210,32.2195,32.2277,4950437,46.4994,46.4951,9840075,13.91,939.99,14.4778
2019-03-21,255.8342,255.7937,79550375,32.0935,32.0935,16219515,46.8065,46.815,7609001,13.63,939.99,15.6876
2019-03-22,250.9103,250.9238,122659286,31.1626,31.1504,9514303,46.3032,46.2904,12285080,16.48,924.56,17.6785
2019-03-25,250.7216,250.6947,85575197,31.187,31.1789,4599115,46.3288,46.3245,9855836,16.33,1022.34,17.3356
2019-03-26,252.5905,252.4917,68125920,31.2683,31.2561,2243549,46.8406,46.862,10900347,14.68,967.25,15.8457
2019-03-27,251.2697,251.2877,72224722,31.3415,31.3374,6499055,46.6785,46.67,13153833,15.15,966.81,16.3337
2019-03-28,252.2221,252.2805,56238545,31.187,31.1789,3393323,46.7041,46.7169,5174652,14.43,999.77,16.6715
2019-03-29,253.8125,253.9383,82186806,31.3821,31.374,6777718,46.6785,46.6913,8365944,13.71,988.95,15.2748
2019-04-01,256.8225,256.8809,77617945,31.7968,31.7927,2315386,47.2671,47.297,9718680,13.4,965.96,14.7903
2019-04-02,256.9483,256.9528,40070351,31.9025,31.8984,3036341,46.943,46.9515,5519483,13.36,959.52,14.7848
2019-04-03,257.3527,257.438,68243202,32.2358,32.2317,7784479,47.2245,47.2032,4111406,13.74,929.98,14.1923
2019-04-04,258.0355,258.058,48997505,32.2277,32.2399,1561827,47.1989,47.1776,6523548,13.58,927.02,14.2468
2019-04-05,259.2845,259.2575,58621729,32.3252,32.3293,4591652,47.233,47.2373,7524481,12.82,915.37,13.552
2019-04-08,259.4821,259.5091,53566335,32.3252,32.313,2273239,47.1221,47.1349,4490831,13.18,910.89,14.603
2019-04-09,258.1523,258.1568,66142316,32.1138,32.1098,2303593,46.8662,46.8534,3865292,14.28,926.1,14.5187
2019-04-10,259.0329,259.0374,52601499,32.2521,32.2561,2211247,46.8747,46.8662,8334717,13.3,939.14,14.281
2019-04-11,258.961,258.9835,55093100,32.3171,32.313,2046030,46.7297,46.7169,9612049,13.02,910.97,12.595
2019-04-12,260.7131,260.7131,69727782,32.6586,32.6545,3160445,46.9686,46.9643,5522365,12.01,879.73,11.877
2019-04-15,260.5424,260.5604,49596685,32.6748,32.6708,1524618,46.9601,46.9643,7514471,12.32,867.61,11.4864
2019-04-16,260.7131,260.7266,52153197,32.7317,32.7236,2383823,47.1477,47.1605,5006010,12.18,852.05,11.3012
2019-04-17,260.0752,260.1021,58268295,32.9594,32.9594,3689010,47.1477,47.169,9050555,12.6,838.37,11.2672
2019-04-18,260.5873,260.5828,68708513,32.8699,32.8821,2860917,47.216,47.2117,16317466,12.09,870.78,11.0066
2019-04-19,260.5873,260.5828,68708513,32.8699,32.8821,2860917,47.216,47.2117,16317466,12.09,863.2,11.0066
2019-04-22,260.8119,260.8389,40160140,32.935,32.9391,6664452,47.0454,47.0496,3447761,12.42,873.62,11.0066
2019-04-23,263.1571,263.1391,52246633,32.8537,32.8496,3262871,47.3098,47.3269,4663777,12.28,863.54,12.204
2019-04-24,262.573,262.5685,50392914,32.5935,32.5895,4689633,46.7297,46.7511,7977894,13.14,870.68,12.5447
2019-04-25,262.4113,262.4562,57770862,32.5041,32.5082,5346022,46.8321,46.8193,7679936,13.25,859.54,12.9572
2019-04-26,263.6333,263.6513,50916423,32.5691,32.5773,2246151,47.2586,47.2586,5527053,12.73,867.76,12.6034
2019-04-29,264.0466,263.9927,57197747,32.7724,32.7764,1074928,47.4463,47.4335,7006858,13.11,867.76,13.0278
2019-04-30,264.1814,264.114,81111733,32.9512,32.9634,3748428,47.2757,47.3226,10960198,13.12,867.76,13.2624
2019-05-01,262.1957,262.2181,71671870,32.7399,32.7358,3156108,47.1136,47.1008,8875165,14.8,867.76,13.2624
2019-05-02,261.6296,261.661,65030170,32.5854,32.5813,2377721,47.1307,47.1349,8557851,14.42,867.76,14.3357
2019-05-03,264.1904,264.1679,56543653,32.8699,32.8578,1612511,47.7363,47.7406,5549684,12.87,867.76,13.3808
2019-05-06,263.1032,263.1391,107198069,32.5041,32.5082,2933988,47.2501,47.2458,10520596,15.44,867.76,15.7375
2019-05-07,258.7094,258.8083,144729908,31.8537,31.8496,6770250,46.3885,46.3928,16407263,19.32,868.93,18.0429
2019-05-08,258.35,258.4354,91568287,32.0407,32.0447,4273864,46.107,46.0942,13188985,19.4,926.33,17.6428
2019-05-09,257.5683,257.6312,103471104,31.8293,31.8334,3246058,45.8084,45.8127,9657559,19.1,948.46,20.0378
2019-05-10,258.8622,258.7813,112429293,32.0569,32.061,3234802,46.1241,46.1198,8129155,16.04,971.01,18.5073
2019-05-13,252.3569,252.4603,127290527,31.2521,31.2561,6988608,45.0834,45.062,13771097,20.55,952.06,19.4264
2019-05-14,254.6392,254.5807,77003230,31.5935,31.5895,4847998,45.7146,45.7018,6980981,18.06,959.14,17.5609
2019-05-15,256.1307,256.1891,73956407,31.7805,31.7846,6639339,45.7829,45.8127,6987107,16.44,896.48,16.7467
2019-05-16,258.5028,258.4533,76749643,32.0813,32.0935,2483254,45.9705,45.9833,4622532,15.29,893.23,15.0605
2019-05-17,256.8315,256.8899,100353024,31.8781,31.874,3829056,45.7999,45.7871,5877420,15.96,854.13,14.9769
2019-05-20,255.1333,255.1513,62877610,31.5773,31.5732,1803438,45.5525,45.5568,4029214,16.31,844.56,17.3812
2019-05-21,257.4335,257.429,46847085,31.7927,31.7927,4855901,45.8682,45.881,7052804,14.95,836.45,15.8302
2019-05-22,256.6428,256.6518,49482472,31.683,31.687,3086084,45.4928,45.5056,4606957,14.75,822.79,15.4494
2019-05-23,253.507,253.5969,98733847,31.2764,31.2724,10950809,45.1516,45.1729,6110408,16.92,852.15,17.637
2019-05-24,254.0821,254.1495,55268095,31.5935,31.5976,5061651,45.8511,45.8383,3512360,15.85,849.44,16.7146
2019-05-27,254.0821,254.1495,55268095,31.5935,31.5976,5061651,45.8511,45.8383,3512360,15.85,834.41,16.2373
2019-05-28,251.719,251.7325,70029356,31.3008,31.2968,5716687,45.4672,45.4587,6796649,17.5,821.43,16.1658
2019-05-29,250.0298,250.0657,104972927,30.9838,30.9716,4531419,45.254,45.2668,6281892,17.9,841.21,17.7806
2019-05-30,250.7126,250.6947,62523780,31.1545,31.1667,4024665,45.4587,45.4715,5601764,17.3,837.03,16.7607
2019-05-31,247.3342,247.4376,86862782,30.8293,30.8334,17787649,44.9725,44.9938,11481541,18.71,877.73,17.4218
2019-06-03,246.7053,246.7187,96427952,31.0529,31.0529,5648997,45.2369,45.2241,12242752,18.86,894.23,17.2417
2019-06-04,252.0604,252.0559,77231889,31.5773,31.5773,7844333,45.7573,45.7701,8127690,16.97,880.17,16.42
2019-06-05,254.2438,254.1719,71169717,31.5204,31.5366,3302122,45.7829,45.7658,5084081,16.09,831.78,16.1034
2019-06-06,255.8971,255.8611,69430381,31.626,31.622,2941716,45.834,45.8468,5012345,15.93,800.48,15.6299
2019-06-07,258.4578,258.4219,74272199,32.0773,32.0773,2344327,46.3885,46.3757,6287234,16.3,788.99,14.9085
2019-06-10,259.6439,259.6259,60799053,32.1464,32.1545,3707407,46.6018,46.5847,2866835,15.94,769.95,14.8913
2019-06-11,259.581,259.572,58641325,32.374,32.3659,3480615,46.7553,46.7425,3556855,15.99,758.83,14.796
2019-06-12,259.1227,259.0598,47096312,32.1057,32.1017,1582925,46.235,46.2307,5555136,15.91,765.71,14.945
2019-06-13,260.192,260.2324,48945156,32.122,32.1342,4283698,46.1838,46.2136,4410195,15.82,763.77,14.3656
2019-06-14,259.9044,259.8416,52324716,31.8537,31.8415,2625760,46.0644,46.0516,4805128,15.28,750.54,14.3629
2019-06-17,260.0033,260.0842,39205709,31.8378,31.8336,2319102,46.1998,46.2041,4117290,15.35,732.8,14.0293
2019-06-18,262.7258,262.6404,85434823,32.4138,32.4096,6045052,46.4752,46.4881,7818427,15.15,730.08,13.2695
2019-06-19,263.3188,263.3143,78674377,32.5557,32.5599,2396542,46.8884,46.8927,7401879,14.33,708.67,13.6604
2019-06-20,265.8346,265.8212,116570017,32.8687,32.8687,2273902,47.3446,47.3231,5851103,14.75,674.83,13.3474
2019-06-21,265.4479,265.5066,83309466,32.8646,32.8521,3100806,46.8798,46.8669,5512290,15.4,684.41,13.3894
2019-06-24,265.1229,265.15,47582730,32.9147,32.9105,2521033,46.8798,46.8669,4630798,15.26,687.07,13.9669
2019-06-25,262.5226,262.5632,82028656,32.6642,32.6601,2674090,46.6732,46.6689,4557765,16.28,691.91,13.9815
2019-06-26,262.2607,262.2743,51584902,32.731,32.7268,2393048,46.6043,46.6,3129868,16.21,698.48,14.0634
2019-06-27,263.1907,263.2358,40355239,32.7644,32.7602,11255916,46.7937,46.8152,2904051,15.82,694.56,14.1174
2019-06-28,264.545,264.5902,59350929,33.019,33.019,7726788,46.9831,47.0046,7620185,15.08,701.06,13.7342
2019-07-01,266.9467,266.8835,79117620,33.0983,33.0941,2476369,47.6545,47.6674,7774420,14.06,650.32,12.383
2019-07-02,267.6419,267.6826,61504544,33.115,33.1192,3082016,47.8009,47.8138,6973040,12.93,654.61,11.8371
2019-07-03,269.7818,269.7502,40898896,33.4656,33.4698,1551715,47.9386,47.9515,3122834,12.57,653.01,11.7045
2019-07-04,269.7818,269.7502,40898896,33.4656,33.4698,1551715,47.9386,47.9515,3122834,12.57,647.06,11.7651
2019-07-05,269.4748,269.3439,51677326,33.1901,33.1943,2475685,47.732,47.732,3752421,13.28,639.23,12.4185
2019-07-08,267.994,268.0211,45841772,32.9814,32.9856,1536362,47.4565,47.4436,3914826,13.96,647.03,12.616
2019-07-09,268.3281,268.3733,41101279,32.8813,32.8854,1994262,47.0347,47.0649,4575266,14.09,642.94,12.7504
2019-07-10,269.6102,269.6057,58595558,32.9731,32.9773,3194222,47.3188,47.3145,5133099,13.03,636.68,12.8191
2019-07-11,270.2422,270.2287,50889481,32.923,32.9272,2398233,47.4049,47.4006,3393215,12.93,610.75,12.4747
2019-07-12,271.4521,271.4747,40354410,32.9981,32.994,2896384,47.4221,47.4436,3040629,12.39,606.97,12.3888
2019-07-15,271.5424,271.5559,33910261,33.0566,33.0607,2734235,47.4565,47.4522,2997236,12.68,606.97,12.6064
2019-07-16,270.6034,270.6395,40567964,33.0065,33.0107,2655907,47.1036,47.0907,4354657,12.86,607.55,12.1592
2019-07-17,268.8247,268.8563,44102443,32.8479,32.8521,2051752,47.0606,47.0563,2256589,13.97,624.04,12.6034
2019-07-18,269.8088,269.8314,51701687,32.9314,32.9355,3017008,46.9401,46.9271,4501690,13.53,640.45,13.332
2019-07-19,268.3101,268.2604,71081238,32.6642,32.6684,7750979,47.0606,47.0821,3560648,14.45,621.65,13.6973
2019-07-22,268.9692,268.9872,43687404,32.8061,32.802,2395949,47.1294,47.1337,2766493,13.53,623.06,13.5495
2019-07-23,270.8923,270.8336,44657973,33.09,33.0941,1919303,47.5082,47.5211,3626789,12.61,623.87,12.7137
2019-07-24,272.1654,272.1067,47213232,33.1651,33.1776,2861156,47.5684,47.59,4780541,12.07,619.41,13.1227
2019-07-25,270.8652,270.8246,55394092,32.8395,32.8354,3157622,47.0606,47.0563,5767626,12.74,621.43,13.2666
2019-07-26,272.68,272.6574,45084077,32.9063,32.9188,3355844,47.1811,47.1768,3365127,12.16,628.28,12.669
2019-07-29,272.1834,272.206,38126462,32.9481,32.9522,1426819,47.1208,47.1337,2483432,12.83,622.14,12.6386
2019-07-30,271.5153,271.6011,45849045,32.322,32.3345,7646349,46.8195,46.8411,5467203,13.94,616.42,14.4662
2019-07-31,268.5448,268.5042,104245162,32.1258,32.1258,5934852,46.7851,46.7808,8867622,16.12,627.59,14.3909
2019-08-01,266.2063,266.3237,142646576,32.0382,32.0256,5108547,46.7765,46.7722,16478565,17.87,628.9,13.7348
2019-08-02,264.2019,264.3329,116749695,31.6959,31.6834,6126215,46.5355,46.557,11362829,17.61,676.52,18.3481
2019-08-05,256.2566,256.4507,178745449,31.0782,31.0657,6665478,45.382,45.3949,8982457,24.59,719.39,21.0618
2019-08-06,259.85,259.832,120711682,31.2618,31.266,8582289,45.9587,45.9716,9647047,20.17,772.52,21.3783
2019-08-07,260.0035,260.0532,140572265,31.4455,31.458,13163390,46.2772,46.2643,9339018,19.49,770.6,21.039
2019-08-08,265.1048,265.0461,87713904,31.6876,31.6917,4145656,46.6043,46.6086,10675788,16.91,762.78,18.0037
2019-08-09,263.299,263.2674,93729958,31.5081,31.5081,5014047,46.1137,46.1094,7035305,17.97,747.95,18.9533
2019-08-12,260.0938,260.1164,65527632,31.2451,31.241,2477800,45.6747,45.679,6744354,21.09,747.95,19.2544
2019-08-13,264.1387,264.0259,94792972,31.5373,31.5498,5267505,46.1912,46.1696,9138238,17.52,769.32,18.6224
2019-08-14,256.3288,256.3514,135622053,30.5439,30.5565,4532368,45.0721,45.0506,10064818,22.1,708.79,22.0616
2019-08-15,257.0059,257.0285,101929845,30.5022,30.4897,3633360,45.5025,45.5154,6085399,21.18,753.84,22.5419
2019-08-16,260.7981,260.8116,85825286,30.9112,30.9071,4990833,45.9759,45.9975,5847209,18.47,750.14,20.3841
2019-08-19,263.9401,263.9356,53640153,31.1784,31.1825,4436707,45.9673,45.9803,3700961,16.88,730.21,18.2556
2019-08-20,261.9176,261.886,51652752,31.0281,31.0239,1984512,45.8727,45.877,4400466,17.5,688.31,18.4289
2019-08-21,264.0484,264.0259,49723430,31.4371,31.4413,2037942,46.0276,46.0233,7070126,15.8,696.04,16.7721
2019-08-22,263.9672,263.9266,51739292,31.337,31.3453,2454352,45.9587,45.963,4619170,16.68,686.24,18.2332
2019-08-23,257.1865,257.1549,149318151,30.8945,30.9071,5901655,45.4422,45.4465,14128203,19.87,671.04,20.1473
2019-08-26,260.0306,260.008,72620598,31.17,31.1784,2692838,46.1051,46.118,5901042,19.32,722.34,20.2502
2019-08-27,259.0103,258.9968,68262998,31.1951,31.1992,4156185,45.9587,45.9372,4638137,20.31,709.57,19.4399
2019-08-28,260.8342,260.789,59852324,31.17,31.1825,2276423,45.9415,45.9587,3717960,19.35,702.04,19.3267
2019-08-29,264.1658,264.1523,57998913,31.554,31.5582,3697157,46.2686,46.2557,3322506,17.88,704.1,17.601
2019-08-30,264.0484,264.0575,62961780,31.6458,31.65,5179799,46.415,46.4365,6970656,18.98,689.92,17.6681
2019-09-02,264.0484,264.0575,62961780,31.6458,31.65,5179799,46.415,46.4365,6970656,18.98,688.62,17.5382
2019-09-03,262.5045,262.5271,69231875,31.5331,31.5331,7509846,46.4408,46.4451,6172005,19.66,679.92,18.2403
2019-09-04,265.484,265.4163,47003957,32.0465,32.034,3221628,46.699,46.7206,3585170,17.33,679.46,16.5794
2019-09-05,268.8969,268.9014,83356779,32.2719,32.2844,7405488,47.0347,47.0391,5378657,16.27,640.16,15.5052
2019-09-06,269.1046,269.1272,49584290,32.3303,32.3262,2269644,47.1983,47.1854,5284419,15,633.12,14.6313
2019-09-09,269.24,269.1904,51260290,32.4472,32.443,2501635,47.5082,47.5039,15092006,15.27,604.14,14.9418
2019-09-10,269.1768,269.2445,57947101,32.514,32.5265,10218725,47.6459,47.6244,4182297,15.2,589.89,15.2574
2019-09-11,271.0909,271.1225,68821066,32.6058,32.61,3530449,48.0677,48.0634,7237869,14.61,571.8,15.4354
2019-09-12,272.0299,272.0074,72908745,32.9063,32.9105,3955368,48.3862,48.3905,9621562,14.22,572.45,14.4138
2019-09-13,271.8494,271.8132,62104838,32.9898,32.9981,4703772,48.9544,48.9759,7997317,13.74,578.33,13.7364
2019-09-16,271.0097,271.0052,58191175,32.5975,32.5849,3096051,48.6961,48.6832,6166636,14.67,578.33,15.2467
2019-09-17,271.6959,271.7139,42904427,32.7394,32.7435,5829231,48.8769,48.8468,6830845,14.44,578.03,15.5502
2019-09-18,271.8584,271.8539,74192091,32.7143,32.7268,2378250,48.7736,48.7521,6346365,13.95,585.71,15.2097
2019-09-19,271.8403,271.8178,78099215,32.8228,32.8187,1544352,49.1351,49.1222,5930860,14.05,582.87,14.501
2019-09-20,270.5555,270.4239,97455979,32.7143,32.7185,2674718,49.0232,49.0017,6833369,15.32,582.8,13.9744
2019-09-23,270.492,270.5328,47541321,32.5474,32.5515,1644234,48.9716,48.9673,5299620,14.91,582.8,15.5783
2019-09-24,268.3695,268.3105,97367568,32.3721,32.3679,10077970,49.0404,49.062,12010447,17.05,580.26,15.9723
2019-09-25,269.9568,269.9341,73434081,32.2135,32.2093,3084904,49.2384,49.2169,5835504,15.96,600.04,17.2313
2019-09-26,269.3944,269.3718,58722357,32.3053,32.3011,10540822,49.3245,49.3202,6375441,16.07,601.79,16.587
2019-09-27,267.9431,267.9023,84781110,32.2802,32.2928,4174824,48.6186,48.6402,6899753,17.22,597.96,15.8826
2019-09-30,269.1858,269.2357,52562761,32.4639,32.4681,1863785,48.8425,48.8123,5382920,16.24,605.55,15.8282
2019-10-01,265.9839,265.9612,89900420,32.1634,32.1425,7080988,48.6272,48.6057,8235507,18.56,576.82,17.26
2019-10-02,261.2854,261.2627,124523974,31.362,31.3745,8670230,48.0247,48.0032,8255103,20.56,597.52,21.0071
2019-10-03,263.426,263.3852,85906799,31.6041,31.6083,5287364,48.2657,48.27,9285711,19.12,642.26,20.5011
2019-10-04,266.9907,267.0134,66700681,31.8712,31.8754,3417283,48.8252,48.8037,5242473,17.04,623.04,18.5245
2019-10-07,265.8388,265.8705,60656561,31.8796,31.8921,3638665,48.5153,48.5369,5438933,17.86,621.15,17.856
2019-10-08,261.7117,261.7344,101575470,31.5039,31.4997,4568316,48.2313,48.2356,6914799,20.28,604.56,19.2294
2019-10-09,264.197,264.1562,65707329,31.8295,31.8336,3449848,48.6531,48.6316,4710290,18.64,607.92,18.3918
2019-10-10,265.9839,265.9794,57255974,32.1133,32.1258,4615555,48.5928,48.5971,7978885,17.57,601.8,17.418
2019-10-11,268.7414,268.7277,101228577,32.7894,32.7853,8475712,49.1954,49.1782,14407390,15.58,575.18,15.8911
2019-10-14,268.442,268.501,40546668,32.7477,32.7602,2453053,48.9802,48.9931,2334108,14.57,575.18,15.9171
2019-10-15,271.0997,271.1224,47832356,33.1651,33.1776,6671592,49.7119,49.699,8767032,13.54,536.08,14.4716
2019-10-16,270.6643,270.687,50563596,33.2653,33.2611,4019418,49.6086,49.5957,4210800,13.68,529.11,14.76
2019-10-17,271.4625,271.4262,46784885,33.3905,33.403,3807486,49.4795,49.4708,4833798,13.79,521.06,14.9276
2019-10-18,270.2743,270.2788,64338028,33.4406,33.4447,5113218,49.3848,49.3891,5311267,14.25,521.59,15.3746
2019-10-21,272.1065,272.1655,39460901,33.5825,33.5866,9994198,49.7377,49.7506,4249473,14,533.79,14.7438
2019-10-22,271.2176,271.2312,49126038,33.3988,33.3946,6969359,49.798,49.785,6971342,14.46,533.79,14.1743
2019-10-23,272.0067,271.9841,34991829,33.5491,33.5449,4741245,50.0045,50.0089,7912230,14.01,515.45,13.4557
2019-10-24,272.4512,272.492,35857459,33.5825,33.5908,3686983,50.0304,50.0175,4457134,13.71,511.79,13.0918
2019-10-25,273.5669,273.6077,45205412,33.5574,33.5533,2328088,50.0045,50.0261,4452862,12.65,507.24,12.8208
2019-10-28,275.1089,275.1587,42146965,33.716,33.7119,3402870,50.1509,50.1638,5259333,13.11,500.72,13.2006
2019-10-29,275.0272,275.0182,44284921,33.7077,33.716,2040426,50.3661,50.3618,5894837,13.2,498.93,13.7262
2019-10-30,275.8708,275.8753,49643928,33.8329,33.8454,5307393,50.5038,50.4909,6799718,12.33,501.2,13.7963
2019-10-31,275.1361,275.0771,69053791,33.7411,33.7452,8518301,50.5124,50.4995,7279816,13.22,495.19,13.7919
2019-11-01,277.6849,277.7257,71141515,33.9915,34.004,2934021,51.0117,51.0246,7105029,12.3,493.58,12.8444
2019-11-04,278.8006,278.7733,60606916,34.2252,34.2211,4124696,51.356,51.3689,8214062,12.83,493.58,12.9047
2019-11-05,278.4922,278.4695,42933219,34.1585,34.1459,3810407,51.4249,51.3861,7783228,13.1,484.07,12.9226
2019-11-06,278.5557,278.5965,46487108,34.1501,34.1459,6884269,51.313,51.3259,13578882,12.62,488.33,12.9335
2019-11-07,279.5353,279.5761,54272274,34.1835,34.1793,10741765,51.6143,51.6272,9191598,12.73,493,12.7542
2019-11-08,280.2246,280.2564,49068797,34.1668,34.171,2964594,51.5884,51.6014,7107866,12.07,494.59,12.8514
2019-11-11,279.6895,279.7303,35934909,34.1501,34.1459,2905315,51.4593,51.4464,2578316,12.69,495.61,13.0887
2019-11-12,280.2791,280.2201,46484624,34.1501,34.1459,4146854,51.5712,51.5755,4600441,12.68,477.18,12.6338
2019-11-13,280.3698,280.3471,54459018,34.0332,34.0291,7493113,51.3905,51.3861,7290509,13,475.6,12.7955
2019-11-14,280.7779,280.7553,52001874,34.0165,34.0207,5157134,51.1666,51.1623,6197113,13.05,485.35,12.4735
2019-11-15,282.8097,282.8415,62706192,34.2586,34.2628,2871284,51.4679,51.4378,5070558,12.05,472.05,11.537
2019-11-18,283.0184,282.9957,49327980,34.2753,34.2795,2951848,51.511,51.4981,4329695,12.46,458.12,12.0372
2019-11-19,282.9367,282.8959,67927818,34.1918,34.2044,2021584,51.3474,51.3345,3974757,12.86,460.28,12.3699
2019-11-20,281.8845,281.9072,79696276,34.0165,34.0124,3489049,51.1925,51.1709,7451263,12.78,466.8,12.7274
2019-11-21,281.431,281.4492,54664690,33.9915,33.9957,2451348,51.2441,51.2054,3170553,13.13,465.28,13.1317
2019-11-22,282.0569,282.0886,44850228,34.0249,34.0207,2403045,51.2785,51.2829,3920190,12.34,459.32,13.0888
2019-11-25,284.2429,284.2247,48762676,34.1418,34.1459,4381820,51.6315,51.6272,6873333,11.87,461.71,12.3837
2019-11-26,284.8869,284.8279,37727953,34.2252,34.2294,3908169,51.5454,51.5325,5536858,11.54,452.3,12.0954
2019-11-27,286.1568,286.1159,44793179,34.2002,34.1877,5673753,51.6487,51.6444,6895536,11.75,447.89,12.2032
2019-11-28,286.1568,286.1159,44793179,34.2002,34.1877,5673753,51.6487,51.6444,6895536,11.75,448.4,12.7959
2019-11-29,285.0955,285.0638,36592740,34.0499,34.0374,3269747,51.158,51.1451,3708746,12.62,456.48,13.174
2019-12-02,282.6737,282.6329,76110027,33.7244,33.7202,4036102,51.0547,51.0676,14858558,14.91,453.19,15.8889
2019-12-03,280.7779,280.7099,75172709,33.6743,33.6785,4118569,51.2527,51.257,6336889,15.96,456.32,16.9096
2019-12-04,282.5104,282.5195,49190402,33.9498,33.9539,3117837,51.8295,51.8166,6190123,14.8,468.31,15.2237
2019-12-05,283.0184,283.041,40781669,33.9331,33.9372,3149141,51.6229,51.6358,6626418,14.52,463.26,15.3707
2019-12-06,285.6035,285.5626,48956767,34.1418,34.1543,4229105,52.2168,52.2211,10341516,13.62,465.84,14.1327
2019-12-09,284.7055,284.7009,34904315,33.9164,33.9205,3385755,51.9242,51.9112,4240258,15.86,460.99,14.9246
2019-12-10,284.388,284.4016,53107133,34.0207,34.0207,2066845,51.8983,51.8854,11144179,15.68,456.37,15.022
2019-12-11,285.1953,285.1817,53521450,34.2503,34.2545,4334449,52.0102,51.9973,5530082,14.99,450.87,15.2345
2019-12-12,287.6534,287.6579,96585802,34.5424,34.5383,4604673,52.1394,52.1437,7777390,13.94,448.2,14.6631
2019-12-13,287.8257,287.7849,81546487,34.6593,34.6635,4777174,52.2771,52.2642,12498610,12.63,426.32,13.1174
2019-12-16,289.8031,289.8076,82836128,35.0111,35.0069,5880689,52.5175,52.5044,7287589,12.14,406.55,11.644
2019-12-17,289.8666,289.853,61131769,34.8853,34.8979,5370744,52.4043,52.4086,8097500,12.29,404.38,12.1489
2019-12-18,289.8847,289.8621,48199955,34.7764,34.7638,3142790,52.1952,52.1647,5190035,12.58,406.75,11.8244
2019-12-19,291.073,291.082,85388424,34.8099,34.8141,3417112,52.1429,52.156,3727640,12.5,404.6,12.1761
2019-12-20,292.3489,292.554,149338215,34.8853,34.8895,4362107,52.1081,52.095,6446212,12.51,407.75,11.0774
2019-12-23,292.7956,292.8001,53015641,34.9608,34.9733,2105095,52.0646,52.0515,3943616,12.61,406.95,11.6482
2019-12-24,292.8047,292.8184,20270007,34.9105,34.923,1244755,51.8555,51.8424,3726860,12.67,407.68,11.6482
2019-12-25,292.8047,292.8184,20270007,34.9105,34.923,1244755,51.8555,51.8424,3726860,12.67,407.68,11.6482
2019-12-26,294.3634,294.3315,31024188,35.0949,35.1074,2939234,51.9949,51.9992,3554289,12.65,401.14,11.6482
2019-12-27,294.2905,294.2996,42554820,35.2206,35.2164,1491291,51.899,51.9208,3741863,13.43,400.36,12.0913
2019-12-30,292.668,292.6908,49782730,34.9608,34.9566,2991161,51.4374,51.4504,6503283,14.82,405.27,13.9548
2019-12-31,293.379,293.4109,57106998,35.1368,35.141,1812057,51.6029,51.5985,5113913,13.78,405.27,13.9548
2020-01-01,293.379,293.4109,57106998,35.1368,35.141,1812057,51.6029,51.5985,5113913,13.78,405.27,13.9548
2020-01-02,296.1226,296.0907,59253833,35.5726,35.5601,7983794,52.1429,52.156,12528848,12.47,405.27,12.6736
2020-01-03,293.8803,293.9122,77783121,35.0697,35.0655,2927612,51.568,51.5811,8391123,14.02,405.27,13.9588
2020-01-06,295.0014,295.0288,55761948,35.1619,35.1745,2499843,51.751,51.764,5383824,13.85,424.81,15.1404
2020-01-07,294.172,294.2039,42854811,34.9691,34.9733,1740991,51.8381,51.8598,5013642,13.79,405.6,14.2117
2020-01-08,295.7398,295.7124,68434153,35.12,35.1242,4608124,51.8468,51.8947,7717421,13.45,426.53,14.0401
2020-01-09,297.7451,297.7223,48569601,35.2499,35.2499,4164275,52.2126,52.2257,7113252,12.54,412.01,13.0363
2020-01-10,296.8883,296.8746,53057389,35.12,35.1242,3013582,51.8468,51.8598,4927185,12.56,411.12,12.3886
2020-01-13,298.9301,298.9164,47262010,35.2625,35.2667,2659850,52.1429,52.156,7524409,12.32,411.12,12.7138
2020-01-14,298.4743,298.4606,63036384,35.2541,35.2499,5038190,52.1604,52.1821,11616851,12.39,401.97,12.4099
2020-01-15,299.1488,299.1306,72056598,35.1619,35.1703,6109929,51.9687,51.9557,5275221,12.42,394.43,12.0408
2020-01-16,301.6372,301.6145,54050328,35.3421,35.3421,6524046,52.0036,52.0341,4185924,12.32,387.22,11.0223
2020-01-17,302.5761,302.6353,95846017,35.4553,35.4595,3623609,52.0384,52.0689,3557101,12.1,372.24,10.6899
2020-01-20,302.5761,302.6353,95846017,35.4553,35.4595,3623609,52.0384,52.0689,3557101,12.1,370.4,11.2522
2020-01-21,301.9836,301.9973,77742415,35.1619,35.1577,5387576,51.7597,51.7814,6984727,12.85,384.67,11.8141
2020-01-22,302.0201,302.0611,48914899,35.0697,35.0739,4840428,51.9949,51.9992,7059700,12.91,374.61,12.2389
2020-01-23,302.3665,302.3938,51962994,34.9775,34.9817,3483668,52.0558,52.0776,4630495,12.98,386.01,13.164
2020-01-24,299.6775,299.6547,87578442,34.8769,34.8853,3557850,51.8555,51.8773,5700369,14.56,380.69,12.6665
2020-01-27,294.8738,294.8875,84062463,34.1058,34.1016,4301469,50.9234,50.9365,10095954,18.23,415.09,17.1711
2020-01-28,297.9639,297.9684,63833953,34.4914,34.4956,4801889,51.3764,51.3546,8180831,16.28,411.62,15.1979
2020-01-29,297.7177,297.7269,54040889,34.5501,34.5542,1739007,51.2109,51.2152,4969278,16.39,407.44,14.4199
2020-01-30,298.6839,298.6612,75491844,34.5249,34.5375,3159042,51.1412,51.1368,16332761,15.49,429.91,16.4174
2020-01-31,293.2605,293.2741,113845576,33.9298,33.934,4541993,50.305,50.3093,14330681,18.84,428.85,17.1542
2020-02-03,295.439,295.4618,69242293,34.0639,34.0681,2119976,50.6882,50.7274,7016476,17.97,428.89,16.2837
2020-02-04,299.9418,299.9601,62573190,34.6339,34.6381,2800121,51.4548,51.4679,7964795,16.05,421.96,14.4971
2020-02-05,303.4056,303.3737,65951146,35.0194,35.0152,5124500,51.9165,51.9557,8852430,15.15,409.16,13.6052
2020-02-06,304.4265,304.4128,50359688,35.1955,35.1996,5217784,52.3085,52.3128,9586158,14.96,400.36,12.9889
2020-02-07,302.804,302.8085,64139443,34.8937,34.9063,3294180,51.8032,51.8337,6495840,15.47,410.78,13.3241
2020-02-10,305.0645,305.0691,42070006,34.9608,34.9482,1541645,51.7423,51.7466,7511039,15.04,412.7,13.7034
2020-02-11,305.5932,305.616,54864533,35.1871,35.1829,3247045,52.0036,52.0166,9483140,15.18,412.7,12.9201
2020-02-12,307.5621,307.5575,43992662,35.3715,35.3589,2382797,51.751,51.7727,11722131,13.74,382.71,12.4526
2020-02-13,307.2339,307.2385,54501922,35.1368,35.1242,3493437,51.298,51.3372,8401102,14.15,375.66,13.2476
2020-02-14,307.7261,307.7307,64582210,35.1535,35.141,3445560,50.9147,50.9191,11652134,13.68,388.45,13.0625
2020-02-17,307.7261,307.7307,64582210,35.1535,35.141,3445560,50.9147,50.9191,11652134,13.68,383.22,12.9654
2020-02-18,306.9331,306.9103,57342526,34.9943,34.9817,1603374,50.1569,50.1787,17769735,14.83,389.21,13.8431
2020-02-19,308.4007,308.3688,48814692,35.229,35.2164,3787088,50.0698,50.1003,7255578,14.38,387.37,12.8829
2020-02-20,307.1337,307.1564,74163362,35.0027,34.9985,5454048,49.7475,49.7083,16841298,15.56,388.18,14.09
2020-02-21,303.9707,303.9844,113788208,34.7931,34.7889,2885794,49.3294,49.3381,14166131,17.08,410.97,15.7536
2020-02-24,293.8894,293.8757,161088409,33.2844,33.2802,7719466,47.6656,47.6787,19626249,25.03,410.97,22.6584
2020-02-25,284.9839,285.025,218913168,32.4965,32.4839,8179304,47.5872,47.5567,22165383,27.85,457.16,27.4449
2020-02-26,283.9357,283.9858,194773819,32.53,32.5258,8552892,47.8224,47.8267,23188380,27.56,474.08,24.5403
2020-02-27,271.1837,271.2338,284353459,31.608,31.6038,10123164,46.1847,46.1978,31058003,39.16,529.44,34.6989
2020-02-28,270.0443,272.4734,385764020,31.4236,31.4194,14907930,46.1325,46.1586,34633470,40.11,660.04,42.2369
2020-03-02,281.739,281.7344,238703625,32.0355,32.0229,19064714,46.7161,46.7074,23738949,33.42,600.36,36.1186
2020-03-03,273.6721,273.786,300139149,31.5996,31.608,15592483,46.1151,46.1194,25886639,36.82,612.29,33.4532
2020-03-04,285.1754,285.2209,176613448,32.7144,32.6851,10054244,47.1168,47.1037,18699669,31.99,604.26,29.7565
2020-03-05,275.6956,275.682,186366809,31.5577,31.541,4831319,46.2631,46.2675,13667393,39.62,585.86,33.1404
2020-03-06,271.1381,269.4017,228667168,31.0213,31.0422,8635540,45.8189,45.8233,19064613,41.94,684.59,43.0212
2020-03-09,249.9637,250.1232,309417349,28.1966,28.272,6654439,43.4844,43.4888,19592079,54.46,874.08,54.0993
2020-03-10,262.898,262.9208,276444058,29.0683,29.0809,16175606,44.7823,44.8128,23477032,47.3,819.69,53.8031
2020-03-11,250.0822,250.0867,256416563,27.4338,27.4716,7609378,43.2666,43.271,11655573,53.9,872.57,53.7615
2020-03-12,226.155,226.1368,392220669,23.9554,23.9973,14319052,39.0245,38.9853,21360036,75.47,1028.79,71.5196
2020-03-13,245.4882,246.9603,329566100,25.506,25.5437,7486101,40.3049,40.1874,11590806,57.83,1144.18,74.3321
2020-03-16,218.6259,218.2385,297240027,22.455,22.4508,6716341,37.6481,37.6612,9191583,82.69,1389.43,85.6206
2020-03-17,230.43,221.7706,262070471,23.4106,23.3854,7853269,39.4948,39.4905,15956627,75.91,1687.54,77.2625
2020-03-18,218.7627,219.6514,327597131,21.8012,21.8473,8045681,38.6586,38.7414,16703239,76.45,1982.89,84.7969
2020-03-19,219.2275,219.8337,289322037,22.1197,22.1197,8722014,39.1987,39.2292,14580569,72,1772.19,78.3461
2020-03-20,209.7797,209.9126,347158794,22.2036,22.2161,10220602,39.2945,39.2814,15804164,66.04,1772.19,68.2146
2020-03-23,204.416,203.9851,326025169,22.455,22.4508,7489067,38.8851,38.8677,12502151,61.59,1617.94,64.4283
2020-03-24,222.9368,223.3356,235494475,24.408,24.4415,6132832,41.5854,41.5637,17416973,61.67,1175.29,52.5304
2020-03-25,226.2742,226.2512,299430255,25.3551,25.33,14001937,42.3694,42.3476,13534048,63.95,1048.43,57.1305
2020-03-26,239.4862,239.665,257632816,26.4867,26.4322,12863492,43.7631,43.7239,16296223,61,1286.68,54.3148
2020-03-27,232.353,232.3255,224341217,25.4054,25.4012,8414312,43.7109,43.7065,11858076,65.54,1322.84,60.9948
2020-03-30,239.8988,239.9309,170961866,25.7156,25.7281,6155734,44.2422,44.264,7386646,57.08,1526.23,55.6324
2020-03-31,236.3231,236.291,194881060,25.5731,25.5773,9874413,43.0227,43.0837,14671275,53.54,1465.35,48.5926
2020-04-01,225.6874,225.6599,189554623,24.3409,24.32,4987297,40.9757,40.9844,10511690,57.06,1516.29,51.1408
2020-04-02,230.8952,230.9319,177660430,24.7097,24.7307,7453099,41.4983,41.4635,10347104,50.91,1434.92,49.9156
2020-04-03,227.5578,227.599,135561171,24.2152,24.2362,5999670,40.5663,40.5968,6930688,46.8,1349.35,45.8806
2020-04-06,242.842,244.419,188061238,25.6485,25.6695,8233427,42.9617,42.9313,9430429,45.24,1176.2,43.0301
2020-04-07,243.0895,243.0666,201427189,25.8078,25.8371,8132922,43.4234,43.3929,10374993,46.7,1100.78,46.2871
2020-04-08,251.2497,251.3093,153774487,26.1598,26.185,4372989,43.3189,43.3145,6688598,43.35,1099.47,45.2972
2020-04-09,255.073,255.1235,190282705,26.8639,26.8806,4453955,43.8851,43.8546,7021438,41.67,1088.29,44.7106
2020-04-10,255.073,255.1235,190282705,26.8639,26.8806,4453955,43.8851,43.8546,7021438,41.67,1098.33,44.7106
2020-04-13,252.7442,252.6571,114839053,26.4699,26.4867,2683527,43.7022,43.676,4014753,41.17,1114,44.7106
2020-04-14,260.1983,260.2854,134143350,26.9561,26.9812,5616277,44.5036,44.4644,7740280,37.76,1011.78,40.4768
2020-04-15,254.6696,254.6467,121775006,25.7994,25.8036,4905567,44.0593,44.0375,6329826,40.84,986.64,44.9575
2020-04-16,255.8982,256.0036,131798325,25.6904,25.6946,8510519,43.6847,43.6978,10502360,40.11,1039.31,43.2623
2020-04-17,262.8114,262.8893,146684784,26.5789,26.5831,8610089,44.2684,44.2727,6565022,38.15,975.72,41.201
2020-04-20,258.1812,258.195,100109285,26.1933,26.1975,8399817,43.5889,43.5846,5135575,43.83,980.43,41.2975
2020-04-21,250.342,250.3191,126385698,25.6485,25.6569,4069378,43.1795,43.1273,10479016,45.41,1042.37,48.2215
2020-04-22,255.8982,255.967,93524584,25.9922,25.988,4315650,43.9286,43.9069,8492994,41.98,1061.71,43.9569
2020-04-23,255.8799,255.8661,104709693,25.7659,25.7533,6478444,43.9896,44.0506,12300072,41.38,986.66,40.3534
2020-04-24,259.4465,259.5061,85165953,26.1095,26.1137,5446836,44.3293,44.3685,6501240,35.93,1014.65,40.1744
2020-04-27,263.1873,263.2515,77896608,26.5538,26.5538,2571134,44.9391,44.9347,8362922,33.29,925.86,34.7193
2020-04-28,261.9771,265.7454,105269985,26.6879,26.6669,3578867,45.5924,45.5358,9366696,33.57,878.01,33.012
2020-04-29,268.8352,268.8123,118745579,27.6602,27.656,4142393,46.3938,46.3895,5826897,31.23,878.01,30.7205
2020-04-30,266.3322,266.2451,122901701,27.1489,27.1698,6392396,45.0872,45.1133,9096853,34.15,820.53,33.9105
2020-05-01,259.2815,259.2219,125180028,26.6124,26.6166,4210391,44.2945,44.2727,7250797,37.19,887.25,33.9105
2020-05-04,259.9966,260.0837,80873213,26.4364,26.4406,5233674,44.0767,44.0985,6350223,35.97,887.25,38.322
2020-05-05,262.3988,262.4126,79569938,26.3735,26.3735,3603890,44.5036,44.4818,5004669,33.61,887.25,34.5055
2020-05-06,260.6201,260.6843,73632628,26.1095,26.1137,2574882,44.1638,44.1856,6092212,34.12,887.25,34.8075
2020-05-07,263.7649,263.7925,75250412,26.6208,26.6082,2998480,44.8259,44.8476,5704287,31.44,858.01,32.4312
2020-05-08,268.1292,268.1522,76622128,27.0734,27.0776,3085304,45.5924,45.5793,6984391,27.98,803.1,29.6643
2020-05-11,268.1843,268.2347,79514231,26.8974,26.8848,4081011,46.028,46.0062,7608048,27.57,746.57,29.9068
2020-05-12,262.8389,262.7885,95870786,26.4867,26.516,5681834,45.4269,45.4182,8422779,33.04,756.24,27.6697
2020-05-13,258.1904,258.25,144721099,26.0844,26.0969,6535520,45.6447,45.6229,9655626,35.28,760.03,33.4196
2020-05-14,261.2802,261.3582,121977890,25.9,25.8958,6698105,44.9652,44.9783,9076322,32.61,809.76,36.3219
2020-05-15,262.4813,262.4584,111146276,25.9251,25.9209,7125529,45.0436,45.0393,5225436,31.89,798.42,34.4706
2020-05-18,270.4764,270.4673,120320229,27.3416,27.3458,5609587,46.1673,46.163,6914553,29.3,785.55,29.0582
2020-05-19,267.6983,267.7396,95189316,26.822,26.8262,3267446,45.6273,45.6316,4122567,30.53,729.64,30.1699
2020-05-20,272.246,272.2735,85861691,27.5093,27.5135,2704248,46.3154,46.3328,16131625,27.99,722.75,29.1093
2020-05-21,270.3664,270.2793,78293925,27.2494,27.2704,3978053,45.8189,45.8102,4437091,29.53,712.52,32.315
2020-05-22,270.8799,270.8432,63958200,27.3039,27.3039,2263555,45.8799,45.8581,3771943,28.16,732.43,31.4161
2020-05-25,270.8799,270.8432,63958200,27.3039,27.3039,2263555,45.8799,45.8581,3771943,28.16,714.8,29.1565
2020-05-26,274.2173,274.2814,88951442,28.2134,28.2217,2176836,47.4391,47.4696,7398148,28.01,694.54,28.0385
2020-05-27,278.2973,278.2561,104817449,28.9091,28.8965,15205252,48.0489,48.0445,5963189,27.62,697.01,29.3988
2020-05-28,277.7839,277.7701,90767807,29.1018,29.0935,4669324,48.676,48.6891,10409121,28.59,677.87,29.0063
2020-05-29,279.0217,278.8704,119265702,29.1563,29.1563,5916390,48.2666,48.2449,5839870,27.51,695.36,31.1263
2020-06-01,280.1494,280.1861,56779836,29.8227,29.8101,7430633,48.9983,48.994,9312374,28.23,680.37,30.099
2020-06-02,282.4691,282.5058,74267162,30.3088,30.2921,4494067,49.2161,49.1856,5788146,26.84,674.48,30.678
2020-06-03,286.2282,286.2603,92567574,31.3901,31.3985,6456147,49.5558,49.5515,5710293,25.66,667.75,29.6082
2020-06-04,285.4764,285.4168,75794363,31.4571,31.4613,3345862,48.9983,49.0027,5971726,25.81,678.75,27.6617
2020-06-05,292.793,292.7334,150524674,32.0942,32.0984,9514391,49.7039,49.6909,8253776,24.52,646.63,27.8909
2020-06-08,296.3321,296.3734,73641217,32.5049,32.4965,4899518,50.4356,50.4269,8351985,25.81,640.77,28.1197
2020-06-09,294.1225,294.1454,77479228,31.8679,31.8762,4984489,50.1743,50.1307,9410560,27.57,641.07,29.7453
2020-06-10,292.4813,292.495,95000766,31.6415,31.6457,5956213,50.1482,50.1525,6761219,27.57,637.41,30.0524
2020-06-11,275.6201,275.6247,209243560,29.6886,29.6928,8301494,48.0402,48.0184,12005259,40.79,679.25,36.0215
2020-06-12,278.9208,278.3936,194678879,30.2585,30.246,6666279,48.9025,48.8807,12331681,36.09,730.56,41.4116
2020-06-15,281.5247,281.488,135782724,30.5697,30.5739,3187118,48.3684,48.364,7753143,34.4,884.39,38.4135
2020-06-16,286.9434,286.9205,137627502,30.9333,30.9291,7876078,49.2991,49.3166,10656681,33.67,756.55,36.0977
2020-06-17,285.7515,285.6644,83398944,30.9756,30.9756,5150558,49.5186,49.523,6462265,33.47,743.49,35.3603
2020-06-18,285.8615,285.8294,80828658,30.7811,30.7853,4199514,49.4308,49.4264,5127632,32.94,759.55,35.0461
2020-06-19,284.228,284.1682,135549624,30.5697,30.5655,7651987,49.1937,49.1893,6333560,35.12,734.43,32.2142
2020-06-22,286.0514,286.1067,74649389,31.0517,31.0559,4535335,49.5273,49.5317,5153171,31.77,759.91,33.781
2020-06-23,287.3683,287.3453,68471246,31.3561,31.3519,6891285,49.659,49.6195,6999408,31.37,709.11,31.3419
2020-06-24,280.0379,280.0609,132813492,30.4936,30.4978,5008983,48.623,48.6186,6464458,33.84,701.71,36.8071
2020-06-25,283.04,282.9572,89467968,30.9841,30.9798,5539853,49.1762,49.1542,5999652,32.22,742.5,34.6839
2020-06-26,276.3174,276.2898,127961017,30.4259,30.4302,4680265,48.702,48.7152,6012463,34.73,710.21,35.1735
2020-06-29,280.3786,280.351,79773260,30.8741,30.8699,3659642,48.7108,48.7152,4414764,31.78,775.74,34.4922
2020-06-30,283.9702,284.1589,113394772,30.8488,30.8572,4045958,48.2191,48.184,8185234,30.43,725.42,31.7179
2020-07-01,285.9593,286.01,72396542,30.9418,30.9376,3947427,48.1226,48.1094,6018586,28.62,721.22,30.1305
2020-07-02,287.5341,287.4972,69344217,31.4027,31.4027,6439388,48.4386,48.4606,5345726,27.68,689.76,27.5942
2020-07-03,287.5341,287.4972,69344217,31.4027,31.4027,6439388,48.4386,48.4606,5345726,27.68,646.84,28.2699
2020-07-06,291.9728,291.913,61713828,32.0496,32.0623,5047734,49.062,49.0752,3720611,27.94,603.59,27.6015
2020-07-07,288.9615,288.9108,82909963,31.5253,31.5337,3591389,48.623,48.6186,4755342,29.43,613.78,27.9345
2020-07-08,291.1716,291.1118,54638596,31.8889,31.8931,2988620,48.5879,48.5923,7174011,28.08,626.36,29.5725
2020-07-09,289.514,289.5554,83354158,31.4153,31.4111,11749730,48.3508,48.3684,5105075,29.26,619.46,30.4505
2020-07-10,292.4701,292.4931,57550365,31.7874,31.7832,4695861,48.983,48.9962,6281718,27.29,645.58,28.4276
2020-07-13,289.9376,289.9054,102997484,31.6775,31.6648,4715902,48.7284,48.7328,6039984,32.19,609.58,27.1352
2020-07-14,293.6949,293.6627,93656951,32.1806,32.1806,8413728,49.1147,49.1191,8419770,29.52,609.28,28.9278
2020-07-15,296.3932,296.407,87196524,32.5485,32.5527,4889214,49.7381,49.7337,5104094,27.76,587.67,27.5724
2020-07-16,295.417,295.44,54622520,32.5062,32.4851,2658187,49.2288,49.2244,2920006,28,589.24,26.8067
2020-07-17,296.2734,296.2274,62774911,32.65,32.6373,2518493,49.3079,49.321,2869693,25.68,567.58,25.5762
2020-07-20,298.6678,298.7,56308849,32.9121,32.9163,3221020,49.343,49.3298,2977741,24.46,551.2,24.2112
2020-07-21,299.3032,299.2618,57498967,33.0305,33.0347,3560973,49.3693,49.3561,3960559,24.84,509.76,23.4879
2020-07-22,301.0069,300.9655,57792915,33.2081,33.2123,3450251,49.2376,49.242,4098837,24.32,502.76,24.2123
2020-07-23,297.4154,297.3923,75737989,32.9037,32.9163,3864708,49.0708,49.0664,3635532,26.08,502.76,23.3144
2020-07-24,295.4999,295.4769,73766597,32.6669,32.6627,2804659,49.0181,49.0225,4170984,25.84,502.76,25.5773
2020-07-27,297.6548,297.6226,48292970,32.9925,32.9925,2730181,49.9927,49.9795,3244362,24.74,512.25,25.238
2020-07-28,295.7669,295.7992,57494979,32.7345,32.7599,1906209,49.6854,49.681,2673876,25.44,492,24.3987
2020-07-29,299.4045,299.3677,48454159,33.1362,33.1362,5493255,49.7117,49.7425,4865100,24.1,509.87,24.2316
2020-07-30,298.3363,298.3593,61861714,32.5485,32.5527,4270836,48.9654,48.9654,6373987,24.76,515.98,28.024
2020-07-31,300.6938,300.7168,85210755,31.8551,31.8508,6102053,47.7011,47.7319,8576891,24.46,540.95,26.6625
2020-08-03,302.7842,302.752,53077948,32.4978,32.4935,4921978,48.6757,48.6801,7253311,24.28,505.5,25.7571
2020-08-04,303.9538,303.917,41917893,32.6584,32.6457,3425873,49.2201,49.1981,3442455,23.76,479.09,25.087
2020-08-05,305.8416,305.8002,42866354,32.8191,32.8149,5512684,49.1849,49.1981,4199808,22.99,474.95,23.9421
2020-08-06,307.8861,307.863,43679447,32.8867,32.891,3136825,49.1498,49.163,3791299,22.65,479.63,24.9371
2020-08-07,308.1071,308.084,57308270,32.7007,32.7134,3410968,49.1674,49.1805,3997812,22.21,472.15,24.1977
2020-08-10,309.028,309.005,44282089,32.743,32.7514,5840942,49.4044,49.4176,4970267,22.13,472.15,24.1127
2020-08-11,306.4771,306.5093,69601087,32.9417,32.9417,8154901,49.8083,49.8215,10075250,24.03,457.13,23.3863
2020-08-12,310.7501,310.727,53826128,33.7493,33.7451,5589837,50.8619,50.8751,6361282,22.28,443.22,22.4674
2020-08-13,310.1883,310.2205,41816146,33.5463,33.5506,3159918,50.8004,50.8048,4342310,22.13,428.85,22.691
2020-08-14,310.1975,310.2205,47260390,33.2335,33.2292,1932220,50.7917,50.796,3012726,22.05,428.46,23.8671
2020-08-17,311.1829,311.1507,35480974,33.4533,33.4575,3069160,51.0024,50.998,3063139,21.35,439.81,22.7835
2020-08-18,311.8552,311.8275,38733908,33.4195,33.4237,1676422,51.178,51.1736,4935669,21.51,429.35,23.269
2020-08-19,310.5567,310.5521,68054244,33.3096,33.2884,4710943,50.9058,50.9102,3958945,22.54,425.36,21.9882
2020-08-20,311.5236,311.4914,42207826,33.1151,33.1193,3393257,50.7214,50.7258,3280498,22.72,439.73,24.0354
2020-08-21,312.6287,312.5919,55106628,32.8529,32.8571,3802417,50.5809,50.5941,4038345,22.54,431.53,24.3375
2020-08-24,315.7966,315.8196,48588662,33.4533,33.4575,2222496,51.1428,51.1648,2887410,22.37,423.02,23.1101
2020-08-25,316.9017,316.8787,38463381,33.6224,33.6182,3591872,51.0726,51.0858,3659564,22.03,423.91,23.3594
2020-08-26,320.0788,320.065,50790237,33.8931,33.8973,2460458,51.2131,51.1999,4688187,23.27,431.42,22.0013
2020-08-27,320.7787,320.7465,58034142,33.4195,33.4322,3531225,50.739,50.7302,5595984,24.47,436.09,23.5584
2020-08-28,322.8508,322.8185,48588940,33.7239,33.7239,2089029,51.0111,51.0155,7086518,22.96,482.72,25.1579
2020-08-31,321.6812,321.7226,66099183,33.3096,33.3222,4961463,50.9409,50.919,7878793,26.41,441.92,26.7213
2020-09-01,324.711,324.6788,54999325,33.3349,33.3434,6525000,51.0814,51.1033,9186493,26.12,446.15,27.1192
2020-09-02,329.4076,329.403,69540035,33.9015,33.9057,4675291,51.5906,51.5775,6625142,26.57,451.81,26.6145
2020-09-03,318.0713,318.0943,148011129,33.1489,33.1447,15361245,50.6863,50.6819,8102482,33.6,461.91,29.0121
2020-09-04,315.4743,315.5065,139156281,33.1827,33.1616,11493377,50.9673,50.9629,10314032,30.75,479.28,31.7117
2020-09-07,315.4743,315.5065,139156281,33.1827,33.1616,11493377,50.9673,50.9629,10314032,30.75,478.15,27.922
2020-09-08,306.8546,306.9053,114465322,32.6415,32.6457,5943039,50.5458,50.5414,8898367,31.46,461.48,28.4501
2020-09-09,312.9142,312.882,91462290,33.4449,33.4491,8930313,50.7214,50.7346,7140897,28.81,454.37,25.8888
2020-09-10,307.4809,307.5131,90569548,33.1151,33.0939,8541089,50.7478,50.7346,8637685,29.71,425.06,25.0052
2020-09-11,307.6374,307.6512,84680194,33.3518,33.3561,5241583,51.4062,51.3931,9341222,26.87,396.73,23.7249
2020-09-14,311.6894,311.648,65605686,33.4618,33.466,2796735,51.775,51.7794,5025475,25.85,381.67,22.5682
2020-09-15,313.2641,313.2503,52920862,33.6224,33.6351,3584222,52.0121,51.9989,6432207,25.59,381.81,22.1155
2020-09-16,312.0209,312.0071,82211256,33.4787,33.4829,2159872,52.1964,52.192,9670067,26.04,381.36,21.9927
2020-09-17,309.2766,309.2996,91523339,33.5971,33.5929,3430214,52.2579,52.2447,9852169,26.46,395.28,22.5468
2020-09-18,305.7163,305.7487,105877942,33.2546,33.2546,7380536,52.0296,52.0252,6394585,25.83,392.85,22.6496
2020-09-21,302.3138,302.3601,99450829,32.113,32.113,17354008,51.257,51.2614,10846874,27.78,392.85,29.8809
2020-09-22,305.3927,305.4158,63612107,31.9819,31.9777,5788451,51.415,51.3931,5219039,26.86,392.85,28.1097
2020-09-23,298.3103,298.3335,93112240,31.5084,31.5126,4256149,51.7135,51.7179,9138541,28.58,383.76,27.1669
2020-09-24,299.1055,299.1194,76681332,31.6437,31.6394,5140625,51.5116,51.5072,8748185,28.51,386.82,28.3437
2020-09-25,303.9411,303.9087,71069426,31.5676,31.5718,6132633,51.5906,51.5862,3881184,26.38,382.86,27.8075
2020-09-28,308.9894,308.9986,64584614,32.2272,32.2229,3684511,52.3106,52.293,5889146,26.19,379.89,26.8241
2020-09-29,307.3066,307.3205,51531594,32.2779,32.2737,2679456,52.2667,52.2272,7081939,26.27,370.63,26.9026
2020-09-30,309.6366,309.6412,104081136,32.0665,32.0876,7152787,51.8628,51.8408,6770832,26.37,378.67,26.0598
2020-10-01,311.6245,311.6106,88698745,32.3371,32.3329,6123971,51.8716,51.8672,5656018,26.7,375.18,26.5374
2020-10-02,308.6658,308.6889,89431112,32.261,32.2567,5053108,51.617,51.6126,6336597,27.63,394.79,26.8168
2020-10-05,314.1394,314.0977,45713108,32.9079,32.9079,2885863,52.0384,52.0077,5878326,27.96,372.55,26.2763
2020-10-06,309.6736,309.6874,90128883,32.54,32.5443,4264926,51.9243,51.9199,5925073,29.48,360.87,25.2128
2020-10-07,315.0639,315.0408,56999597,32.8783,32.8656,2351917,52.1964,52.1833,8105539,28.06,356.6,24.9744
2020-10-08,317.8562,317.8054,45242476,33.1743,33.1785,2687483,52.214,52.2008,8888620,26.36,339.07,23.98
2020-10-09,320.6947,320.6716,59528606,33.4449,33.4575,3471682,52.2052,52.192,6078219,25,327.18,22.2369
2020-10-12,325.8539,325.8401,80388533,33.6901,33.6859,1145393,52.3457,52.315,3360557,25.07,314.06,22.2531
2020-10-13,323.7274,323.7505,73255513,33.1912,33.1954,2691854,52.1789,52.1569,3060931,26.07,300.75,22.9397
2020-10-14,321.6933,321.758,57958749,33.1573,33.1616,3332712,52.2579,52.2535,4170744,26.4,299.32,23.2425
2020-10-15,321.2957,321.3003,60357659,32.7937,32.7895,7164818,51.8189,51.8145,3392417,26.97,302.33,26.8422
2020-10-16,321.1015,321.0599,89501868,33.0728,33.0686,7033827,51.7135,51.7267,3942384,27.41,311.99,25.3165
2020-10-19,316.2197,316.2336,68425614,32.9121,32.9037,5278150,51.775,51.7706,4465225,29.18,302.56,26.6186
2020-10-20,317.4864,317.4355,60051880,33.2081,33.2208,3583548,51.7838,51.7706,3793851,29.35,305.52,27.6293
2020-10-21,316.8854,316.8345,63574979,32.7599,32.7641,5427687,52.1877,52.1745,4583329,28.65,306.09,29.4488
2020-10-22,318.6236,318.6467,55399292,32.7768,32.781,3571737,52.0384,52.034,2976786,28.11,313.84,28.9879
2020-10-23,319.7054,319.6823,49143931,33.132,33.1362,2700448,52.0647,52.056,2674796,27.55,302.94,28.157
2020-10-26,313.7973,313.8204,91473002,32.1849,32.1891,5056593,51.5643,51.5599,4322086,32.46,307.87,31.7557
2020-10-27,312.7155,312.7663,65994108,31.6352,31.6479,5728424,51.7487,51.7443,3668422,33.35,306.41,32.7397
2020-10-28,302.0272,302.0503,127094307,30.3668,30.371,7637969,51.0463,51.0507,6890640,40.28,305.67,38.2587
2020-10-29,305.0968,305.1107,90597689,30.4259,30.4302,10482371,51.4326,51.437,6830617,37.59,320.05,37.5504
2020-10-30,301.9162,301.8793,120448685,30.3414,30.3456,9222724,51.1341,51.1385,6006621,38.02,339.4,35.3472
2020-11-02,305.3003,305.3141,86068299,30.8319,30.8276,5792115,51.6696,51.6916,5839742,37.13,323.97,35.233
2020-11-03,310.6906,310.6305,93294192,31.7705,31.7747,5826467,52.7583,52.7496,7270702,35.55,323.97,32.763
2020-11-04,317.6343,317.5788,126959700,32.2525,32.2483,7925891,52.6705,52.6837,8593762,29.57,296.87,28.0023
2020-11-05,323.8291,323.7967,82039749,33.132,33.1278,7875265,53.97,53.9656,11351004,27.58,283.04,26.3725
2020-11-06,323.7551,323.7875,74972973,33.225,33.2208,4661114,54.0139,54.0227,5306063,24.86,287.17,25.6153
2020-11-09,327.8233,327.8002,172304203,34.5907,34.5907,20079945,55.603,55.5986,14533845,25.75,284.72,23.8631
2020-11-10,327.3425,327.3795,85552022,35.1953,35.1996,8034078,55.3923,55.3791,8035289,24.8,293.73,25.0803
2020-11-11,329.7742,329.7234,58649048,35.4237,35.4194,6886169,55.7259,55.7128,8892062,23.45,286.7,23.1256
2020-11-12,326.5751,326.6352,68118563,34.8655,34.8698,7479192,54.8655,54.8611,9942669,25.35,289.8,23.3023
2020-11-13,331.0964,331.0548,62959429,35.4998,35.4913,5627544,55.6469,55.6689,7643366,23.1,294.16,23.1431
2020-11-16,335.2293,335.1137,74541138,35.838,35.8422,6719393,56.4371,56.4415,7385534,22.45,287.38,22.3849
2020-11-17,333.4263,333.4402,66111009,35.8888,35.8845,3769100,56.2176,56.1957,11820343,22.71,289.22,22.2529
2020-11-18,329.4136,329.4275,70591299,35.6943,35.6985,3225162,55.8401,55.8269,5303388,23.84,304.7,20.9029
2020-11-19,330.8005,330.7681,59940947,35.9479,35.9437,2719267,56.2088,56.2132,6893311,23.11,295.15,21.9714
2020-11-20,328.5353,328.5491,70411890,35.8972,35.9014,4354194,56.841,56.8454,8647598,23.7,298.55,21.4393
2020-11-23,330.5046,330.5185,63230608,35.9395,35.931,4799477,56.8761,56.8717,5969295,22.66,298.55,22.4894
2020-11-24,335.8303,335.7887,62415877,36.5061,36.5187,3037484,57.7365,57.7234,7211351,21.64,292.11,21.3674
2020-11-25,335.3125,335.3079,45330890,36.5991,36.6033,4986768,57.3239,57.3019,7452499,21.25,313.85,20.7778
2020-11-26,335.3125,335.3079,45330890,36.5991,36.6033,4986768,57.3239,57.3019,7452499,21.25,303.41,20.2346
2020-11-27,336.2463,336.2232,28514072,36.8655,36.8612,3225784,58.1492,58.1711,5991093,20.84,303.59,20.0788
2020-11-30,334.7578,334.7023,83872709,36.3116,36.3243,6241238,56.5337,56.5293,13251140,20.57,304.47,22.9149
2020-12-01,338.4191,338.3775,74504969,37.1657,37.1614,3071567,57.6926,57.7234,14044657,20.77,305.84,21.3014
2020-12-02,339.1311,339.0987,45927000,37.191,37.1953,3264608,57.5961,57.6005,6771981,21.17,305.63,21.694
2020-12-03,339.0386,339.0247,62881998,37.191,37.1868,2859965,57.7365,57.7322,4483912,21.28,304.09,21.3172
2020-12-04,341.9603,341.9372,50749859,37.5377,37.5251,6929101,57.9999,57.9956,7600614,20.79,289.69,20.8186
2020-12-07,341.2576,341.29,48944269,37.3094,37.3136,2237951,57.1483,57.1263,6846152,21.3,287.65,21.4355
2020-12-08,342.2562,342.2331,42458859,37.4109,37.4067,1318513,57.28,57.2888,4199560,20.68,287.51,20.5353
2020-12-09,339.1866,339.2282,74098312,37.2418,37.2375,2637911,57.6839,57.6883,6702148,22.27,277.39,20.0186
2020-12-10,339.0756,339.0802,57735353,37.3432,37.3348,3747950,57.7804,57.7761,5233257,22.52,275.27,20.6617
2020-12-11,338.678,338.6503,57698614,37.0642,37.0684,5598173,57.9034,57.9253,5319154,23.31,274.53,23.6144
2020-12-14,337.1617,337.1108,69216174,37.144,37.1311,4169323,58.0957,58.0737,4310774,24.72,274.92,22.521
2020-12-15,341.7199,341.6922,64071099,37.6329,37.6458,2774266,58.51,58.5232,5139014,22.89,271.3,21.7301
2020-12-16,342.2562,342.2331,58420517,37.8045,37.8002,2597313,58.5012,58.4527,5776580,22.5,268.64,21.1372
2020-12-17,344.1701,344.1562,64119472,38.1219,38.1305,6116677,58.845,58.8406,7055695,21.93,264.85,20.5099
2020-12-18,342.796,342.7449,136542328,37.9589,37.9203,4330824,58.6775,58.6466,4891316,21.57,263.9,21.6252
2020-12-21,341.5704,341.6493,96386745,37.3584,37.3541,5348081,58.0429,58.0385,9134054,25.16,270.39,27.2641
2020-12-22,340.9947,340.9715,48388462,37.2812,37.2855,4808604,58.0164,57.9944,11219594,24.23,289.36,25.2067
2020-12-23,341.3011,341.2686,46201402,37.7959,37.8002,2302908,58.228,58.2191,4948688,23.31,282.65,23.1531
2020-12-24,342.6289,342.6103,26457853,37.856,37.8602,1626893,58.0164,58.0385,2404038,21.53,276.81,23.1531
2020-12-25,342.6289,342.6103,26457853,37.856,37.8602,1626893,58.0164,58.0385,2404038,21.53,272.06,23.1531
2020-12-28,345.5723,345.5398,39000402,38.1819,38.1776,2568129,58.607,58.6026,4003568,21.7,269.36,21.7054
2020-12-29,344.9131,344.9224,53680451,38.2935,38.2977,2613909,59.3386,59.3474,8066627,23.08,264.18,22.3828
2020-12-30,345.4052,345.3448,49455259,38.302,38.2977,1498121,59.365,59.3871,4780612,22.77,273.73,23.369
2020-12-31,347.1601,347.1369,78520702,37.8131,37.783,2705111,59.5501,59.5193,8523788,22.75,273.73,23.369
2021-01-01,347.1601,347.1369,78520702,37.8131,37.783,2705111,59.5501,59.5193,8523788,22.75,273.73,23.369
2021-01-04,342.4339,342.485,110210810,38.2591,38.2548,4195571,58.845,58.8494,9211838,26.97,284.32,24.8416
2021-01-05,344.7924,344.7738,66426229,38.4822,38.495,2190602,59.3915,59.4091,5756182,25.34,288.24,25.1986
2021-01-06,346.8537,346.8305,107997675,38.9282,38.9497,4334203,60.0966,60.0834,7863469,25.07,293,21.4423
2021-01-07,352.0071,351.9606,68766812,39.0912,39.0955,10395966,59.9732,59.9776,8367159,22.37,290.16,21.0154
2021-01-08,354.0127,353.9988,71677208,39.2885,39.2842,3799323,61.075,61.0794,9557380,21.56,287.65,20.5276
2021-01-11,351.6264,351.6914,51176719,38.6537,38.6494,7109280,60.5021,60.5153,5599334,24.08,287.65,21.9797
2021-01-12,351.7007,351.7517,52547716,38.7395,38.7352,9728893,60.8194,60.8062,5904284,23.33,287.7,21.9516
2021-01-13,352.6478,352.6153,45303619,38.6709,38.6666,2543076,60.9957,60.9913,5874805,22.21,278.98,21.0937
2021-01-14,351.4128,351.4082,49989113,38.8425,38.8553,4433158,61.6303,61.6347,5827576,23.25,284.29,19.6932
2021-01-15,348.8501,348.8361,107159962,38.0876,38.0747,6595301,60.5726,60.5682,6328084,24.34,282.19,22.4344
2021-01-18,348.8501,348.8361,107159962,38.0876,38.0747,6595301,60.5726,60.5682,6328084,24.34,292.54,21.9473
2021-01-19,351.5892,351.566,51233300,38.4307,38.4264,4949060,60.9252,60.9296,6169064,23.24,284.95,21.749
2021-01-20,356.4547,356.4037,61836062,38.6366,38.6409,1745512,61.2337,61.2116,4888002,21.58,290.43,20.2772
2021-01-21,356.7797,356.7472,47955809,38.7653,38.7695,3274694,60.9957,61.0001,4822338,21.32,281.88,19.9362
2021-01-22,355.5169,355.4844,52136931,38.4908,38.495,2258127,61.0309,61.0001,4853221,21.91,281.37,21.317
2021-01-25,356.919,356.9329,70401971,38.1047,38.0919,5471817,61.2689,61.2645,6877250,23.19,269.85,26.0059
2021-01-26,356.3619,356.3944,42665281,38.3621,38.3578,2154931,61.2777,61.2733,4732755,23.02,292.22,23.0994
2021-01-27,347.6522,347.6847,123351078,37.3498,37.3541,6645100,59.938,59.9335,10789108,37.21,286.88,26.7698
2021-01-28,350.6421,350.6143,94198104,37.8388,37.8259,5619128,60.3258,60.3302,5425477,30.21,318.8,25.9287
2021-01-29,343.6224,343.7292,126765121,37.1525,37.1654,5366949,59.0477,59.0169,9213132,33.09,334.9,29.0082
2021-02-01,349.3422,349.5093,75817597,37.6158,37.5943,3637040,59.6647,59.6603,5682829,30.24,318.9,27.3261
2021-02-02,354.282,354.2773,64450662,38.1476,38.1433,2251938,60.1407,60.1187,7269460,25.56,294.45,24.0219
2021-02-03,354.5605,354.5652,52427090,38.2162,38.2291,2349927,60.4933,60.4889,9547564,22.91,283.63,22.7195
2021-02-04,358.5904,358.5672,47142555,38.3278,38.3321,2458492,60.5638,60.5594,4412323,21.77,280.49,21.3727
2021-02-05,360.0017,359.9692,48669773,38.6623,38.6666,1559354,61.0398,61.0353,4109182,20.87,279.74,20.6436
2021-02-08,362.6016,362.6295,38365185,38.851,38.8553,1936729,62.1327,62.1283,6378132,21.24,282.86,20.4375
2021-02-09,362.3602,362.3463,35551059,38.954,38.9583,1408225,62.4677,62.4809,4035009,21.63,283.98,21.1232
2021-02-10,362.2024,362.2163,59154370,38.7567,38.761,2914677,62.3531,62.3443,5203089,21.99,284.55,22.4678
2021-02-11,362.7873,362.8013,42913288,39.0827,39.0698,3054454,62.6792,62.6484,4258115,21.25,284.55,21.2082
2021-02-12,364.5794,364.6305,50593270,39.2542,39.2585,3176379,63.0671,63.0627,3884775,19.97,282.94,20.0616
2021-02-15,364.5794,364.6305,50593270,39.2542,39.2585,3176379,63.0671,63.0627,3884775,19.97,278.83,20.1531
2021-02-16,364.2637,364.3055,50972366,39.4515,39.473,2075807,63.3403,63.3359,5283764,21.46,285,20.9294
2021-02-17,364.3473,364.3891,52806681,39.0827,39.0741,3011448,63.2522,63.2654,7591844,21.5,284.56,21.829
2021-02-18,362.7966,362.8291,59712773,38.9883,38.984,2007315,62.4941,62.4985,5794514,22.49,282.49,22.5234
2021-02-19,362.1559,362.142,83240971,39.177,39.1899,2384803,62.882,62.8952,4486184,22.05,293.97,20.4844
2021-02-22,359.3703,359.44,67414170,39.0655,39.0698,7053004,62.7321,62.7453,6059374,23.45,288.74,21.6934
2021-02-23,359.8068,359.8114,107284127,39.0569,39.0612,3745486,62.5911,62.5867,6817611,23.11,288.74,23.1325
2021-02-24,363.7716,363.7577,72433946,39.4301,39.4301,9793798,62.071,62.0578,7036705,21.34,293.15,21.4258
2021-02-25,355.0062,355.0666,146670499,38.7824,38.7996,6022733,61.0045,61.0089,10938321,28.89,278.84,22.0962
2021-02-26,353.177,353.1352,152701639,38.4135,38.4264,6570446,60.1319,60.1054,19004204,27.95,298.76,26.8632
2021-03-01,361.7381,361.6777,105348798,39.0741,39.0869,3400432,61.1279,61.1411,6603840,23.35,286.92,22.1594
2021-03-02,358.9154,358.9293,79595332,39.1255,39.1384,3058165,60.5285,60.5241,9525973,24.1,281.89,21.8134
2021-03-03,354.1613,354.1938,119940211,38.8253,38.8382,3885081,60.1671,60.1715,10593467,26.67,273.91,21.6956
2021-03-04,349.7786,349.8111,183433020,38.4479,38.435,5595323,59.5942,59.581,11757498,28.57,279.29,22.0916
2021-03-05,356.2133,356.1808,152039624,38.5765,38.5722,4527392,60.079,60.0834,6837325,24.66,278.16,25.0782
2021-03-08,354.4398,354.463,123149245,38.6623,38.6752,4716997,59.4091,59.4135,7405928,25.47,286.18,20.8952
2021-03-09,359.5003,359.44,113633556,39.1942,39.1985,3344082,60.0614,60.057,6701977,24.03,277.97,20.2608
2021-03-10,361.7381,361.6777,109899410,39.563,39.5673,2465578,60.2729,60.2685,6115690,22.56,266.3,19.6671
2021-03-11,365.4058,365.364,86245040,39.9662,39.9619,3083662,59.9732,59.9688,4107281,21.91,259.82,18.8846
2021-03-12,365.8979,365.9304,64653565,39.9319,39.9405,2811022,60.7665,60.7621,6188112,20.69,252.48,18.7087
2021-03-15,368.08,368.1403,73592302,39.829,39.8075,2124834,61.0926,61.0882,6445356,20.03,248.34,18.6234
2021-03-16,367.6157,367.6482,73722506,39.7603,39.7646,2101563,61.2954,61.2998,5251111,19.79,247.07,17.5488
2021-03-17,368.8692,368.8275,97959265,40.1464,40.1592,2332891,61.692,61.6876,5228451,19.23,246.85,17.5706
2021-03-18,363.5023,363.442,115349101,39.6574,39.6531,3631085,61.8595,61.8463,9520604,21.58,238.77,17.4622
2021-03-19,362.8295,362.8528,113624490,39.6317,39.6445,1835053,62.309,62.3046,8822517,20.95,250.31,18.395
2021-03-22,365.7267,365.6662,73778646,39.7346,39.7174,6013343,61.8948,61.8903,4935878,18.88,255.8,17.6826
2021-03-23,362.8482,362.8528,90686552,39.2113,39.2242,4289736,60.9692,60.9648,6458043,20.3,259.55,17.5964
2021-03-24,361.0036,360.9617,97588644,39.1255,39.147,8214845,60.2993,60.3126,9423143,21.2,254.09,17.7712
2021-03-25,363.0345,362.9832,116128622,39.3314,39.3357,3796196,60.9869,60.9825,8219323,19.81,244.56,18.8836
2021-03-26,368.8848,368.8522,114409114,39.8719,39.859,4952486,61.7978,61.8022,4408472,18.86,221.86,17.112
2021-03-29,368.6984,368.6845,108107626,39.726,39.7389,2293665,61.4276,61.4232,9160502,20.74,240.53,18.348
2021-03-30,367.7203,367.7622,76262249,39.8333,39.8333,3492269,60.9781,61.0089,5626800,19.61,232.72,18.4722
2021-03-31,369.2108,369.1409,112734214,39.829,39.8075,6224787,60.3963,60.4007,7248261,19.4,236.2,17.9742
2021-04-01,373.1979,373.1281,99682876,40.4981,40.4723,3291224,60.9428,60.9384,5159986,17.33,229.34,16.8956
2021-04-02,373.1979,373.1281,99682876,40.4981,40.4723,3291224,60.9428,60.9384,5159986,17.33,230.32,16.8956
2021-04-05,378.5545,378.9132,91684764,41.1843,41.1972,3781028,61.6832,61.6788,5171099,17.91,229.36,16.8956
2021-04-06,378.3309,378.2797,62020953,40.764,40.7511,2957499,60.7489,60.7357,4675318,18.12,231.96,17.1057
2021-04-07,378.7688,378.7548,55836280,40.8669,40.8584,1616033,60.9252,60.9296,4644271,17.16,226.52,16.6645
2021-04-08,380.5667,380.5341,57863114,41.0385,41.0299,3420732,60.9869,60.9825,3922164,16.95,222.4,16.1602
2021-04-09,383.3335,383.2916,61104559,41.1157,41.1114,1857826,61.41,61.41,4962216,16.69,214.72,16.1768
2021-04-12,383.4732,383.4499,56704899,40.9441,40.9656,3964835,61.0309,61.0177,2847848,16.91,224.92,17.0514
2021-04-13,384.6097,384.5632,56550988,41.2444,41.2487,2741014,61.4188,61.4276,2916727,16.65,203.87,16.3086
2021-04-14,383.2962,383.3288,61659907,41.2358,41.2315,2084221,61.3042,61.2998,5626974,16.99,198.45,16.1903
2021-04-15,387.4138,387.3718,60229842,41.5189,41.5146,2834261,61.5951,61.6171,6310759,16.57,197.25,15.7081
2021-04-16,388.7087,388.7599,82037278,41.9993,42.0036,3238939,61.6656,61.6524,3184369,16.25,199.52,16.1131
2021-04-19,386.7989,386.8502,78498496,41.9864,41.9864,4550462,61.075,61.0794,11056287,17.29,196.01,17.2101
2021-04-20,383.9669,384.0648,81851828,41.2272,41.2315,5628089,59.7529,59.7484,9035438,18.68,203.13,21.0797
2021-04-21,387.6001,387.6141,66792983,41.6733,41.6947,3358950,60.2641,60.2685,7032126,17.5,215.16,19.2813
2021-04-22,384.0601,384.116,97582788,41.6132,41.6047,4065655,60.3699,60.3655,7019611,18.71,198.74,17.7562
2021-04-23,388.2242,388.2009,73276195,42.0765,42.0679,1703982,60.9075,60.9164,10446756,17.33,201.22,18.1883
2021-04-26,389.0347,389.0673,52182392,42.188,42.1665,4513077,60.6784,60.674,6010876,17.64,196.51,18.2841
2021-04-27,388.9509,388.9229,51303056,42.2051,42.1923,3700088,59.938,59.9247,3852841,17.56,195.71,19.2123
2021-04-28,388.8391,388.7972,51238854,42.3767,42.3638,3909734,59.9203,59.9335,4592340,17.28,194.63,18.377
2021-04-29,391.3171,391.2565,78544329,42.3252,42.3124,2872222,59.9732,59.9776,5639825,17.61,194.63,18.8768
2021-04-30,388.7459,388.7413,85527030,41.6819,41.669,3846432,59.4267,59.4399,6545921,18.61,196.41,20.6309
2021-05-03,389.5843,389.5517,68128289,42.1537,42.1665,2219688,60.1319,60.1451,5433896,18.31,196.41,19.9314
2021-05-04,387.1809,387.2135,101591166,41.3816,41.3688,5185650,59.3738,59.3694,8011862,19.48,196.41,22.8185
2021-05-05,387.302,387.2787,60162209,41.965,41.9692,1676830,60.0878,60.101,10408422,19.15,196.41,19.9042
2021-05-06,390.3948,390.4088,74321368,42.3424,42.351,2863881,60.5726,60.577,12271084,18.39,191.71,20.3775
2021-05-07,393.2361,393.2035,67733790,42.9686,42.9643,3953786,60.8723,60.8679,7396611,16.69,185.76,18.3838
2021-05-10,389.3421,389.3934,81852446,42.5054,42.4925,4445366,60.7489,60.7268,8289311,19.66,178.7,18.5019
2021-05-11,385.8674,385.9279,116887975,42.0164,42.0207,4981274,59.7176,59.722,9958569,21.84,198.49,22.5573
2021-05-12,377.6695,377.7021,134811046,41.5446,41.5575,4413554,57.6727,57.6771,13944635,27.59,200.29,23.9387
2021-05-13,382.2063,382.1876,106393963,41.9907,42.0036,5312931,58.1486,58.1442,9473261,23.13,210.31,23.3498
2021-05-14,388.0752,388.0426,82201629,42.9086,42.9043,6104614,59.0653,59.0433,6792485,18.81,195.37,19.5457
2021-05-17,387.0877,387.111,65129221,42.8228,42.8271,4261233,58.5717,58.5761,4992094,19.72,202.36,21.8052
2021-05-18,383.7527,383.8039,59810238,42.797,42.8013,2620637,59.3121,59.3077,6200914,21.34,190.65,21.3082
2021-05-19,382.7466,382.7699,106467052,42.2738,42.2866,4097318,59.0124,59.0345,7092693,22.18,197.22,24.4802
2021-05-20,386.8641,386.8269,78022218,42.9686,42.9472,3693380,59.5501,59.5457,6274419,20.67,197.44,22.1023
2021-05-21,386.5474,386.5707,76578662,43.0544,43.0501,3741549,59.8763,59.8718,7088945,20.15,193.59,20.3521
2021-05-24,390.488,390.446,51376702,43.3975,43.3932,5627880,60.1407,60.1363,4044386,18.4,193.5,19.2364
2021-05-25,389.6216,389.6356,57451396,43.4919,43.4876,8073883,59.9997,59.9952,3394303,18.84,185.64,19.0816
2021-05-26,390.3948,390.3622,43088618,43.2517,43.2474,6261314,60.1319,60.1363,3114986,17.36,184.11,18.2823
2021-05-27,390.5998,390.5019,56707677,43.3375,43.3332,3660561,60.1759,60.1627,5490850,16.74,182.94,17.8227
2021-05-28,391.2984,391.2845,58520164,43.509,43.5133,3109010,60.4492,60.4316,4776607,16.76,176.55,17.1662
2021-05-31,391.2984,391.2845,58520164,43.509,43.5133,3109010,60.4492,60.4316,4776607,16.76,175.67,19.0981
2021-06-01,390.9538,390.9211,54216625,43.8093,43.7878,6218027,60.0702,60.1098,5513967,17.9,175.07,18.7726
2021-06-02,391.5686,391.6012,49097061,43.8522,43.8479,4886385,60.6255,60.6211,5753300,17.48,173.48,17.8481
2021-06-03,390.1153,390.1573,58138763,43.5476,43.5476,3166925,60.6431,60.6519,4862540,18.04,173.23,18.2446
2021-06-04,393.6833,393.6507,55938789,43.8522,43.8479,2005111,61.3042,61.3439,7333624,16.42,177.82,17.376
2021-06-07,393.3013,393.3386,51555032,44.1267,44.1224,29296165,61.5422,61.529,5774393,16.42,174.67,17.711
2021-06-08,393.3852,393.3712,47134279,44.0666,44.0623,1811449,61.2425,61.2381,6594201,17.07,171.42,17.7247
2021-06-09,392.7983,392.7657,48436342,43.9894,43.9851,4077051,60.8106,60.815,4592982,17.89,172.67,17.2322
2021-06-10,394.6242,394.6009,51020147,43.9665,43.9622,3779288,61.0724,61.068,9687620,16.1,170.16,16.6565
2021-06-11,395.2763,395.2902,45570828,44.1657,44.1527,4649874,61.1612,61.1745,3547622,15.65,162.75,15.1511
2021-06-14,396.1613,396.1845,42358478,44.261,44.2567,3047680,61.1434,61.139,2963625,16.39,156.1,16.0495
2021-06-15,395.4346,395.4486,51508508,44.3043,44.3,1509961,61.4365,61.4365,5175556,17.02,154.45,16.4055
2021-06-16,393.2268,393.2408,80386082,43.8453,43.841,4458470,61.3388,61.3299,5742947,18.15,154.69,16.1772
2021-06-17,393.0964,393.1103,90949659,43.5076,43.4989,6902323,61.1079,61.1124,5887447,17.75,154.53,17.0804
2021-06-18,387.7934,387.8728,118676302,42.6156,42.6286,2911897,59.7139,59.7094,6717928,20.7,153.54,20.7634
2021-06-21,393.345,393.3217,72822028,43.2131,43.2261,1348802,60.3443,60.3487,5464946,17.89,171.21,19.4847
2021-06-22,395.4479,395.3918,57700303,43.2304,43.2434,3082864,60.4153,60.4464,5615969,16.66,156.8,17.5733
2021-06-23,394.9713,394.9759,49445414,42.8494,42.8624,1925379,59.9536,59.9492,4900372,16.32,154.27,18.549
2021-06-24,397.3078,397.2938,45110288,43.395,43.408,1913795,60.4775,60.473,3344692,15.97,156.94,17.3518
2021-06-25,398.7191,398.6677,58129525,43.4686,43.4686,1738806,60.7527,60.7394,3532673,15.62,154.03,16.6823
2021-06-28,399.5229,399.5369,53159581,43.1265,43.1395,1436000,60.5041,60.5263,5012349,15.76,148.76,17.6455
2021-06-29,399.7378,399.7145,35970515,43.1612,43.1742,795917,60.5485,60.5352,4268050,16.02,148.76,16.9495
2021-06-30,400.0743,400.079,64827858,42.7368,42.7325,4823256,59.9714,59.9936,5065702,15.83,145.5,18.1849
2021-07-01,402.2894,402.3314,53441027,42.9014,42.9144,3104887,59.927,59.9225,5091507,15.48,147.58,17.7267
2021-07-02,405.3643,405.3783,57697668,42.9447,42.9577,2243352,60.2999,60.2955,5253747,15.07,143.84,16.5747
2021-07-05,405.3643,405.3783,57697668,42.9447,42.9577,2243352,60.2999,60.2955,5253747,15.07,144.17,16.7545
2021-07-06,404.6259,404.6025,68710419,42.555,42.5377,2632896,60.0779,60.0646,4459067,16.44,142.59,18.1255
2021-07-07,406.0559,406.0232,63549456,42.7801,42.7671,2485000,60.1046,60.1001,5445081,16.2,148.89,17.3168
2021-07-08,402.7473,402.7894,97595232,42.07,42.083,5428526,59.1722,59.1767,6309074,19,152.97,19.9652
2021-07-09,407.0466,407.0139,76238584,42.8754,42.8884,7279348,60.7616,60.7483,6541600,16.18,153.62,17.9506
2021-07-12,408.5046,408.5093,52889585,43.0659,43.0789,5631896,60.9392,60.9525,5931966,16.17,143,17.9521
2021-07-13,407.112,407.1354,52911312,42.7195,42.7238,2476996,60.7439,60.7394,3737014,17.12,140.32,17.9989
2021-07-14,407.7195,407.6961,64130352,42.9187,42.9057,1909909,61.0458,61.0369,3230745,16.33,140.68,17.6841
2021-07-15,406.3269,406.3036,55126358,42.4337,42.4207,3681211,60.2999,60.3043,4064403,17.01,142.6,18.642
2021-07-16,403.1399,403.1913,75874662,42.07,42.0743,1730856,59.6872,59.6739,4813859,18.45,144.03,19.4537
2021-07-19,397.1863,397.1816,147987000,41.1694,41.1867,5520372,58.8348,58.8304,10654008,22.5,144.63,25.4361
2021-07-20,402.8782,402.8548,99608174,41.5764,41.5677,13255968,59.5363,59.5318,6998561,19.73,151.67,24.4923
2021-07-21,406.14,406.1634,64724389,42.3471,42.3688,2757202,59.9625,59.9758,3787594,17.91,148.65,21.5241
2021-07-22,406.9905,407.0326,47878539,42.4684,42.464,3734722,59.927,59.9314,3906909,17.69,148.65,19.9131
2021-07-23,411.1776,411.1356,63766637,42.8754,42.8711,1933190,60.2644,60.2599,4876690,17.2,148.65,17.5527
2021-07-26,412.187,412.1543,43719187,43.0399,43.0356,1376432,60.0513,60.0468,4731907,17.58,144.9,18.5323
2021-07-27,410.3084,410.2944,67397137,42.8234,42.8278,2253872,59.7227,59.7139,5217547,19.36,142.38,21.3563
2021-07-28,410.1402,410.0934,52472360,43.1005,43.0876,2991738,60.0424,60.038,4851247,18.31,150.13,19.4809
2021-07-29,411.8412,411.8646,47435342,43.4383,43.4253,2785129,60.2466,60.2422,4415570,17.7,146.04,19.2556
2021-07-30,409.8411,410.3505,68951202,43.1698,43.1828,2179634,59.5895,59.6029,4993162,18.24,153.1,20.9392
2021-08-02,408.9812,408.9766,58783297,43.3257,43.3214,2388954,60.1667,60.1845,5067775,19.46,148.49,19.8395
2021-08-03,412.3085,412.2758,58053896,43.6028,43.6158,2389085,60.6107,60.624,3739534,18.04,146.74,20.2233
2021-08-04,410.2804,410.6028,46732212,43.6115,43.6072,2278607,59.9891,59.9669,3162699,17.97,146.33,19.2129
2021-08-05,412.8786,412.8833,38969659,43.8107,43.8323,1933811,60.3443,60.3576,2611260,17.28,142.59,18.2492
2021-08-06,413.5609,413.5936,46930008,43.75,43.7284,2189635,60.22,60.2155,2704705,16.15,139.85,17.8883
2021-08-09,413.2244,413.2478,41222585,43.7067,43.7024,2810432,60.1845,60.1978,3586023,16.72,139.85,17.5508
2021-08-10,413.7385,413.7245,43339275,43.75,43.7717,8270368,60.22,60.2155,2298660,16.79,137.19,17.2752
2021-08-11,414.7666,414.7245,44034340,44.0618,44.0488,1369985,60.9659,60.9525,3690586,16.06,132.88,17.038
2021-08-12,416.0096,415.9816,38942418,44.1397,44.1094,2292477,60.7616,60.7572,3580434,15.59,133.26,16.1073
2021-08-13,416.7667,416.748,39470251,44.4342,44.4298,3315048,60.9481,60.9703,2954175,15.45,129.88,15.8002
2021-08-16,417.748,417.7901,73930864,44.1744,44.1701,4395756,60.5308,60.5174,3193222,16.12,134.31,18.0025
2021-08-17,415.0096,415.0236,92673933,43.6981,43.6894,9101357,60.0246,59.9847,4005217,17.91,134.57,18.3901
2021-08-18,410.4673,410.5047,89351931,43.5768,43.5812,2552726,59.7139,59.6961,3620244,21.57,131.2,18.4705
2021-08-19,411.1028,411.0841,92812246,43.1005,43.1049,3271700,59.1456,59.15,6036335,21.67,135.09,22.1296
2021-08-20,414.374,414.3413,72008712,43.2911,43.317,3260650,59.19,59.1944,4945021,18.56,140.14,20.1509
2021-08-23,418.019,418.0097,54973038,43.7327,43.7544,1991171,59.9714,59.9758,4030764,17.15,132.09,17.8943
2021-08-24,418.6826,418.6686,38744714,43.8107,43.815,3698562,60.5041,60.4997,6024302,17.22,128.6,18.0943
2021-08-25,419.5612,419.5285,40529711,43.8453,43.867,1016962,60.3887,60.3843,4446183,16.79,129.53,17.8302
2021-08-26,417.0844,417.0984,57829572,43.6028,43.5985,1924920,60.0779,60.0824,3698718,18.84,129.53,19.0944
2021-08-27,420.8136,420.7528,77235113,44.0358,44.0531,1187583,60.4952,60.4908,4057836,16.39,129.53,17.6003
2021-08-30,422.6641,422.6501,48357355,44.0618,44.0748,916352,60.4153,60.4109,4218836,16.19,123.6,17.498
2021-08-31,422.0379,422.0893,59300213,44.0185,44.0402,1884636,60.735,60.7306,5026650,16.48,119.28,18.7654
2021-09-01,422.2622,422.2762,48721378,44.4515,44.4558,3400878,61.7206,61.725,8814854,16.11,117.44,17.4679
2021-09-02,423.5614,423.5754,42830867,44.6247,44.6117,2203458,62.0047,62.0003,9157910,16.41,118.55,16.9721
2021-09-03,423.4585,423.4352,47234364,44.3476,44.3432,4101155,63.7629,63.754,14319049,16.41,117.13,18.1919
2021-09-06,423.4585,423.4352,47234364,44.3476,44.3432,4101155,63.7629,63.754,14319049,16.41,117.04,17.5551
2021-09-07,421.9445,422.0052,51671534,44.3822,44.3779,2386810,64.4288,64.4244,9022812,18.14,118.91,18.6
2021-09-08,421.4304,421.4725,56181907,43.9406,43.9449,4892126,64.1536,64.158,4429896,17.96,119.77,20.4927
2021-09-09,419.6266,419.6032,57970407,43.8366,43.815,3709073,64.7218,64.7174,8012652,18.8,121.04,19.6412
2021-09-10,416.318,416.3881,89948174,43.6288,43.6331,2785791,64.6508,64.6464,8440829,20.95,119.49,20.357
2021-09-13,417.3835,417.3601,83738649,43.9622,43.9622,3805361,65.5387,65.5432,6507593,19.37,117.26,20.7429
2021-09-14,415.1311,415.1357,78197140,43.841,43.841,3480720,65.1747,65.188,7144074,19.46,118.49,20.4635
2021-09-15,418.5985,418.5751,78792222,43.7847,43.7804,3280124,65.814,65.8096,5571054,18.18,116.52,21.6946
2021-09-16,417.9349,417.9116,77786735,43.7674,43.776,2559777,65.663,65.6586,7030432,18.69,115.68,21.6515
2021-09-17,413.864,413.8875,118425037,43.1092,43.1179,4739757,65.2013,65.1969,8420076,20.81,116.84,23.1662
2021-09-20,406.9632,406.9866,166445534,42.1653,42.1783,5982816,64.2601,64.2645,12322611,25.71,116.84,26.4695
2021-09-21,406.5788,406.621,92526112,42.7022,42.6979,8218702,64.8373,64.8328,8959100,24.36,125.29,25.5096
2021-09-22,410.5449,410.5121,102350143,43.1438,43.1395,3795347,64.3667,64.3977,7810426,20.87,126.98,22.8073
2021-09-23,415.533,415.4908,76395981,43.7241,43.7284,2955733,64.7396,64.7529,5483697,18.63,126.98,20.6244
2021-09-24,416.2175,416.2315,62094837,43.2651,43.2737,3106832,64.5176,64.5309,4931861,17.75,117.97,21.8467
2021-09-27,415.0267,415.0595,61371108,43.2131,43.2521,3412571,64.4643,64.4599,6289281,18.76,117.03,20.8349
2021-09-28,406.6631,406.696,130436306,42.1826,42.2216,4773923,63.0703,63.0481,14174601,23.25,117.57,24.8941
2021-09-29,407.3476,407.3335,82329213,41.9748,41.9877,3782234,63.0348,63.0303,6640705,22.56,121.94,23.9588
2021-09-30,402.3689,402.3923,140505979,41.6717,41.6543,6716790,62.3777,62.391,13469176,23.14,119.54,23.2428
2021-10-01,407.1507,407.0991,129240106,41.8362,41.8405,6125427,62.0935,62.1246,13462825,21.15,123.16,24.0389
2021-10-04,401.9001,401.9516,128569957,41.5504,41.5547,7380781,60.3709,60.3665,13541343,22.96,126.99,25.1857
2021-10-05,406.0818,406.0349,90682520,41.8622,41.8752,5220843,60.7084,60.735,10923787,21.3,132.55,22.2252
2021-10-06,407.7695,407.7836,113032245,41.5504,41.5461,6961389,60.1845,60.1623,13991980,21,135.13,24.3318
2021-10-07,411.295,411.2715,72437499,41.9271,41.9271,4359437,60.5308,60.5352,11401230,19.54,126.7,21.0201
2021-10-08,410.5449,410.5121,74557404,41.8535,41.8405,3510219,60.2555,60.2599,8761199,18.77,121.96,20.2799
2021-10-11,407.5726,407.5398,65233285,41.5504,41.5634,3558315,60.5219,60.5263,4000267,20,117.26,20.1795
2021-10-12,406.5694,406.5834,71181163,41.6284,41.6327,4147579,60.1312,60.1179,4380902,19.85,119.88,20.7442
2021-10-13,408.0321,407.9805,72973979,42.1739,42.1783,4124377,60.0957,60.0912,4315065,18.64,118.85,19.8415
2021-10-14,414.8954,414.8626,70236825,42.7801,42.7758,3214477,60.664,60.6862,5463065,16.86,110.93,16.9918
2021-10-15,418.0552,418.013,66260210,43.0919,43.0789,4592040,61.3033,61.3166,8433235,16.3,108.17,16.3486
2021-10-18,419.2928,419.3257,62213228,42.7801,42.7931,4013173,61.0014,61.0147,5059935,16.31,107.65,17.1324
2021-10-19,422.5276,422.5698,46996827,43.0139,43.0183,2311197,61.3832,61.3965,5058146,15.7,102.24,16.2901
2021-10-20,424.1872,424.1731,49571569,43.1958,43.1958,1593769,61.321,61.3255,5022460,15.49,103.13,15.9796
2021-10-21,425.2936,425.3264,41305438,43.1525,43.1309,2635044,60.2555,60.2599,11931584,15.01,106.5,16.7516
2021-10-22,424.8529,424.867,58845088,43.4296,43.4253,2078724,60.7527,60.7572,8930002,15.43,103.93,16.4007
2021-10-25,427.1313,427.0797,45214507,43.2478,43.2434,1764277,60.7794,60.7927,7417669,15.24,105.59,16.2815
2021-10-26,427.5157,427.5392,56075116,43.4123,43.408,2602172,60.7883,60.7661,7137042,15.98,102.8,16.1505
2021-10-27,425.6218,425.5889,72437997,43.2824,43.2781,2275017,60.3443,60.3487,8080859,16.98,103.91,16.9191
2021-10-28,429.7285,429.6676,51437944,43.8366,43.841,2033013,60.8238,60.846,8331582,16.53,101.78,17.6094
2021-10-29,430.6005,430.5677,70162424,43.5768,43.5725,4587129,60.735,60.7394,6477215,16.26,101.91,17.6164
2021-11-01,431.3412,431.3975,48433642,43.9752,43.9882,4198749,61.6496,61.6629,8685787,16.41,97.67,17.4961
2021-11-02,433.0852,433.0524,48908417,44.0445,44.0315,4841648,61.5785,61.583,6420266,16.03,97.69,16.8576
2021-11-03,435.7293,435.7433,52509825,44.4861,44.4818,4853378,61.9515,61.947,6085746,15.1,97.69,16.4717
2021-11-04,437.7826,437.7592,52847087,44.3909,44.3865,2679773,62.3954,62.391,7481369,15.44,95.09,15.9723
2021-11-05,439.3016,439.2688,66390563,44.5727,44.5771,3491137,62.4753,62.4887,5763294,16.48,95.31,16.4029
2021-11-08,439.6766,439.7094,50405194,44.5208,44.5251,2482342,62.3422,62.3377,5531673,17.22,94.98,17.1981
2021-11-09,438.2233,438.228,51149147,44.4775,44.4818,3231522,61.9515,61.9381,7971147,17.78,95.28,18.062
2021-11-10,434.6979,434.7213,69429653,43.8799,43.8843,1853759,60.9836,60.9881,5739109,18.73,95.75,17.1761
2021-11-11,434.8385,434.8807,34848495,43.9925,44.0055,1678509,61.3388,61.3521,4193469,17.66,95.12,17.0902
2021-11-12,438.1202,438.1061,53466654,44.1311,44.1441,1348989,62.2267,62.1956,13472271,16.29,90.74,16.1449
2021-11-15,438.2702,438.2421,46980500,43.9839,43.9969,1602766,62.1735,62.1779,5411057,16.49,89,16.6495
2021-11-16,440.0048,439.972,48857502,43.9232,43.9362,1611648,62.0491,62.0403,7354228,16.37,86.82,16.7973
2021-11-17,438.9359,438.9125,47858289,43.9665,43.9709,2557438,61.7916,61.7694,4427212,17.11,86.92,16.6822
2021-11-18,440.4267,440.4127,50625607,44.0878,44.1008,3469465,61.9515,61.9381,6788034,17.59,86.81,17.7692
2021-11-19,439.6391,439.6579,57315573,43.3863,43.3993,2648343,62.0758,62.0758,5835869,17.91,87.13,19.1166
2021-11-22,438.4015,438.3499,72761954,42.9793,42.988,4273445,61.7561,61.7694,8232326,19.17,86.91,18.8846
2021-11-23,438.9828,439.0344,73206538,42.8234,42.8451,3898461,61.8272,61.8405,6844692,19.38,86.91,20.6416
2021-11-24,440.1548,440.0845,61858813,42.5117,42.5333,2503399,61.0724,61.0413,7209500,18.58,88.55,20.666
2021-11-25,440.1548,440.0845,61858813,42.5117,42.5333,2503399,61.0724,61.0413,7209500,18.58,86.95,19.8777
2021-11-26,430.338,430.3942,112669636,41.2473,41.2516,5180940,59.4564,59.4786,8587390,28.62,92.14,32.3129
2021-11-29,435.6167,435.6496,86268818,41.4638,41.4595,7207073,59.6251,59.6117,9643643,22.96,101.97,28.8033
2021-11-30,427.1407,427.4267,148559598,41.2213,41.165,9946555,58.897,58.9369,13303651,27.19,101.45,30.0679
2021-12-01,422.3964,422.4151,132485835,41.0308,41.0265,7509484,58.5862,58.5551,14930814,31.12,100.02,26.0164
2021-12-02,428.8659,428.8331,127637758,41.4378,41.4508,8230921,59.4652,59.523,12287307,27.95,102.94,30.469
2021-12-03,425.1342,425.1576,137331647,41.1001,41.0871,10249510,59.8115,59.8071,10887311,30.67,102.73,31.4794
2021-12-06,430.1692,430.1645,98977532,41.5591,41.5634,5361135,59.8471,59.8693,6800279,27.18,103.41,30.041
2021-12-07,439.0672,439.0344,95484688,42.5723,42.5896,5339520,61.2411,61.2678,8187163,21.89,95.29,24.873
2021-12-08,440.2298,440.2533,72238777,42.6069,42.6069,5044830,61.1701,61.179,6407592,19.9,92.64,24.708
2021-12-09,437.2576,437.2341,61272568,42.044,42.057,3311322,60.6728,60.7039,4763338,21.58,90.58,23.516
2021-12-10,441.3737,441.3409,77159757,42.2086,42.1956,4921002,60.7616,60.7217,4865909,18.69,91.34,22.4272
2021-12-13,437.4639,437.506,87724680,41.8137,41.8006,3441650,60.1752,60.1302,6239041,20.31,87.6,23.0184
2021-12-14,434.4541,434.4775,97264128,41.5682,41.5551,5187015,60.1032,60.0943,6904092,21.89,90.84,24.418
2021-12-15,441.2425,441.2284,116899251,42.1469,42.1337,6637641,61.1378,61.1423,9238562,19.29,89.15,24.7416
2021-12-16,437.3513,437.7873,116568626,41.9978,41.9935,8854383,61.2098,61.2053,6476740,20.57,83.26,20.6116
2021-12-17,432.6997,432.7327,135636510,41.3227,41.3183,5055078,60.4631,60.4406,7341444,21.57,86.34,21.9842
2021-12-20,428.0986,428.1034,107134822,41.3929,41.3885,5576738,59.9503,59.9683,5452651,22.87,93.09,26.835
2021-12-21,435.7013,435.6777,69806260,41.954,41.9496,8239327,60.3012,60.3057,4019153,21.01,88.16,22.8332
2021-12-22,440.0577,440.0718,58890223,42.4888,42.4845,5268360,60.4001,60.3776,3036694,18.63,88.3,21.0421
2021-12-23,442.7958,442.777,56439745,42.7519,42.7563,3861786,60.634,60.6385,2963603,17.96,85.58,19.0369
2021-12-24,442.7958,442.777,56439745,42.7519,42.7563,3861786,60.634,60.6385,2963603,17.96,85.4,19.0369
2021-12-27,449.0623,449.0764,56808619,43.1552,43.142,1772504,60.58,60.598,3292597,17.68,85.2,19.6616
2021-12-28,448.6953,448.7189,47274585,43.164,43.142,2961442,60.652,60.67,2728238,17.54,83.59,19.0728
2021-12-29,449.2693,449.2552,54502964,43.199,43.1946,3676407,60.3641,60.3416,3552434,16.95,83.97,20.1834
2021-12-30,448.0273,448.0038,55329041,43.0681,43.0593,2972639,60.1932,60.1797,3363773,17.33,84.17,19.2677
2021-12-31,446.8982,446.8276,65237431,43.0769,43.0901,3993465,60.2382,60.1977,5025560,17.22,84.17,19.2677
2022-01-03,449.4857,449.528,72668233,43.5164,43.5296,4204397,60.3012,60.2877,6385989,16.6,84.17,19.1696
2022-01-04,449.3352,449.2928,71178678,43.6482,43.6702,3991471,61.0928,61.0793,5794534,16.91,79.87,18.6397
2022-01-05,440.7069,440.7116,104538940,43.3406,43.3714,4383818,60.8139,60.8274,8084263,19.73,78.79,17.7553
2022-01-06,440.2929,440.2788,86858900,43.1824,43.2044,4472516,60.3641,60.3686,7467785,19.61,84.39,20.0961
2022-01-07,438.5522,438.5805,85111593,43.3933,43.3801,3393346,59.9773,59.9818,4807673,18.76,84.81,20.6232
2022-01-10,438.0065,438.03,119361989,42.8747,42.8967,6302594,59.8334,59.8379,7531061,19.4,84.81,22.543
2022-01-11,441.996,441.9725,74303062,43.4021,43.4153,5989987,60.3012,60.3416,5911870,18.41,81.11,19.7861
2022-01-12,443.191,443.238,67605444,43.7361,43.7405,6963950,61.1648,61.1783,5399259,17.62,77.62,18.3029
2022-01-13,437.0844,437.0985,91173121,43.3845,43.3977,4678644,60.5531,60.5396,7073397,20.31,76.87,18.4609
2022-01-14,437.2632,437.2208,95890948,43.3933,43.4065,5119916,60.4811,60.4856,5361959,19.19,79.44,21.3963
2022-01-17,437.2632,437.2208,95890948,43.3933,43.4065,5119916,60.4811,60.4856,5361959,19.19,79.17,20.0374
2022-01-18,429.5194,429.543,109872376,42.655,42.677,7410419,59.5275,59.55,8101463,22.79,78.61,21.9614
2022-01-19,425.0595,425.1018,109357569,42.6814,42.677,7619240,58.7898,58.8033,14395204,23.85,85.29,22.3578
2022-01-20,420.3549,420.3972,122379696,42.4616,42.4397,8407725,58.5289,58.5334,6899209,25.59,81.41,20.4033
2022-01-21,412.103,412.136,202271241,41.8288,41.8332,15606643,58.304,58.2905,9964789,28.85,86.45,24.2217
2022-01-24,413.8532,413.8955,252496719,41.2399,41.2575,13782637,58.0521,58.0926,14287063,29.9,86.48,32.6811
2022-01-25,408.8004,408.8145,167997325,40.7741,40.7829,12669269,57.8452,57.8677,8364913,31.16,91.54,31.453
2022-01-26,407.7748,407.8454,186391088,40.9674,40.9543,15403478,57.0446,57.0131,8982456,31.96,91.29,28.3362
2022-01-27,405.7613,405.7942,149878307,40.7653,40.7609,11966017,56.2349,56.2169,7610816,30.49,100.24,28.028
2022-01-28,415.8385,416.1443,164457370,40.9587,40.9631,9850867,56.4508,56.4508,6506000,27.66,91.83,29.4111
2022-01-31,423.3282,423.2106,152251425,41.6442,41.6223,6909109,57.6473,57.6158,6915164,24.83,88.71,27.0084
2022-02-01,426.1886,426.2121,123155382,42.0661,42.0969,5897866,57.6653,57.6428,6751835,21.96,86.28,24.0892
2022-02-02,430.3286,430.2863,117360953,42.2815,42.2815,5206387,58.5469,58.5019,3617257,22.09,81.66,22.6402
2022-02-03,420.2138,420.2655,118024442,41.7145,41.7277,6551774,57.3234,57.3099,5587264,24.35,83.8,24.3287
2022-02-04,422.1897,422.232,118454352,41.7497,41.7409,6633788,57.7732,57.7598,4833336,23.22,82.07,26.3008
2022-02-07,420.8348,420.8065,84472859,41.697,41.7014,5042817,57.8092,57.8182,4655669,22.86,84.67,24.2433
2022-02-08,424.2973,424.2456,81012036,41.9343,41.9299,6713322,58.1421,58.1511,4644510,21.44,81.78,23.1564
2022-02-09,430.5074,430.4651,92589929,42.6814,42.7034,4736746,58.9427,58.9472,3594799,19.96,77.97,21.4117
2022-02-10,422.7731,422.8342,140103712,42.154,42.1496,8448466,58.0071,58.0116,4958506,23.91,77.92,21.8414
2022-02-11,414.4365,414.4742,153214597,40.9323,40.9191,24750682,57.5393,57.5528,11583013,27.36,77.92,24.6637
2022-02-14,413.0816,413.1145,123006262,40.5631,40.5499,9643750,57.5393,57.5528,7318072,28.33,82.71,30.0547
2022-02-15,419.7433,419.7198,88659503,41.6706,41.6662,7102070,58.1781,58.1826,4076146,25.7,86.27,27.055
2022-02-16,420.2138,420.2373,84863585,41.8112,41.8068,3518298,58.1871,58.1916,4671166,24.29,82.01,26.6138
2022-02-17,411.2374,411.2892,102259108,41.1169,41.0905,4562215,57.3324,57.3279,5787218,28.11,82.04,28.7931
2022-02-18,408.5746,408.6075,132642896,40.8444,40.8312,7050246,57.2425,57.229,6155101,27.75,83.11,31.2669
2022-02-21,408.5746,408.6075,132642896,40.8444,40.8312,7050246,57.2425,57.229,6155101,27.75,85.01,36.2245
2022-02-22,404.1899,404.2699,124391830,39.8863,39.8907,8191391,56.7837,56.7792,9463959,28.81,87.78,32.9766
2022-02-23,397.0201,397.0437,132578005,39.4908,39.4776,7571212,56.1989,56.1764,10861269,31.02,87.78,33.4572
2022-02-24,402.995,402.9997,213942946,38.7349,38.7218,8467109,55.8751,55.8616,16191477,30.32,92.23,38.1264
2022-02-25,411.8866,411.8208,121804459,39.8468,39.8468,11347577,57.1705,57.184,11623345,27.59,86.53,32.1184
2022-02-28,410.8328,410.8563,145615029,38.5679,38.5899,7062337,56.6217,56.6262,7837921,30.15,88.55,35.293
2022-03-01,404.5757,404.6086,137785908,37.0474,37.0562,8255669,55.8481,55.8211,8873375,33.32,84.72,41.5796
2022-03-02,412.0184,411.9619,117726525,37.5835,37.5967,7009885,56.037,56.0235,5574552,30.74,88.99,38.7848
2022-03-03,409.9672,409.9907,105501715,36.4585,36.4673,13632826,55.7581,55.7536,6012338,30.48,87.89,40.4507
2022-03-04,406.6363,406.7022,114083256,34.5512,34.5424,21306524,55.0384,55.0339,7232011,31.98,91.91,49.6395
2022-03-07,394.649,394.6914,137896560,33.2152,33.2284,20673459,53.1042,53.0997,9728043,36.45,98.42,48.2373
2022-03-08,391.6569,391.7087,164772744,34.2172,34.2743,21270088,52.3396,52.3441,14054549,35.13,103.04,45.5607
2022-03-09,402.1576,402.1528,116990765,36.6606,36.6914,26085315,53.752,53.8014,7410534,32.45,101.39,41.497
2022-03-10,400.3416,400.3557,93972655,35.6323,35.6279,8443243,53.5271,53.5765,15922863,30.23,95.57,43.3509
2022-03-11,395.2512,395.2653,95636277,35.2543,35.2367,13828863,52.6634,52.6589,5751084,30.75,96.52,41.3743
2022-03-14,392.3626,392.4144,95729188,36.019,36.0234,10891057,52.7354,52.7129,4843720,31.77,95.6,40.6415
2022-03-15,400.9908,400.9579,106219117,36.353,36.3486,19629825,53.599,53.6485,11392298,29.83,96.12,41.1972
2022-03-16,409.8825,409.8684,144954805,38.1109,38.0933,15750721,54.7955,54.872,11191866,26.67,94.32,36.0127
2022-03-17,415.0105,414.9493,102676870,38.1548,38.1636,9798120,55.3083,55.3218,7810531,25.67,89.79,32.017
2022-03-18,419.556,419.5041,106345544,38.2955,38.2735,8692436,56.019,56.0055,8713763,23.87,88.44,29.9048
2022-03-21,419.4333,419.4947,88349763,37.7769,37.7813,7737373,56.001,56.0145,5907508,23.53,88.44,28.3402
2022-03-22,424.3413,424.3271,74650394,38.3482,38.3438,8473539,56.1719,56.1764,7408772,22.94,85.99,27.484
2022-03-23,418.8764,418.9189,79426098,37.4429,37.4649,8804615,55.8391,55.8166,5475459,23.57,84.87,30.7746
2022-03-24,425.1907,425.1152,64736892,37.7154,37.7373,5023368,56.4508,56.4553,3229848,21.67,85.28,31.1577
2022-03-25,427.2672,427.2153,77101324,37.7857,37.7549,4896953,56.4418,56.4463,3381829,20.81,85.1,32.2262
2022-03-28,430.3064,430.2639,68529767,38.0318,38.0274,7738223,55.5962,55.6007,4666737,19.63,85.64,30.5027
2022-03-29,435.6296,435.6815,86581542,39.3502,39.337,7318021,56.6937,56.6982,4713435,18.9,84.27,26.582
2022-03-30,432.9397,432.9538,79666942,38.9635,38.9766,4000603,56.1,56.1135,9556991,19.33,83.14,28.1001
2022-03-31,426.2762,426.2809,121699948,38.0318,38.0362,5066206,55.4253,55.4208,5961532,20.56,83.27,28.9898
2022-04-01,427.4843,427.4465,89048773,38.3746,38.3965,5481253,55.7131,55.7311,5813832,19.63,82.67,28.5011
2022-04-04,431.1464,431.1228,59601000,38.3834,38.4141,3501599,56.1629,56.1674,5171913,18.57,80.09,26.725
2022-04-05,425.7004,425.7806,74214501,37.689,37.6582,10184255,54.6966,54.7101,5356236,21.03,79.42,29.1551
2022-04-06,421.4437,421.4862,106897970,36.9507,36.9727,9637977,53.8779,53.8644,6237632,22.1,80.39,32.238
2022-04-07,423.5673,423.5437,78097214,37.0562,37.0386,7203286,53.689,53.6935,5535095,21.55,81.89,32.5322
2022-04-08,422.4347,422.4772,79272711,37.0386,37.0649,5648977,53.4641,53.4776,4851398,21.16,81.3,30.7314
2022-04-11,415.2143,415.2521,89770538,36.7749,36.7969,4686617,52.6275,52.623,5837791,24.37,82.1,30.2283
2022-04-12,413.6759,413.624,84363635,36.4936,36.5156,5732325,51.9347,51.9392,5750803,24.26,83.61,30.0143
2022-04-13,418.414,418.4706,74070394,36.9595,36.9814,5162408,52.6814,52.6769,5269379,21.82,81.83,28.843
2022-04-14,413.204,413.2748,97869451,36.7749,36.7793,3957377,52.5375,52.542,6082074,22.7,80.14,26.7531
2022-04-15,413.204,413.2748,97869451,36.7749,36.7793,3957377,52.5375,52.542,6082074,22.7,81.42,26.7531
2022-04-18,413.3739,413.3975,66002498,36.7222,36.7178,3711790,51.9078,51.9303,6205655,22.17,82.65,26.7531
2022-04-19,420.0468,420.0043,77821013,36.8979,36.9902,3746460,51.9168,51.9482,5594245,21.37,82.38,27.4395
2022-04-20,419.7353,419.6976,65224449,37.4077,37.4121,5325648,52.4025,52.398,6034674,20.32,81.29,24.9786
2022-04-21,413.4588,413.4305,85417327,37.2232,37.2276,11391322,51.9707,51.9842,10169243,22.68,81.84,24.5398
2022-04-22,402.1138,402.1563,132471772,36.6255,36.6387,5464063,51.1971,51.2016,8183824,28.21,83.77,28.345
2022-04-25,404.4451,404.431,119647748,36.3882,36.3838,7544340,51.5119,51.5344,9450516,27.02,89.24,31.4602
2022-04-26,392.7321,392.7557,103996312,35.1225,35.1269,7881837,50.4234,50.4279,10172489,33.52,88.66,32.7093
2022-04-27,393.8364,393.8222,122029990,35.1664,35.1533,5169504,50.6213,50.6348,11996178,31.6,91.68,32.7446
2022-04-28,403.7844,403.7608,105449088,35.7553,35.7509,5643319,51.5479,51.5524,9540526,29.99,90.07,31.2799
2022-04-29,388.8623,388.9378,145491088,35.2543,35.2367,6034101,50.9362,50.9227,11952175,33.4,90.07,30.7732
2022-05-02,391.203,391.2408,158312526,35.1664,35.1445,6078188,50.9182,50.9227,9722027,32.34,93.59,34.0677
2022-05-03,392.9963,393.0294,100028190,35.4301,35.4433,5219288,51.323,51.3275,7571437,29.25,93.59,31.3834
2022-05-04,404.9642,404.8935,144247895,36.1772,36.1904,6683863,52.2316,52.2631,8781225,25.42,93.59,31.2319
2022-05-05,390.5707,390.6651,172929106,35.0258,35.017,8423477,50.8012,50.8057,13209298,31.2,93.59,32.7671
2022-05-06,388.2394,388.2913,151770811,34.5248,34.5072,6350994,50.9991,50.9857,12736703,30.19,93.68,32.8002
2022-05-09,375.809,375.8892,155586067,33.5668,33.5712,5052070,49.5598,49.5778,9131359,34.75,97.49,35.9089
2022-05-10,376.6773,376.649,132497200,33.9271,33.9491,7083156,49.6317,49.6452,7341430,32.99,99.9,35.0146
2022-05-11,370.6934,370.717,142360992,33.8392,33.8612,6022492,49.092,49.1145,9707496,32.56,97.16,31.1216
2022-05-12,370.3064,370.3583,125090753,33.6634,33.6766,7411427,49.6407,49.6452,8561973,31.77,99.89,32.3963
2022-05-13,379.1596,379.1124,104174421,34.6479,34.661,5286407,50.6663,50.6708,5384732,28.87,98.3,29.1149
2022-05-16,377.6212,377.7675,78622444,34.7182,34.7138,4644590,50.3964,50.4099,3937252,27.47,94.93,28.2178
2022-05-17,385.389,385.3324,83029710,35.6674,35.6894,6666591,50.7652,50.7787,4673156,26.1,91.07,26.2385
2022-05-18,369.8534,369.9147,117674545,34.516,34.5028,5858361,50.2795,50.275,5409556,30.96,88.58,27.6329
2022-05-19,367.5882,367.574,98510715,34.8896,34.8896,4691440,50.7113,50.7068,7807163,29.35,92.27,29.4669
2022-05-20,367.7486,368.7113,131432197,35.0258,35.0214,6611303,51.359,51.3365,9977213,29.43,89.38,28.6575
2022-05-23,374.6292,374.6481,76414878,35.8256,35.8388,4572127,51.8538,51.8763,7226604,28.48,87.31,27.5784
2022-05-24,371.7694,371.8685,91448831,35.7202,35.7334,4639671,51.6559,51.6604,5658553,29.45,89.2,28.6123
2022-05-25,375.0539,375.2285,91472866,35.8081,35.7773,2932252,51.7638,51.7503,2924607,28.37,88.09,27.4222
2022-05-26,382.548,382.5244,82168339,36.397,36.4189,2333228,52.1686,52.1731,3052763,27.5,88.34,25.6642
2022-05-27,391.9392,392.0195,84768710,36.9771,36.9858,2410982,52.4835,52.488,2547860,25.72,85.41,23.8505
2022-05-30,391.9392,392.0195,84768710,36.9771,36.9858,2410982,52.4835,52.488,2547860,26.54,81.22,23.726
2022-05-31,389.7401,389.7637,95936980,36.7837,36.8013,4870966,51.8178,51.8313,4690697,26.19,80.98,25.249
2022-06-01,386.5877,386.6301,86585813,36.2212,36.208,2418201,51.8448,51.8313,4964750,25.69,80.06,25.4388
2022-06-02,393.9496,393.926,79609633,37.1265,37.1309,2813103,52.3756,52.3801,3078130,24.72,80.13,23.3885
2022-06-03,387.4843,387.5409,71874281,36.6606,36.6387,2307455,51.287,51.3005,3138375,24.79,79.53,23.3949
2022-06-06,388.6641,388.6311,57508858,36.9067,36.8936,2493113,51.5659,51.5524,3561744,25.07,77.92,22.97
2022-06-07,392.3923,392.3498,59272373,36.9287,36.9287,3405735,51.7278,51.7233,2300554,24.02,77.23,23.5931
2022-06-08,388.1261,388.1875,64349966,36.4145,36.4189,2728727,51.0531,51.0396,3007454,23.96,77.96,23.1306
2022-06-09,378.8954,378.9284,86289796,35.4326,35.4191,3453029,50.686,50.6679,3797753,26.09,78.28,23.9731
2022-06-10,367.9091,367.9232,132893864,34.3357,34.3222,3614124,49.7686,49.7459,12990570,27.75,79.86,27.6629
2022-06-13,353.9402,353.9638,170004861,33.068,33.0725,6211751,48.3788,48.4061,6839066,34.02,82.89,31.8085
2022-06-14,352.8737,352.8312,104011831,32.7084,32.7129,5240613,48.0518,48.0745,5853991,32.69,86.14,31.5667
2022-06-15,357.9043,357.843,125666797,33.5535,33.549,5371367,48.5877,48.5832,12453180,29.62,86.5,30.0721
2022-06-16,346.0591,346.3234,134473288,32.5735,32.578,7090130,47.8156,47.8293,6355188,32.95,84.11,32.5946
2022-06-17,346.8051,346.7909,111113904,32.7084,32.7039,4686505,47.2888,47.2843,6988508,31.13,87.72,30.893
2022-06-20,346.8051,346.7909,111113904,32.7084,32.7039,4686505,47.2888,47.2843,6988508,31.03,88.55,28.5896
2022-06-21,355.5354,355.5212,76811861,33.1669,33.1534,2879263,47.7793,47.7748,4359818,30.19,83.97,28.1129
2022-06-22,354.8909,354.8672,90059424,32.9152,32.9107,3001793,47.5431,47.5204,4038724,28.95,84.15,28.6815
2022-06-23,358.3697,358.4313,79292135,32.7174,32.7039,3755810,47.8338,47.8293,4152157,29.05,85.23,29.209
2022-06-24,369.7637,369.7305,98050333,33.7873,33.8008,2587376,48.7785,48.8058,5458608,27.23,85.24,27.7689
2022-06-27,368.3513,368.4224,66009617,33.612,33.612,2621960,48.3516,48.347,4542834,26.95,81,27.0179
2022-06-28,360.8248,360.9101,86689824,33.2928,33.2973,2523601,48.2789,48.2562,4698857,28.36,78.55,26.6834
2022-06-29,360.531,360.5547,65675999,32.9242,32.9107,4563010,48.0609,48.0836,3677727,28.16,80.69,28.1127
2022-06-30,357.6019,357.6351,112508273,32.6814,32.7039,3802407,47.9882,48.0109,6955691,28.71,82.02,29.7804
2022-07-01,361.3841,361.3509,74839729,32.7533,32.7578,3222405,48.1881,48.2108,5005262,26.7,85.12,28.7616
2022-07-04,361.3841,361.3509,74839729,32.7533,32.7578,3222405,48.1881,48.2108,5005262,27.53,83.28,28.3185
2022-07-05,362.0666,362.0619,81437965,31.5935,31.607,8111548,47.8792,47.9019,5572022,27.54,81.64,31.604
2022-07-06,363.2894,363.351,70426244,31.5306,31.5261,10881080,47.8702,47.8565,4402455,26.73,83.99,30.108
2022-07-07,368.7305,368.6831,64525919,32.0521,32.0386,4208431,48.5514,48.5469,4022105,26.08,81.5,28.317
2022-07-08,368.4271,368.4413,72397765,32.142,32.151,3026502,48.7967,48.8194,3224741,24.64,80.5,27.5514
2022-07-11,364.2184,364.28,58366945,31.4856,31.4991,3178104,48.1336,48.1472,2243887,26.17,78.63,28.8668
2022-07-12,360.9954,361.0476,62219178,31.4137,31.4182,3491129,48.1517,48.1472,3077067,27.29,80.58,29.2615
2022-07-13,359.0996,359.1328,84224649,31.4946,31.4901,3365373,47.8974,47.8929,2901867,26.82,80.58,29.8522
2022-07-14,358.2275,358.2797,89704819,30.9642,30.9597,4072066,47.4251,47.4296,4250690,26.4,78.87,31.8165
2022-07-15,365.0715,365.0383,79060383,31.652,31.652,2300259,47.9247,47.9383,5483089,24.23,79.4,28.8183
2022-07-18,362.0571,362.0903,63203626,31.8677,31.8677,3194193,48.0155,48.02,3237184,25.3,79.4,29.0637
2022-07-19,371.8396,371.8159,78505972,33.104,33.1354,4690505,48.7058,48.6922,3139269,24.5,78.3,26.7194
2022-07-20,374.2094,374.2331,71843769,32.6724,32.6679,3398245,48.9148,48.9102,3041273,23.88,76.99,27.4017
2022-07-21,378.02,378.0437,64903856,33.113,33.0995,2959577,49.5324,49.537,3068363,23.11,76.81,25.5535
2022-07-22,374.5128,374.5554,72197332,32.9152,32.9287,2416995,49.6869,49.6823,4480382,23.03,76.2,24.0588
2022-07-25,374.9678,374.9441,53631485,33.2119,33.2254,2472587,49.6778,49.6732,2552799,23.36,76.89,24.5311
2022-07-26,370.5315,370.5552,52946393,32.5016,32.4881,2999055,49.1328,49.1191,3191764,24.69,75.27,25.5671
2022-07-27,380.1529,380.1149,82342106,33.4187,33.4052,3448498,50.1229,50.1365,3818525,23.24,75.09,24.0433
2022-07-28,384.9209,384.8593,73966563,33.6524,33.6569,2341537,50.5316,50.5362,3916106,22.33,73.92,22.5542
2022-07-29,390.5326,390.5894,87003672,34.3087,34.3042,3372072,51.004,51.0267,4488609,21.33,73.75,22.3049
2022-08-01,389.3761,389.3145,69997471,34.2188,34.2233,1956318,51.658,51.6989,5002968,22.84,73.06,22.9625
2022-08-02,386.8072,386.8594,63435418,33.6614,33.6389,2583844,50.677,50.6633,4891867,23.93,74.4,23.7725
2022-08-03,392.8644,392.8218,67820555,34.2008,34.1964,2716106,50.568,50.5907,2552179,21.95,73.68,22.3417
2022-08-04,392.599,392.5943,45656574,34.4975,34.511,1964391,50.5498,50.5362,2513504,21.44,71.11,22.4519
2022-08-05,391.9355,391.907,56814929,34.2008,34.2143,1762465,50.2409,50.2364,3092298,21.15,72.32,22.8536
2022-08-08,391.4805,391.5231,54025965,34.2818,34.2863,2517172,50.2228,50.2001,4977510,21.29,70.9,22.0847
2022-08-09,389.9259,389.9117,44931772,34.102,34.0885,1935186,49.7232,49.7186,3482892,21.77,71.76,23.284
2022-08-10,398.1159,398.0638,68665712,34.8302,34.8167,1998886,51.1493,51.1448,4594160,19.74,73.14,21.7894
2022-08-11,398.1159,398.1301,59489704,34.8122,34.8167,2273964,51.1311,51.1448,3955576,20.2,73.14,21.6517
2022-08-12,404.8556,404.8082,61694542,35.0999,35.1044,3175030,51.8033,51.7897,3663134,19.53,72.81,21.2132
2022-08-15,406.5239,406.5287,54048280,34.7403,34.7448,1356414,52.0122,51.9986,2352575,19.95,73.12,21.5858
2022-08-16,407.3202,407.287,59289039,34.8392,34.8437,1617238,51.767,51.7624,2498642,19.69,74.72,21.3365
2022-08-17,404.429,404.4433,63563394,34.4346,34.4391,3161926,51.6035,51.6171,4082018,19.9,72.41,22.7453
2022-08-18,405.6045,405.5523,49023206,34.2008,34.2143,1585223,51.4218,51.4173,2159727,19.56,72.39,22.667
2022-08-19,400.1539,400.1587,68016902,33.6434,33.6389,2607222,50.5316,50.5498,2351249,20.6,71.75,24.5809
2022-08-22,391.8217,391.926,77695640,32.6275,32.614,3302106,50.0139,50.0093,2795622,23.8,72.4,27.3682
2022-08-23,390.8738,390.8549,49105249,32.6634,32.6679,4213107,50.1319,50.1183,3634982,24.11,72.35,26.9246
2022-08-24,392.1251,392.0824,49177804,32.7713,32.7848,2504713,50.1138,50.1092,2006755,22.82,73.2,25.4513
2022-08-25,397.6609,397.6562,50942252,33.122,33.1175,2441010,50.686,50.6815,3034285,21.78,71.84,24.719
2022-08-26,384.2005,384.2052,103086976,31.9981,31.9846,3485066,49.4507,49.4643,4462716,25.56,71.35,26.6601
2022-08-29,381.6601,381.6553,65370810,32.106,32.1015,2974309,48.9511,48.9738,3589280,26.21,73.64,28.4642
2022-08-30,377.4703,377.4371,85652443,32.0071,31.9936,2826361,48.8966,48.9011,4059729,26.21,71.88,28.3703
2022-08-31,374.5981,374.5412,76029671,31.7644,31.7509,2847674,48.6786,48.6831,5129208,25.87,71.14,27.9451
2022-09-01,375.7735,375.7498,78740084,31.2878,31.2923,4496137,48.0972,48.1018,6209674,25.56,72.78,29.1451
2022-09-02,371.8112,371.8349,99632149,30.9822,30.9956,6064729,47.5704,47.5931,5161404,25.47,71.43,25.5031
2022-09-05,371.8112,371.8349,99632149,30.9822,30.9956,6064729,47.5704,47.5931,5161404,25.99,71.06,27.7853
2022-09-06,370.4083,370.4414,76637400,31.0721,31.0766,4034207,46.8255,46.8483,5610115,26.91,70.73,27.3521
2022-09-07,377.0627,377.0579,70964232,31.7374,31.7509,2394944,46.7529,46.7756,4663297,24.64,72.63,27.1301
2022-09-08,379.5272,379.5509,80821681,31.5845,31.58,6273601,47.3161,47.3115,4333947,23.61,70.51,25.9173
2022-09-09,385.4233,385.3806,76706918,32.4566,32.4701,4206657,48.2062,48.1926,5370115,22.79,70.16,24.8838
2022-09-12,389.5657,389.5325,69256262,33.2119,33.2164,4303383,48.2244,48.238,6672632,23.87,67.43,24.6249
2022-09-13,372.6264,372.6785,122947081,31.9352,31.9217,4594092,46.6348,46.6575,10922401,27.27,66.88,26.041
2022-09-14,374.0483,374.0625,85023747,32.079,32.0745,2691892,47.307,47.3024,5156220,26.16,72.14,26.2438
2022-09-15,369.8016,369.8158,87633840,31.7554,31.7599,2814983,46.9345,46.9573,3567205,26.27,71.68,25.3479
2022-09-16,366.9808,367.0617,103084819,31.5396,31.5351,3217813,46.8982,46.8755,3814545,26.3,72.17,26.4308
2022-09-19,369.8267,369.8124,73278490,31.6834,31.6789,3326181,47.0526,47.0753,3877641,25.76,72.17,26.1867
2022-09-20,365.5816,365.653,77274882,30.9102,30.9057,3721724,46.5621,46.5757,4299584,27.16,71.5,27.1557
2022-09-21,359.2045,359.2092,106746554,30.4427,30.4247,4614657,46.0262,46.0217,5299849,27.99,73.52,27.2697
2022-09-22,356.1872,356.192,89472641,30.2989,30.2944,3233560,46.3895,46.385,5896206,27.35,73.32,27.9968
2022-09-23,350.2194,350.1861,122346933,29.1301,29.1256,4543154,45.4539,45.4676,5641135,29.92,73.32,29.9959
2022-09-26,346.7548,346.7595,92581244,28.7435,28.73,4161213,44.7182,44.7136,4535647,32.26,77.5,30.7535
2022-09-27,345.8696,345.8839,108294074,28.5097,28.5052,5934903,44.3457,44.3594,5212925,32.6,77.01,31.3224
2022-09-28,352.675,352.637,110802217,29.2379,29.2424,4110951,45.1814,45.1951,6345387,30.18,80.74,31.3435
2022-09-29,345.308,345.3413,112952315,28.7794,28.7749,5748059,44.7454,44.7681,4598969,31.84,77.41,33.0733
2022-09-30,339.9683,339.9826,153711243,28.7524,28.748,3966450,44.373,44.3594,6318412,31.62,81.06,30.7092
2022-10-03,348.9439,348.9392,89756479,29.4268,29.4492,4086769,45.1723,45.1678,5328738,30.1,82.13,30.7147
2022-10-04,359.7565,359.7232,103602775,31.0181,31.0316,4626856,46.6166,46.6212,5520769,29.07,78.3,29.2679
2022-10-05,358.9189,358.9856,88065669,30.5776,30.5821,4016976,46.1261,46.1216,4109960,28.55,78.12,29.8599
2022-10-06,355.2164,355.2307,82333543,29.9033,29.9168,3221858,45.7083,45.7128,4414007,30.52,74.97,29.1714
2022-10-07,345.308,345.3223,107789498,29.211,29.1975,2867201,45.245,45.2405,4116808,31.36,75.19,29.9234
2022-10-10,342.6715,342.7238,76042765,29.1031,29.0986,2495173,45.0633,45.0497,3597653,32.45,75.19,31.8717
2022-10-11,340.5014,340.5061,92482785,28.7345,28.721,3691755,44.6001,44.6046,3240515,33.63,80.97,32.0131
2022-10-12,339.3782,339.3639,76991799,28.6446,28.6401,2620535,44.2731,44.3049,3881686,33.57,81.14,31.8224
2022-10-13,348.3348,348.3205,147254518,29.4852,29.4852,5327710,44.6637,44.6591,6222540,31.94,79.47,30.2048
2022-10-14,340.3967,340.4395,123737013,29.0851,29.0941,4111532,44.0187,44.0414,6519889,32.02,76.62,29.766
2022-10-17,349.1438,349.1295,93168231,30.128,30.119,8912068,44.4638,44.4684,3169718,31.37,77.51,29.2711
2022-10-18,353.2461,353.2461,97162850,30.5506,30.5596,5225803,44.3094,44.323,4612092,30.5,75.55,28.9165
2022-10-19,350.7429,350.8047,79746863,30.1011,30.0966,3217882,44.0369,44.0505,3546838,30.76,74.85,28.302
2022-10-20,347.8018,347.8303,88283087,30.1101,30.1056,3519900,44.0006,43.996,3781657,29.98,75.07,27.7451
2022-10-21,356.2539,356.2491,131038379,30.7124,30.7034,4597622,44.7727,44.7954,12892222,29.69,76.12,27.8325
2022-10-24,360.6132,360.5894,85436907,30.9911,30.9867,3493220,44.482,44.4684,5453231,29.85,77.63,28.6794
2022-10-25,366.3716,366.3193,78846348,31.7644,31.7733,3970760,45.4994,45.4948,3839147,28.46,74.99,27.6175
2022-10-26,363.6114,363.6685,104087348,32.088,32.097,3298195,45.7628,45.7401,3891620,27.28,75.37,26.9479
2022-10-27,361.6697,361.6554,81971756,31.7509,31.7509,2507966,45.1905,45.2132,4126727,27.39,75.07,25.8725
2022-10-28,370.2741,370.2217,100301958,32.124,32.1105,2053682,45.6719,45.6492,3756410,25.75,75.45,24.8904
2022-10-31,367.5995,367.6042,96631258,31.6565,31.6789,2071592,45.4085,45.404,4453599,25.88,72.78,24.8305
2022-11-01,365.9909,365.9957,85407598,31.9262,31.9127,1970288,45.7537,45.7673,5872367,25.81,72.68,24.4661
2022-11-02,356.8059,356.8107,126990356,31.18,31.171,2491858,45.4539,45.4403,5510923,25.86,73.15,24.7005
2022-11-03,353.1319,353.1367,87100115,30.8653,30.8608,2311724,45.3268,45.3222,3569374,25.3,73.15,23.7706
2022-11-04,358.2146,358.2098,103505182,32.4746,32.4881,4769741,46.2079,46.2215,4596184,24.55,72.86,22.9051
2022-11-07,361.6411,361.6364,68286947,32.7084,32.7219,3254116,46.4713,46.4577,2903980,24.35,70.81,22.6633
2022-11-08,363.5923,363.5685,84641062,33.113,33.0995,4513275,47.1435,47.1298,4415129,25.54,69.94,22.6103
2022-11-09,356.1016,356.1254,78495470,32.7084,32.6994,3206889,46.3441,46.3305,3874956,26.09,71.27,23.2437
2022-11-10,375.6708,375.6232,141455847,34.6324,34.6459,5365192,48.9329,48.9556,6381855,23.53,71.27,21.3193
2022-11-11,379.3068,379.2925,93839872,35.5135,35.509,4181937,49.9049,49.8867,6372575,22.52,68.37,20.7775
2022-11-14,376.0801,376.142,71893165,35.1719,35.1853,3892216,49.2236,49.2372,3736341,23.73,67.67,20.9416
2022-11-15,379.2877,379.3401,93194452,35.3876,35.3741,7895675,49.5506,49.537,3360317,24.54,68.55,20.8552
2022-11-16,376.3942,376.4608,68508454,35.3876,35.3741,4265815,49.378,49.3916,3336996,24.11,69.87,21.1699
2022-11-17,375.2425,375.2758,74496255,35.4146,35.4101,4379861,49.2872,49.2826,2996653,23.93,71.11,21.8159
2022-11-18,376.9463,376.9986,92922451,35.5225,35.518,2478683,49.269,49.2826,1908272,23.12,61,20.8843
2022-11-21,375.5757,375.5709,51243189,35.1853,35.1853,2402525,48.8693,48.883,1972240,22.36,70.11,21.1749
2022-11-22,380.6298,380.5965,60429025,35.6484,35.6349,1480376,49.9139,49.9003,2729617,21.29,67.1,20.2196
2022-11-23,383.0283,382.995,68261628,35.9451,35.9406,3495627,50.4862,50.4862,3675182,20.35,67.1,19.5057
2022-11-24,383.0283,382.995,68261628,35.9451,35.9406,3495627,50.4862,50.4862,3675182,20.42,66.51,19.563
2022-11-25,382.9427,382.8713,30545434,36.1429,36.1563,971651,50.8314,50.8178,1951030,20.5,66.41,19.9294
2022-11-28,376.832,376.8416,68021749,35.5674,35.554,1984915,50.4408,50.4362,2778948,22.21,66.49,21.523
2022-11-29,376.1848,376.2086,52310039,35.6753,35.6708,2543551,50.1319,50.1183,2403836,21.89,67.47,21.7003
2022-11-30,388.0349,387.8207,144566653,36.4485,36.453,3619426,50.686,50.6906,7965549,20.58,66.87,21.2104
2022-12-01,387.7493,387.7446,76398170,36.7632,36.7497,3260557,51.0312,51.0085,4397602,19.84,66.51,20.3191
2022-12-02,387.302,387.2591,85342731,36.7722,36.7767,5569908,50.8041,50.8087,10397867,19.06,68.23,19.3283
2022-12-05,380.3347,380.3585,77289815,36.3496,36.3451,4426420,49.7414,49.7459,5890522,20.75,67.09,19.8221
2022-12-06,374.8523,375.0902,77972217,36.1249,36.1384,2166100,49.5869,49.5824,4416114,22.17,66.33,20.81
2022-12-07,374.2146,374.2003,65927896,36.2148,36.2103,3127431,49.7323,49.7368,3521811,22.68,66.71,22.0266
2022-12-08,377.1461,377.1223,60737912,36.3227,36.3182,2097987,50.0411,50.0366,2374473,22.29,66.87,21.7925
2022-12-09,374.3288,374.3335,81447733,36.2597,36.2507,1657160,50.1955,50.2046,2386692,22.83,66.61,21.3964
2022-12-12,379.7256,379.6922,75405835,36.4306,36.444,1980561,50.1864,50.2092,3164302,25,65.81,22.538
2022-12-13,382.6,382.5857,123782534,37.0129,36.9903,3129741,50.9095,50.8959,6082700,22.55,65.99,20.3898
2022-12-14,380.1539,380.1586,108111349,36.9858,36.9722,2920329,50.864,50.8504,5829202,21.14,64.59,20.34
2022-12-15,370.8547,370.8689,117705889,35.8932,35.8887,4162276,49.6259,49.6486,4615160,22.83,64.24,20.8424
2022-12-16,366.4767,366.5006,119857952,35.4688,35.4778,3912213,49.6623,49.6395,3742123,22.62,64.75,21.3153
2022-12-19,363.3691,363.3356,79878103,35.4688,35.4462,2063703,49.3437,49.3664,3185363,22.42,65.27,20.6049
2022-12-20,363.8663,363.8424,74427240,35.5501,35.5365,1769888,50.0447,50.0583,6279339,21.48,67.34,20.6949
2022-12-21,369.307,369.3022,78167369,36.0286,36.0331,3841043,49.9718,49.9764,4500686,20.07,65.76,19.0621
2022-12-22,364.0384,364.0719,100120855,35.6765,35.672,2636079,49.8262,49.8398,3898645,21.97,65.62,19.962
2022-12-23,366.1324,366.1181,59857329,35.7126,35.7216,2245918,49.8626,49.8671,2062851,20.87,66.24,20.0403
2022-12-26,366.1324,366.1181,59857329,35.7126,35.7216,2245918,49.8626,49.8671,2062851,20.87,65.29,20.0403
2022-12-27,364.6886,364.6838,51638180,35.8029,35.7984,2961996,49.635,49.6395,1957297,21.65,64.93,20.6586
2022-12-28,360.1563,360.1706,70911520,35.4236,35.4101,2170792,49.0432,49.066,2674663,22.14,66.03,20.5078
2022-12-29,366.6392,366.5866,66970877,36.0918,36.0873,1682018,49.9536,49.9491,2845751,21.44,66.48,19.9315
2022-12-30,365.6735,365.6783,84022205,35.6449,35.6449,2940154,49.5621,49.5576,4266153,21.67,65.87,20.8862
2023-01-02,365.6735,365.6783,84022205,35.6449,35.6449,2940154,49.5621,49.5576,4266153,21.67,65.87,20.7701
2023-01-03,364.134,364.1484,74850731,36.128,36.1325,4105267,49.7989,49.7943,4802748,22.9,65.87,20.2765
2023-01-04,366.9452,366.9213,85934098,37.0941,37.0896,3612905,49.3072,49.3027,7988000,22.01,64.57,19.4454
2023-01-05,362.7571,362.7715,76970456,36.76,36.7465,1569937,48.6426,48.629,3930836,22.46,64.19,19.5317
2023-01-06,371.0759,371.0329,104189603,37.7985,37.7939,2462406,49.8626,49.8489,4643211,21.13,61.47,18.4877
2023-01-09,370.8656,370.8703,73978071,38.1777,38.1732,4772536,49.9718,49.9673,3307087,21.97,61.47,18.9985
2023-01-10,373.4664,373.5094,65358094,38.4847,38.4802,2382219,49.8535,49.8671,2293263,20.58,59.1,19.2537
2023-01-11,378.1899,378.166,68881080,38.9001,38.8956,2479870,50.2541,50.2677,4146409,21.09,58.49,19.34
2023-01-12,379.5668,379.5477,90157699,39.469,39.4825,5700264,51.4649,51.4603,4269626,18.83,59.23,17.9438
2023-01-13,381.0393,381.0154,63903932,39.6586,39.6541,4866817,51.6834,51.6879,5024156,18.35,58.86,17.3437
2023-01-16,381.0393,381.0154,63903932,39.6586,39.6541,4866817,51.6834,51.6879,5024156,19.49,59.72,18.3479
2023-01-17,380.3413,380.3366,62677281,39.5863,39.5773,1884030,52.175,52.1704,8498485,19.36,59.11,18.6197
2023-01-18,374.3365,374.3795,99632262,39.3606,39.3741,1792564,52.1022,52.1067,4175724,20.34,57.21,18.1208
2023-01-19,371.6114,371.6592,86958919,39.1168,39.1033,5432700,52.0749,52.0612,5455266,20.52,57.8,20.2982
2023-01-20,378.5341,378.4816,91806356,39.5051,39.5051,1844091,52.6666,52.6621,4456759,19.85,57.12,18.6836
2023-01-23,383.076,383.0426,84178797,39.776,39.7624,3338825,52.5209,52.5255,4207549,19.81,5712,18.1635
2023-01-24,382.6649,382.6362,59524911,39.785,39.7805,4020620,52.876,52.8623,3058173,19.2,5767.94,18.0648
2023-01-25,382.8083,382.8226,84800251,39.9927,39.9972,1787578,53.5133,53.5087,2967644,19.08,5737.74,18.4243
2023-01-26,387.0155,386.9629,72287425,40.1101,40.1236,2468169,53.404,53.4086,2231014,18.73,5726.43,18.1732
2023-01-27,387.9048,387.9191,68346180,39.9656,39.9566,1976587,53.5497,53.5451,3369751,18.51,5663.17,17.2871
2023-01-30,383.0378,383.0808,74202018,39.6676,39.6586,1556204,53.2311,53.2447,3389112,19.94,5717.32,18.7467
2023-01-31,388.6697,388.6458,86811786,40.0378,40.0423,4093344,53.4131,53.4177,3092009,19.4,5801.4,18.5683
2023-02-01,392.8004,392.7956,101459155,40.6248,40.6383,2679716,53.5952,53.5907,5407816,17.87,5707.71,18.6992
2023-02-02,398.5184,398.5184,101654463,40.8595,40.846,6852182,53.4678,53.4814,5095614,18.73,5551.99,16.6712
2023-02-03,394.2825,394.2873,94736781,40.3719,40.3629,4071999,52.8578,52.8578,4618642,18.33,5540.78,16.7598
2023-02-06,391.8729,391.9542,60295325,39.8482,39.8618,1997268,52.3753,52.3616,2711403,19.43,5481.19,18.6439
2023-02-07,396.9981,396.9933,90990745,40.0739,40.0694,3198354,53.14,53.1355,4250197,18.66,5464.13,18.7636
2023-02-08,392.657,392.6809,76227462,39.8211,39.8166,1743614,52.5574,52.5437,3460635,19.63,5464.13,18.7222
2023-02-09,389.253,389.3103,78694859,39.9746,39.9701,7817374,52.612,52.6211,3748018,20.71,5435.37,18.1667
2023-02-10,390.1613,390.147,70769715,39.5502,39.5547,2139470,52.9124,52.9306,2958988,20.53,5505.06,20.4681
2023-02-13,394.7415,394.7367,64913539,40.083,40.0785,2061508,52.8851,52.8714,4087583,20.34,5515.95,19.7867
2023-02-14,394.5598,394.5837,88389313,40.2997,40.2952,2783029,52.6211,52.6074,4342179,18.91,5398.52,18.8976
2023-02-15,395.8411,395.8554,61685279,40.39,40.3945,1453854,52.1022,52.1067,3486123,18.23,5278.59,17.6154
2023-02-16,390.3908,390.453,76431469,40.2636,40.2591,1727363,51.9292,51.9246,3376675,20.17,5208.89,18.0518
2023-02-17,389.4155,389.4012,89257815,40.39,40.4035,2879193,51.911,51.9292,1972733,20.02,5260.1,19.2298
2023-02-20,389.4155,389.4012,89257815,40.39,40.4035,2879193,51.911,51.9292,1972733,21.23,5221.83,19.5282
2023-02-21,381.6035,381.6465,82655924,39.6947,39.6992,2660924,51.2737,51.2691,3245899,22.87,5223.29,20.8943
2023-02-22,381.0776,381.1302,83742293,39.487,39.5006,2569241,50.8913,50.8959,2807680,22.29,5341.1,21.1761
2023-02-23,383.1047,383.0904,96242399,39.8211,39.8347,2294242,51.4012,51.3784,2875420,21.14,5341.1,20.2369
2023-02-24,379.0122,379.0266,108194413,38.9543,38.9588,2119206,50.6364,50.641,3795119,21.67,5194.56,21.6716
2023-02-27,380.3031,380.2887,80444736,39.6134,39.627,6806423,51.1189,51.1144,2106699,20.95,5216.23,19.9638
2023-02-28,378.8975,378.8353,96438567,39.3516,39.3471,2418168,50.9277,50.9141,4853170,20.7,5098.73,19.5007
2023-03-01,377.4441,377.4871,99706823,39.6134,39.6089,4062515,51.0097,51.0142,5942251,20.58,5102.04,20.108
2023-03-02,380.3796,380.3557,85404726,39.6496,39.6541,1887928,51.0643,51.078,4457505,19.59,5086.11,19.6692
2023-03-03,386.48,386.4179,90119952,40.2816,40.2681,3586098,52.2387,52.2251,8397442,18.49,5000.39,18.1167
2023-03-06,386.7478,386.743,72795946,40.2997,40.2952,2269889,52.2387,52.2433,5144761,18.61,5055.61,17.8713
2023-03-07,380.8194,380.8242,108310596,39.5593,39.5547,3701858,51.7744,51.8063,5951720,19.59,5059.17,18.4278
2023-03-08,381.4409,381.4362,74746632,39.6947,39.6992,2570984,52.4117,52.4163,8046680,19.11,5130.07,18.0586
2023-03-09,374.4034,374.4369,111945322,39.2432,39.2477,2129976,52.3207,52.3252,5245619,22.61,5191.18,18.0178
2023-03-10,369.001,369.0106,189252996,38.9272,38.9317,3974939,51.6925,51.6697,9355678,24.8,5252.17,21.1745
2023-03-13,368.4751,368.4034,157789967,38.5118,38.5073,4419260,51.2009,51.2054,9131158,26.52,5330.95,25.8606
2023-03-14,374.566,374.5325,149752357,39.2793,39.2929,3257479,51.0552,51.078,6264386,23.73,5520.32,22.7609
2023-03-15,372.2233,372.295,172996933,37.7352,37.7488,11512502,50.0173,50.031,12286053,26.14,5492.16,32.0183
2023-03-16,378.7541,378.6824,143753940,38.3944,38.408,6902229,51.037,51.0324,7079360,22.99,5829.65,26.6513
2023-03-17,374.3254,374.4598,140553411,37.7894,37.7939,3975348,50.7184,50.732,5380248,25.51,5492.62,30.0367
2023-03-20,377.9248,377.8432,93055783,38.5208,38.5299,2873891,51.4558,51.4421,6567477,24.15,5569.81,28.432
2023-03-21,382.8871,382.8535,91524248,39.3606,39.3741,2995847,51.7744,51.7835,4640861,21.38,5569.81,24.1126
2023-03-22,376.3603,376.9889,111746583,39.2071,39.2026,2218625,51.6288,51.6151,6113097,22.26,5591.55,22.246
2023-03-23,377.3777,377.3393,119351319,39.2432,39.2297,2338860,51.8564,51.8245,7151304,22.61,5455.14,21.5715
2023-03-24,379.854,379.8253,107770124,38.8278,38.8233,1600120,52.0111,52.0157,4122984,21.74,5487.95,24.8849
2023-03-27,380.5643,380.5307,74010408,39.2161,39.2297,1399478,52.2387,52.2342,3751814,20.6,5466.44,23.0631
2023-03-28,379.7101,379.7629,62871680,39.2703,39.2748,1896394,52.3389,52.3525,3848940,19.97,5405.75,22.0865
2023-03-29,385.2291,385.2243,77497876,39.9475,39.952,1922232,52.5392,52.5255,5225392,19.12,5230.86,20.4
2023-03-30,387.4847,387.4799,69840049,40.5977,40.6067,1342641,52.785,52.7804,4803015,19.02,5165.21,19.7826
2023-03-31,392.9462,392.9222,112062624,40.706,40.7015,2374596,53.4313,53.4177,8427616,18.7,5133.35,19.4246
2023-04-03,394.4435,394.4195,67391097,40.9679,40.9634,1645264,53.6772,53.6817,8723277,18.55,5156.42,19.0905
2023-04-04,392.2551,392.2983,66601534,41.0401,41.0446,2718922,53.6589,53.6726,5677077,19,5040.76,19.0203
2023-04-05,391.2281,391.2809,65200243,40.7602,40.7557,1510031,52.8578,52.8623,6077001,19.08,5161.72,19.935
2023-04-06,392.7542,392.7686,63743345,41.0221,41.0176,1580515,52.6302,52.6074,6155266,18.4,5117.51,19.123
2023-04-07,392.7542,392.7686,63743345,41.0221,41.0176,1580515,52.6302,52.6074,6155266,18.4,5107.02,19.123
2023-04-10,393.1573,393.2101,63681042,41.0401,41.0537,1194923,52.5209,52.5164,5444194,18.97,5025.96,19.123
2023-04-11,393.2629,393.2485,59297945,41.1395,41.153,1543950,52.6939,52.6894,4389194,19.1,4948.43,18.8152
2023-04-12,391.66,391.684,86420379,41.4645,41.451,2088074,52.8669,52.8714,3776741,19.09,4990.25,18.6254
2023-04-13,396.8623,396.8383,85814754,41.9883,41.9837,8783562,53.6043,53.618,4864382,17.8,4989.42,17.6441
2023-04-14,395.8929,395.9265,78161500,41.916,41.907,1755895,53.2037,53.2174,4492541,17.07,4981.1,16.4374
2023-04-17,397.3134,397.3182,66436399,41.6,41.6045,3438467,53.3585,53.3722,2705292,16.95,4923.26,17.4568
2023-04-18,397.5726,397.5774,63559997,41.925,41.9296,1402019,53.6772,53.6726,3137904,16.83,4895.63,16.8952
2023-04-19,397.5054,397.5678,55227330,41.925,41.9115,2778989,53.2493,53.2356,4101491,16.46,4999.06,16.9332
2023-04-20,395.3362,395.3314,75840359,41.7625,41.767,1824769,53.4222,53.4359,3552364,17.17,4868.32,17.727
2023-04-21,395.6433,395.6193,73457422,42.0695,42.056,1451962,53.7227,53.7181,6477179,16.77,4887.21,17.0847
2023-04-24,396.056,396.0512,64332095,42.2411,42.2275,1578979,53.6954,53.6999,3370038,16.89,4955.04,17.1568
2023-04-25,389.7691,389.8123,97766721,41.4916,41.469,1577099,53.3221,53.3084,5477141,18.76,4921.3,17.9256
2023-04-26,388.1182,388.123,80447049,41.6,41.5955,2732301,53.1309,53.1264,6306409,18.84,5000.66,18.7788
2023-04-27,395.8449,395.8305,92968369,42.0785,42.0831,1596859,53.9958,54.0186,5940617,17.03,4977.51,18.1786
2023-04-28,399.2235,399.2187,89433137,42.0063,42.0199,2751565,53.5679,53.5725,8999190,15.78,4796.82,17.4304
2023-05-01,398.8204,398.8348,62122254,42.0244,42.0153,1966586,53.5042,53.4996,4921411,16.08,4819.89,17.4304
2023-05-02,394.3379,394.3715,103998484,41.4826,41.4871,1726301,53.0581,53.0444,6373512,17.78,5120.36,20.5692
2023-05-03,391.6312,391.5976,91531769,41.5639,41.5819,1766319,53.3767,53.3631,7567088,18.34,5120.36,19.9433
2023-05-04,388.8573,388.9005,94901863,41.3833,41.3697,4118308,53.4769,53.4814,4384002,20.09,5120.36,20.8326
2023-05-05,396.056,396.032,87891791,41.9883,42.0018,1833060,54.1961,54.2188,7127007,17.19,5120.36,18.2847
2023-05-08,396.1616,396.2144,50046768,41.9612,41.9747,925475,54.0777,54.0823,4012595,16.98,4817.52,18.0706
2023-05-09,394.4243,394.4675,49220119,41.5909,41.6045,9027383,54.6604,54.6558,12313993,17.71,4715.37,18.9217
2023-05-10,396.2672,396.2144,96142922,41.5729,41.5593,2224412,54.3873,54.41,5274238,16.94,4728.65,18.6652
2023-05-11,395.5761,395.6097,70157064,41.4013,41.3923,2868385,54.542,54.5466,4593420,16.93,4725.47,18.5578
2023-05-12,395.0578,395.0818,70481548,41.2749,41.2614,1791945,54.806,54.8015,4825242,17.03,4741.9,17.0094
2023-05-15,396.4208,396.416,54289383,41.4826,41.4781,2278578,55.1338,55.1474,6085669,17.12,4750.37,17.1689
2023-05-16,393.7716,393.7764,57705495,41.144,41.144,1634328,55.0245,55.02,6518747,17.99,4768.36,16.8808
2023-05-17,398.5516,398.5276,87286957,41.4194,41.4058,2486003,55.3978,55.4024,7118999,16.87,4829.19,16.9505
2023-05-18,402.3909,402.3861,97177195,41.4374,41.442,2828275,55.4069,55.4024,7947705,16.05,4998.96,15.6599
2023-05-19,401.8054,401.8006,103793317,41.7083,41.6993,2183261,55.498,55.4843,9201278,16.81,5090,15.715
2023-05-22,401.9686,401.9542,60745399,41.7354,41.7309,1095609,55.7438,55.7574,6471197,17.21,4924.64,16.3133
2023-05-23,397.4574,397.4526,86383493,41.013,41.0176,2384033,54.9426,54.9563,15764460,18.53,4923.05,17.6691
2023-05-24,394.5779,394.5731,89213678,40.3629,40.3674,4612348,54.36,54.3645,8184162,20.03,4885.97,20.93
2023-05-25,397.9949,397.9709,90961606,40.3629,40.3584,2417279,54.6695,54.674,9127520,19.14,4866.9,19.8595
2023-05-26,403.1492,403.106,93829975,40.8234,40.8324,3362147,54.8516,54.847,5308460,17.95,4927.29,17.5971
2023-05-29,403.1492,403.106,93829975,40.8234,40.8324,3362147,54.8516,54.847,5308460,17.46,4979.22,17.868
2023-05-30,403.3028,403.2884,72215960,40.4351,40.4397,3162756,54.4965,54.492,5522917,17.46,4923,17.9576
2023-05-31,401.0664,401.0424,110811780,39.8482,39.8392,3979690,54.0231,54.0094,7626219,17.94,5007.97,19.9817
2023-06-01,404.8769,404.8721,88865018,40.408,40.3945,9078681,55.3796,55.375,11298275,15.65,4920.18,17.5469
2023-06-02,410.7319,410.7175,91426171,40.8324,40.8279,3213763,56.4448,56.422,14768988,14.6,4971.3,16.0329
2023-06-05,409.9448,409.9304,70316043,40.4713,40.4848,3763103,56.2445,56.2399,8858933,14.73,5012.82,16.1174
2023-06-06,410.8375,410.8423,64022175,40.5886,40.5932,3994738,57.3916,57.387,11346511,13.96,5091.8,15.3988
2023-06-07,409.4169,409.4601,85373275,40.4523,40.4293,2288278,55.9163,55.9163,10400827,13.94,5134.52,15.3277
2023-06-08,411.8933,411.8789,61952842,40.9586,40.9402,1563122,56.393,56.3976,14393221,13.65,5072.05,15.0986
2023-06-09,412.6324,412.6276,85647268,40.71,40.6962,2854530,57.0347,57.0392,5957309,13.83,5046.36,14.9894
2023-06-12,416.3757,416.3709,76256703,41.0875,41.0921,2206376,57.3922,57.4059,5169055,15.01,5070,15.1847
2023-06-13,419.1208,419.1208,95899704,41.3913,41.4051,2740195,58.2172,58.2217,10623345,14.61,5141.69,14.7763
2023-06-14,419.6199,419.6151,100612080,41.6307,41.6445,2239898,58.483,58.4967,9214681,13.88,5074.04,14.2258
2023-06-15,424.8222,424.8174,110303091,42.137,42.1324,3925076,58.4005,58.4142,9803431,14.5,5162.13,13.7205
2023-06-16,423.3757,423.3323,114165849,42.1646,42.1784,2449220,57.8413,57.8413,5663589,13.54,5208.74,13.0737
2023-06-19,423.3757,423.3323,114165849,42.1646,42.1784,2449220,57.8413,57.8413,5663589,14.19,5025.46,14.2158
2023-06-20,421.1791,421.2321,76160359,41.6675,41.6583,2395310,57.0438,57.0255,11658780,13.88,5081.1,14.6542
2023-06-21,419.0211,419.0163,76982251,41.6077,41.6077,1758480,57.7222,57.7176,6679562,13.2,5038.02,14.3982
2023-06-22,420.5337,420.5674,70637175,41.4189,41.4235,1609009,57.2455,57.2547,3494324,12.91,5061.77,14.8578
2023-06-23,417.3545,417.3496,92074537,40.7929,40.8067,2397044,55.8338,55.8293,6295808,13.44,5269.84,15.3519
2023-06-26,415.6492,415.6348,72823560,40.885,40.9172,2878935,55.8338,55.8384,4205915,14.25,5239.01,15.8789
2023-06-27,420.2061,420.1724,72813699,41.511,41.5248,1556481,56.0447,56.0401,4398855,13.74,5263.37,15.2039
2023-06-28,420.4181,420.4132,75635976,41.5938,41.6077,2695296,56.668,56.6634,4924549,13.43,5198.04,14.213
2023-06-29,422.0751,422.1088,67882304,41.5754,41.5616,1406949,56.3838,56.3976,5542278,13.54,5174.48,14.252
2023-06-30,427.0559,427.0222,104964019,42.183,42.1877,2793739,56.7413,56.7459,6036503,13.59,5127.83,13.6139
2023-07-03,427.5472,427.6484,32793378,42.1646,42.1738,1370984,56.9155,56.9109,4219416,13.57,5147.51,13.6529
2023-07-04,427.5472,427.6484,32793378,42.1646,42.1738,1370984,56.9155,56.9109,4219416,13.7,5100.28,14.1015
2023-07-05,426.9114,426.9162,58418432,41.4558,41.4604,3206991,56.448,56.4526,6195031,14.18,5056.02,15.2945
2023-07-06,423.5684,423.5828,80658302,40.5904,40.5858,3291257,55.7055,55.6826,9312886,15.44,5113.02,19.2277
2023-07-07,422.499,422.4942,86134178,40.9218,40.9264,10154978,56.503,56.4847,6669978,14.83,5342.53,17.5374
2023-07-10,423.5684,423.5636,62443501,41.2164,41.2394,3619456,56.4205,56.4342,6002253,15.07,5486.06,17.5041
2023-07-11,426.2659,426.29,64463752,41.6767,41.6905,2263928,56.668,56.6726,6165863,14.84,5445.12,16.5671
2023-07-12,429.6956,429.6908,91924527,42.7124,42.7124,3188367,57.0622,57.0667,10371427,13.54,5393.26,15.1849
2023-07-13,433.106,433.082,72425241,43.4167,43.3983,5192763,57.9147,57.9192,10043277,13.61,5183.2,15.0485
2023-07-14,432.8363,432.8315,69815823,43.251,43.2418,2549394,57.218,57.2409,8611575,13.34,5259.58,14.7973
2023-07-17,434.3392,434.344,52680221,43.2326,43.2234,2988691,57.2455,57.2592,9923477,13.48,5259.58,15.8316
2023-07-18,437.5666,437.5618,80744448,43.3661,43.3661,2471619,58.0338,58.0109,9943390,13.3,5278.67,15.506
2023-07-19,438.5396,438.4577,65891688,43.1405,43.1543,2857215,58.043,58.0292,6073399,13.76,5135.54,15.9653
2023-07-20,435.6301,435.6253,70591642,42.8919,42.9011,1654507,57.273,57.2776,7279038,13.99,5175.05,15.6917
2023-07-21,435.6301,435.635,71275618,43.1405,43.1313,1760277,57.2088,57.2042,7566264,13.6,5245.85,14.9422
2023-07-24,437.5762,437.5714,54023382,42.8551,42.8689,1344965,57.2913,57.2867,6047346,13.91,5191.38,15.534
2023-07-25,438.7708,438.7467,55191240,42.7354,42.7446,2302388,57.3647,57.3509,5303146,13.86,5043.09,15.4793
2023-07-26,438.8383,438.8335,71052885,42.8183,42.8229,1891086,57.5938,57.6076,4351693,13.19,4995.51,16.0997
2023-07-27,435.9288,435.9143,92194375,42.7999,42.8045,4359035,58.0613,58.0659,13156036,14.41,4864.46,14.9653
2023-07-28,440.1967,440.1678,80011790,43.3246,43.32,1734198,58.3913,58.3867,5952299,13.33,4856.32,15.2189
2023-07-31,441.0348,441.03,62040449,43.2141,43.2188,1597747,58.1347,58.153,9700006,13.63,4845.47,16.2264
2023-08-01,439.7728,439.7583,55502199,42.6894,42.7032,2195634,57.4472,57.4426,6392462,13.93,4856.32,17.1897
2023-08-02,433.6552,433.6793,93933369,41.8148,41.824,3036150,56.3655,56.3517,11901976,16.09,5124.23,19.7059
2023-08-03,432.4124,432.4172,64419692,41.6951,41.6813,3366175,56.0905,56.0859,4989476,15.92,5219.22,19.6507
2023-08-04,430.4567,430.4422,100128902,41.8102,41.8102,3258519,56.6313,56.6451,5821287,17.1,5256.6,18.3516
2023-08-07,434.2139,434.2091,58357464,42.2015,42.1877,3752573,57.108,57.1126,4209421,15.77,5396.94,18.6231
2023-08-08,432.3257,432.3305,71361324,41.7227,41.7273,2936217,56.6038,56.6084,4519579,15.99,5345.77,19.5393
2023-08-09,429.4355,429.4307,78789575,41.8608,41.8562,1912243,56.1088,56.1042,4421269,15.96,5345.77,18.9796
2023-08-10,429.5896,429.6041,93005495,42.183,42.1877,2489184,56.3472,56.3609,7154449,15.85,5346.45,18.0764
2023-08-11,429.3391,429.2669,68690902,41.7596,41.755,2190602,56.2555,56.2601,5682845,14.84,5346.45,18.3746
2023-08-14,431.7091,431.6947,47867441,41.7043,41.6905,1323019,55.7513,55.7743,5623576,14.82,5352.59,18.0529
2023-08-15,426.6802,426.7331,75707534,41.1612,41.1519,1289769,55.1555,55.1509,9804215,16.46,5229.74,18.8579
2023-08-16,423.5491,423.5347,80107206,40.8942,40.8896,2394965,54.468,54.4543,6043244,16.78,5316.55,18.551
2023-08-17,420.3217,420.288,95711315,40.4891,40.5029,5452158,54.2388,54.2434,7489725,17.89,5346,20.3539
2023-08-18,420.524,420.4903,98851960,40.5535,40.5397,1654786,54.3763,54.3809,3962626,17.3,5339.19,20.2456
2023-08-21,423.2601,423.2553,68718957,40.8113,40.8159,2266582,54.4222,54.4268,3872196,17.13,5557.06,19.8367
2023-08-22,422.1136,422.0703,65062861,40.6824,40.687,1757298,54.688,54.6926,5166261,16.97,5440.42,19.1293
2023-08-23,426.815,426.7621,68441021,40.977,40.9632,1346953,55.4122,55.4168,5227425,15.98,5347.98,18.4996
2023-08-24,420.8998,420.9335,88517272,40.3234,40.3188,1531145,54.688,54.6834,5996826,17.2,5285.35,18.9039
2023-08-25,423.867,423.8429,102325103,40.6456,40.6502,2653416,54.9722,54.9768,4403904,15.68,5328.06,18.4734
2023-08-28,426.5549,426.5116,61595393,41.1151,41.1197,1678723,55.623,55.6276,3398812,15.08,5207.58,17.8175
2023-08-29,432.7207,432.7062,83081916,41.7411,41.755,2973991,56.008,56.0126,4342040,14.45,5158.29,16.7835
2023-08-30,434.503,434.4885,69053911,41.7319,41.7181,1898342,55.9072,55.9026,4736888,13.88,5166.11,16.5618
2023-08-31,433.8671,433.7852,66084563,41.2716,41.2762,2345826,56.503,56.4892,6259040,13.57,5009.15,16.0638
2023-09-01,434.6764,434.7005,58944098,41.0046,41.0046,2381867,56.8697,56.8834,5084198,13.09,5044.24,15.9449
2023-09-04,434.6764,434.7005,58944098,41.0046,41.0046,2381867,56.8697,56.8834,5084198,13.82,5023.17,16.6633
2023-09-05,432.7978,432.8026,55166210,40.4707,40.4661,1675209,56.8972,56.8926,4909608,14.01,5013.41,16.3544
2023-09-06,429.8883,429.8546,70758512,40.2774,40.2912,1380763,57.0438,57.0484,5076050,14.45,5034.11,16.8029
2023-09-07,428.5684,428.554,70355426,40.0196,40.0242,2067924,57.0438,57.0484,5362869,14.4,5135.63,16.9887
2023-09-08,429.2139,429.1995,62068437,40.1116,40.107,2484211,56.4755,56.4892,5631384,13.84,5101.26,16.1885
2023-09-11,432.0367,432.0704,60180118,40.5627,40.5674,1922699,57.1263,57.1217,6489585,13.8,4943.83,16.2321
2023-09-12,429.6667,429.6426,67565422,40.2129,40.2175,1953543,57.1172,57.1217,3647219,14.23,4822.16,16.5155
2023-09-13,430.1677,430.1629,60199272,39.9828,39.9874,3878526,57.0897,57.1034,5859952,13.48,4809.5,16.5042
2023-09-14,433.8768,433.9105,83430814,40.397,40.3924,1917259,58.0613,58.0476,5157190,12.82,4816.81,14.7497
2023-09-15,428.6493,428.5768,111848859,40.3694,40.374,1584739,57.7405,57.7405,4669872,13.79,4856.51,14.7262
2023-09-18,428.9007,428.9055,55752213,40.0932,40.0886,1428026,57.878,57.9009,4545215,14,4856.51,16.1549
2023-09-19,428.0112,428.045,66514648,40.1208,40.1255,1896066,58.1622,58.1576,4046835,14.11,4725.44,16.3475
2023-09-20,424.0763,424.0232,82562602,40.1393,40.1255,1903574,57.383,57.3876,8086215,15.14,4786.13,15.4074
2023-09-21,417.0671,417.0864,104095826,39.4948,39.5086,1614413,56.4938,56.4801,5040089,17.54,4919.31,17.1196
2023-09-22,416.1293,416.0906,100829684,39.4212,39.4166,2045472,56.6497,56.6542,6319745,17.2,4804.11,16.9607
2023-09-25,417.8792,417.8743,70874534,39.0529,39.0621,23485612,56.5763,56.5809,6078325,16.9,4750.31,19.0808
2023-09-26,411.74,411.6965,96168436,38.4821,38.4867,4721707,55.7055,55.7101,8765694,18.94,4849.16,19.7747
2023-09-27,411.9044,411.8802,104705847,38.3532,38.3579,5250708,55.9438,55.9484,8211503,18.22,4806.03,19.5114
2023-09-28,414.2923,414.3068,92258308,38.7583,38.7629,8352776,56.0538,56.0492,8296870,17.34,4883.28,18.8228
2023-09-29,413.2869,413.1999,115111319,38.8872,38.8826,5678706,55.2655,55.2518,9032670,17.52,4838.18,17.4704
2023-10-02,413.1225,413.1757,83798599,38.1415,38.1369,4939665,54.7888,54.8026,6944448,17.61,4833.9,18.9158
2023-10-03,407.5924,407.6794,103760607,37.7456,37.7502,9675917,53.8355,53.8401,15392841,19.78,4997.48,20.1991
2023-10-04,410.5605,410.604,87452968,38.0771,38.0633,6313330,53.2488,53.2443,8756893,18.58,5302.68,20.2158
2023-10-05,410.4058,410.3623,70142744,38.1691,38.1737,5353981,54.2938,54.2847,6329026,18.49,5174.46,19.656
2023-10-06,415.2785,415.2591,113273309,38.7399,38.7307,5748271,54.4313,54.4359,7078778,17.45,5049.67,18.6464
2023-10-09,417.9372,417.9227,80374362,38.4453,38.4407,3916848,54.5872,54.578,5133521,17.7,5049.67,20.2398
2023-10-10,420.1125,420.0593,78607268,39.0437,39.0483,8759221,55.3022,55.2976,5054712,17.03,5069.81,18.6124
2023-10-11,421.8334,421.8189,62451736,39.237,39.2417,3674782,55.1647,55.1693,5427411,16.09,4972.08,17.7664
2023-10-12,419.2617,419.3052,81154230,38.7215,38.7261,5128879,55.3022,55.2884,6965066,16.69,4932.49,17.1634
2023-10-13,417.1734,417.2266,95201132,38.1691,38.1553,3678602,54.6147,54.6284,5528090,19.32,4975.9,20.1795
2023-10-16,421.5627,421.5385,75433194,38.5558,38.5558,2440469,54.7888,54.7843,7738775,17.21,5219.04,19.9156
2023-10-17,421.5433,421.6062,75324708,38.5742,38.588,2971924,54.8988,54.8943,5662903,17.88,5097.82,19.8746
2023-10-18,415.9262,415.9601,93559798,37.8469,37.8515,5697003,54.0372,54.0418,4984407,19.22,5132.24,21.6373
2023-10-19,412.2717,412.2766,121322957,37.7088,37.7134,6259392,53.643,53.6293,7199264,21.4,5354.19,22.3032
2023-10-20,407.2057,407.2202,123919874,37.3452,37.3452,6976049,53.2855,53.2809,4356765,21.71,5477.29,23.3334
2023-10-23,406.5,406.4951,92035095,37.5799,37.5661,3895306,53.1572,53.1526,6251539,20.37,5535.3,21.9351
2023-10-24,409.5647,409.5599,78564239,37.7548,37.7687,3208415,53.4963,53.5009,5974747,18.97,5502.81,20.988
2023-10-25,403.6866,403.7494,94223198,37.451,37.4418,3212799,53.2855,53.2993,6311545,20.19,5378.92,20.5753
2023-10-26,398.8526,401.0617,115156761,37.3129,37.2991,3404389,52.5614,52.5568,5833109,20.68,5709.03,21.5031
2023-10-27,397.0447,397.0978,107367671,37.0552,37.0598,3995445,53.0014,53.0059,4639641,21.27,5507.41,20.7887
2023-10-30,401.7916,401.7868,86562675,37.6444,37.6352,3844253,53.3955,53.4001,6445917,19.75,5568.72,20.949
2023-10-31,404.315,404.3488,79665150,37.8377,37.8331,2819274,54.0463,54.0509,6625258,18.14,5341.49,19.7076
2023-11-01,408.6269,408.6607,98068115,38.0955,38.1001,3865961,54.9722,54.9676,7375187,16.87,5191.98,18.6508
2023-11-02,416.458,416.4531,94938909,39.0253,39.0575,7339104,55.8705,55.8751,7777779,15.66,5010.03,17.7337
2023-11-03,420.2575,420.2382,100167775,39.412,39.435,3203028,56.833,56.8467,7669097,14.91,5010.03,16.8411
2023-11-06,421.2243,421.1904,67831660,39.2186,39.2232,2114362,56.0997,56.1226,5945349,14.89,4854.48,16.8258
2023-11-07,422.4231,422.3603,64256114,39.0529,39.0575,2390214,55.5863,55.5726,5801674,14.81,4858.85,16.6816
2023-11-08,422.7325,422.689,61746027,39.3383,39.3429,2611349,54.6697,54.6834,6847765,14.45,4871.37,16.0477
2023-11-09,419.4357,419.4695,83174417,39.3291,39.3429,2785910,54.8988,54.8897,6913029,15.29,4829.61,15.7657
2023-11-10,425.9809,425.9761,89558054,39.6237,39.6375,1894358,55.4305,55.4076,4877812,14.17,4898.48,16.0383
2023-11-13,425.5749,425.5894,52236068,39.725,39.7296,1880728,55.403,55.4076,4932615,14.76,4796.15,15.8653
2023-11-14,433.8313,433.8168,97176935,41.0599,41.0553,6847316,56.503,56.4984,5383249,14.16,4767.5,15.0266
2023-11-15,434.7498,434.7063,77327573,41.0967,41.0829,1878601,56.0813,56.0767,6442902,14.18,4663.92,14.8085
2023-11-16,435.2815,435.267,66665797,41.0783,41.0829,1618860,56.2738,56.2876,5942999,14.32,4691.5,14.6829
2023-11-17,435.8229,435.8181,83193902,41.6123,41.6077,1548696,57.1538,57.1584,5164652,13.8,4685.4,13.8479
2023-11-20,439.1777,439.1536,70055633,41.8148,41.8286,2640745,57.163,57.1767,7479468,13.41,4749.14,14.0106
2023-11-21,438.2206,438.2158,49244639,41.5202,41.5248,1614360,56.9247,56.9201,4413842,13.35,4710.28,14.065
2023-11-22,439.9125,439.9173,59446573,41.5846,41.6077,1705044,57.2822,57.2867,4539943,12.85,4659.9,13.4844
2023-11-23,439.9125,439.9173,59446573,41.5846,41.6077,1705044,57.2822,57.2867,4539943,12.8,4659.9,13.6417
2023-11-24,440.1832,440.1397,29737375,42.0173,42.0219,554685,57.3922,57.4059,1370435,12.46,4550.25,13.3953
2023-11-27,439.3904,439.4049,50505985,41.9069,41.9115,1385642,57.3463,57.3417,4047008,12.69,4532.19,14.0274
2023-11-28,439.8255,439.782,62115011,41.9253,41.9299,1754272,57.3372,57.3234,4405444,12.69,4507.04,14.1716
2023-11-29,439.5161,439.5306,63145992,42.183,42.1692,1714972,57.2822,57.2776,4010417,12.98,4483.18,14.1975
2023-11-30,441.2467,441.1548,79752700,42.0265,42.0404,2368492,57.3922,57.3967,6671844,12.92,4480.09,13.815
2023-12-01,443.857,443.7942,89183400,42.3396,42.3442,2568404,57.9422,57.9284,4504606,12.63,4455.94,13.5043
2023-12-04,441.527,441.5029,72430888,42.1738,42.1784,1716000,57.0622,57.0576,4531336,13.08,4428.54,14.1209
2023-12-05,441.44,441.4255,69793469,42.2199,42.2153,2601465,56.8513,56.8467,3818136,12.85,4455.02,13.9983
2023-12-06,439.6611,439.5983,69124685,42.2567,42.2521,966713,57.4472,57.4517,6475064,12.97,4436.25,14.0777
2023-12-07,443.0159,442.9917,66995446,42.45,42.4454,1468291,57.8872,57.8734,8769552,13.06,4676.21,14.2078
2023-12-08,444.9205,444.8577,83194404,42.763,42.7492,1840635,57.548,57.5434,5921375,12.35,4843.13,13.7018
2023-12-11,446.6511,446.6221,65002247,42.8183,42.8229,2478960,57.878,57.8734,5440823,12.63,4662.12,13.7103
2023-12-12,448.691,448.7539,68327617,42.9472,42.961,2194400,57.7955,57.8184,3134072,12.07,4596.23,13.205
2023-12-13,454.8785,454.8254,93277960,43.5087,43.5134,1875476,58.6755,58.6663,5657394,12.19,4549.92,13.4963
2023-12-14,456.3384,456.3336,119026049,43.8494,43.8586,4599938,58.4097,58.3867,12694783,12.48,4572.25,12.4532
2023-12-15,455.587,455.6259,141553673,43.4075,43.4121,3498349,57.9055,57.9009,7283197,12.28,4514.43,12.1242
2023-12-18,458.1497,458.1934,70375285,43.4259,43.4489,1738524,57.7955,57.8001,5017617,12.56,4619.04,12.9116
2023-12-19,460.9357,460.9114,55761805,43.8494,43.854,4759372,57.9697,57.9651,5975486,12.53,4387.8,12.8278
2023-12-20,454.5484,454.2717,102920959,43.1921,43.2152,4720561,57.6765,57.6626,11485346,13.67,4348.04,12.7353
2023-12-21,458.8584,458.8341,86667465,43.8784,43.8737,2241639,58.6804,58.6757,5743012,13.65,4457.89,13.5946
2023-12-22,459.7805,459.7563,67160419,43.8042,43.8181,1470126,58.8663,58.8709,4500013,13.03,4437.62,13.5645
2023-12-25,459.7805,459.7563,67160419,43.8042,43.8181,1470126,58.8663,58.8709,4500013,13.03,4345.65,13.5645
2023-12-26,461.722,461.6686,55386952,44.1195,44.1334,1275765,58.8477,58.8523,3942969,12.99,4320.97,13.5645
2023-12-27,462.5568,462.5519,68000311,44.3421,44.3328,2198117,59.173,59.1777,4275234,12.43,4322.57,13.4324
2023-12-28,462.7315,462.7267,77158116,43.9711,43.985,1993731,59.5262,59.5309,4144179,12.47,4330.14,13.5156
2023-12-29,461.3919,461.4356,122283149,43.999,44.0036,2299625,59.6192,59.6238,7236637,12.45,4473.43,13.5747
2024-01-01,461.3919,461.4356,122283149,43.999,44.0036,2299625,59.6192,59.6238,7236637,12.45,4473.43,13.5747
2024-01-02,458.8098,458.7661,123007793,43.3868,43.3915,4230019,59.0801,59.0847,6827966,13.2,4473.43,14.4914
2024-01-03,455.0628,455.0095,103585866,42.7747,42.7886,2936346,58.7547,58.7361,7952815,14.04,4473.43,15.4904
2024-01-04,453.5971,453.5922,84232169,42.9973,43.0112,4075481,58.6153,58.6014,3649572,14.13,4479.6,14.3099
2024-01-05,454.2183,454.262,86118913,42.9602,42.9741,2449288,59.0522,59.0568,6507587,13.35,4460.43,14.1189
2024-01-08,460.7027,460.659,74879074,43.4703,43.4564,1719194,59.9166,59.9027,5785480,13.08,4460.43,14.0017
2024-01-09,460.0038,459.9698,65931439,42.9973,43.0019,1170688,59.5541,59.5588,5218761,12.76,4448.61,13.6966
2024-01-10,462.6053,462.5714,67310640,43.2384,43.2431,2692467,60.6231,60.6277,11832761,12.69,4448.61,13.392
2024-01-11,462.4015,462.3675,77940723,43.1828,43.1874,1663613,61.1622,61.1761,9210430,12.44,4431.07,13.9196
2024-01-12,462.7218,462.7073,58026420,43.2477,43.2431,1665591,61.7478,61.7431,9227028,12.7,4708.22,13.4234
2024-01-15,462.7218,462.7073,58026420,43.2477,43.2431,1665591,61.7478,61.7431,9227028,13.25,4859.59,14.1101
2024-01-16,461.0231,461.0473,85014870,42.4779,42.4733,1663648,61.2923,61.297,11987527,13.84,4767.43,14.1507
2024-01-17,458.4604,458.4458,68843871,42.1811,42.1858,2221671,60.5301,60.5162,10639400,14.79,4705.66,15.082
2024-01-18,462.5374,462.5131,91856248,42.7005,42.7144,2470223,61.0971,61.1018,11142898,14.13,4610.34,14.5083
2024-01-19,468.3034,468.2986,110834483,42.8582,42.8628,1562118,61.2551,61.2412,11186023,13.3,4687,14.172
2024-01-22,469.2936,469.3664,75844931,42.8396,42.8443,2935284,61.9802,61.9755,8696494,13.19,4736.2,13.8453
2024-01-23,470.6623,470.6866,49945297,42.7562,42.7515,1561106,61.4317,61.4178,7538629,12.55,4679.83,13.5791
2024-01-24,471.1768,471.1088,81765039,43.4332,43.4378,4617171,61.5061,61.4922,15995536,13.14,4618.47,13.4592
2024-01-25,473.7395,473.7152,72524989,43.628,43.6372,1818152,61.2737,61.2691,11018610,13.45,4609.56,13.5755
2024-01-26,473.1376,473.191,76641609,43.9619,43.9665,1131962,60.7811,60.7671,6299775,13.26,4611.78,13.6074
2024-01-29,476.8846,476.8797,61322751,44.0546,44.05,1826797,61.5061,61.5154,8571453,13.6,4607.35,14.0569
2024-01-30,476.5157,476.4914,58618386,44.101,44.1056,2036880,61.283,61.297,8448022,13.31,4512.47,14.1062
2024-01-31,468.7403,468.7742,126011062,43.7393,43.7346,2531456,61.5433,61.5479,11841385,14.35,4430.03,14.8188
2024-02-01,474.8752,474.9092,91891637,44.1844,44.1798,2075901,62.2032,62.2079,8340185,13.88,4436.6,14.8059
2024-02-02,479.8744,479.7919,99228192,43.8042,43.7995,1672540,61.8221,61.8082,8473446,13.85,4482.41,14.0448
2024-02-05,478.1271,478.1514,75757102,43.5816,43.5677,1667058,61.5247,61.5107,9790790,13.67,4481.32,14.1586
2024-02-06,479.5152,479.5007,55918602,43.8691,43.8737,1911750,61.5154,61.5015,9294498,13.06,4512.25,13.6148
2024-02-07,483.5146,483.4709,70556506,43.8227,43.8181,1195012,61.8686,61.8733,9171321,12.83,4447.33,13.6403
2024-02-08,483.7281,483.8204,52343636,43.9433,43.9572,1679311,61.7106,61.7152,6381928,12.79,4445.71,13.7628
2024-02-09,486.5238,486.4995,63979375,44.1752,44.1984,1521716,61.9337,61.9476,7062181,12.93,4425.08,13.9901
2024-02-12,486.3103,486.2763,56502283,44.1659,44.1705,1403257,62.2497,62.2544,4820826,13.93,4425.08,14.3637
2024-02-13,479.6123,479.6754,113099199,43.3312,43.3358,2306749,62.0359,62.087,6513557,15.85,4411.27,15.0271
2024-02-14,483.9708,484.0242,68387827,43.8598,43.8737,2871693,62.2776,62.2915,7383967,14.38,4450.52,14.4442
2024-02-15,487.3101,487.2616,61682960,44.407,44.4117,939848,62.8725,62.8864,8261872,14.01,4476.82,14.3226
2024-02-16,484.8833,484.8542,75532928,44.3143,44.3282,1253838,62.8632,62.84,12441141,14.24,4563.31,13.7871
2024-02-19,484.8833,484.8542,75532928,44.3143,44.3282,1253838,62.8632,62.84,12441141,14.71,4525.38,14.0778
2024-02-20,482.2138,482.1896,71736740,44.574,44.5693,1177756,63.142,63.1467,6051971,15.42,4442.42,14.2001
2024-02-21,482.6507,482.607,59603771,44.8058,44.8105,1282272,63.0119,63.0259,5552449,15.34,4476.89,14.5517
2024-02-22,492.6393,492.6636,76402535,45.4273,45.4226,1150677,64.0437,64.0297,8163344,14.54,4487.66,13.8143
2024-02-23,492.9791,492.9451,61321818,45.4551,45.4597,3832559,64.1459,64.1413,6588180,13.75,4487.66,13.6956
2024-02-26,491.1736,491.159,50386738,45.4365,45.4319,4494840,64.1366,64.1413,7376319,13.74,4519.09,13.4373
2024-02-27,492.086,492.0229,48854528,45.6035,45.5988,2262621,64.3039,64.29,8569568,13.43,4466.5,13.3586
2024-02-28,491.4356,491.3628,56506634,45.5107,45.4968,2422443,63.8299,63.8345,7658978,13.84,4420.24,13.8643
2024-02-29,493.2024,493.1198,83924795,45.4922,45.4783,3165907,64.2482,64.2342,7563877,13.4,4344.97,13.7832
2024-03-01,497.8327,497.8278,76844844,45.7797,45.7658,2459658,65.3729,65.3682,8224955,13.11,4413.11,13.7842
2024-03-04,497.2988,497.2454,49799257,45.84,45.84,3207183,64.9918,64.9871,6406617,13.49,4412.04,13.7474
2024-03-05,492.3287,492.2947,72855623,45.6313,45.6267,1870485,65.345,65.3311,9841708,14.46,4398.94,14.6918
2024-03-06,494.8235,494.8768,68382367,46.1043,46.1182,1874930,66.3396,66.3349,8644217,14.5,4507.57,14.1614
2024-03-07,499.7353,499.7887,58652085,46.8184,46.8324,1492398,66.3117,66.3163,6776639,14.44,4558.03,13.9026
2024-03-08,496.7358,496.7795,86532535,46.4567,46.4521,6379068,66.163,66.1583,8613295,14.74,4414.22,13.7211
2024-03-11,496.3087,496.2844,62557183,46.4196,46.415,2031870,64.6943,64.6804,18476756,15.22,4622.58,14.7303
2024-03-12,501.6476,501.6816,73114439,46.8741,46.8787,1664034,65.0476,65.0522,9823936,13.84,4562.41,13.6807
2024-03-13,500.8613,500.8759,55104088,47.041,47.041,2212212,64.4806,64.4759,8687143,13.75,4497.85,13.1363
2024-03-14,499.8712,499.8663,110171820,46.6793,46.684,1904598,64.1924,64.1971,10113754,14.4,4329.13,13.3153
2024-03-15,496.4386,496.3558,107646297,46.7164,46.7303,1861868,64.6665,64.6711,11684639,14.41,4355.41,13.3135
2024-03-18,499.389,499.3939,88893331,46.4938,46.4985,1319367,65.6703,65.6843,17599720,14.33,4262.4,13.4411
2024-03-19,502.1641,502.2177,60755263,46.6144,46.619,1510781,65.9213,65.926,7411314,13.82,4267.11,13.1173
2024-03-20,506.8088,506.7456,69594574,47.2729,47.2868,2120227,66.4325,66.4279,7308540,13.04,4267.11,12.9557
2024-03-21,508.4837,508.4009,60256112,47.0689,47.0735,1746171,66.7672,66.7532,10859925,12.92,4203.02,12.1808
2024-03-22,507.5197,507.5732,79070842,46.9205,46.9158,1506561,66.7579,66.7532,5767984,13.06,4281.93,12.4209
2024-03-25,506.1175,506.1613,48512108,47.0689,47.0642,1398151,65.9864,65.9817,10403522,13.19,4247.2,12.4948
2024-03-26,505.1827,505.0415,65463744,47.1709,47.157,1500041,66.2745,66.2699,7997760,13.24,4213.91,12.4541
2024-03-27,509.4282,509.4233,82999777,47.5697,47.5558,1597194,66.5627,66.5673,8787005,12.78,4272.91,12.8635
2024-03-28,509.3308,509.3746,96294886,47.3564,47.3425,1446376,66.321,66.3071,11319670,13.01,4300.97,13.3781
2024-03-29,509.3308,509.3746,96294886,47.3564,47.3425,1446376,66.321,66.3071,11319670,13.01,4278.15,13.3781
2024-04-01,508.4447,508.508,62477540,47.3842,47.3703,2033156,65.3264,65.3218,8227905,13.65,4308.91,13.3781
2024-04-02,505.2119,505.2265,74230308,46.8648,46.8787,2511810,64.9918,64.9778,10631954,14.61,4317.94,15.1815
2024-04-03,505.767,505.7231,59155759,47.2822,47.2775,2083381,65.438,65.4333,11686934,14.33,4342.05,14.2498
2024-04-04,499.5935,499.5594,96858074,46.7906,46.7767,3684459,64.7594,64.7734,11481156,16.35,4360.79,13.6866
2024-04-05,504.8127,504.7786,74546483,46.9205,46.9251,2149225,64.9453,64.95,11909976,16.03,4525.94,16.1199
2024-04-08,505.0951,505.0415,48401752,47.208,47.2126,1618791,65.2706,65.2939,6555421,15.19,4430.82,15.5231
2024-04-09,505.6793,505.655,68124385,46.9947,47.0086,2079571,65.5123,65.5077,7474953,14.98,4393.2,16.3013
2024-04-10,500.6159,500.65,82652806,46.3825,46.3779,2576145,64.4898,64.4759,9034989,15.8,4424.51,15.9059
2024-04-11,504.394,504.4475,70099007,46.3454,46.3594,2837783,65.0569,65.0522,8337176,14.91,4527.79,16.7012
2024-04-12,497.4318,497.4074,92561094,45.4365,45.4319,6850224,64.1924,64.1971,7815466,17.31,4462.06,18.7948
2024-04-15,491.1999,491.2535,92101447,45.3809,45.3855,4669546,63.9228,63.9182,8202740,19.23,4506.72,18.5184
2024-04-16,490.3041,490.2602,73484020,45.2232,45.2278,3604471,63.0305,63.0445,8224470,18.4,4634.47,19.6253
2024-04-17,487.4023,487.3488,75910305,45.2418,45.2371,5488153,62.3613,62.3473,9147328,18.21,4690.75,18.4714
2024-04-18,486.3994,486.3653,74548085,45.1954,45.1907,1584778,62.1754,62.1893,7985359,18,4624.67,17.5161
2024-04-19,482.1539,482.0857,102212587,45.1954,45.1815,2352708,61.8035,61.7989,8553879,18.71,4809.2,18.1885
2024-04-22,486.5941,486.5162,67961048,45.7148,45.7194,2143288,62.4356,62.4403,6622892,16.94,4618.83,17.1142
2024-04-23,492.3684,492.3586,64633620,46.4753,46.4799,3637044,62.575,62.5704,7323831,15.69,4590.18,15.7948
2024-04-24,492.1347,492.1785,55928076,46.3083,46.2944,1260189,62.8446,62.84,6188320,15.97,4488.69,15.6176
2024-04-25,490.2651,490.2213,69122368,46.1228,46.1228,1867757,61.8686,61.8826,5284795,15.37,4614.25,16.3578
2024-04-26,494.9098,494.8855,64306118,46.5124,46.5077,2053341,62.3984,62.3473,7598444,15.03,4461.52,15.2644
2024-04-29,496.6625,496.6577,46415449,46.5217,46.517,1492139,62.9654,62.9701,6870955,14.67,4461.52,15.1077
2024-04-30,488.7948,488.8581,77483566,45.6869,45.6591,1972462,62.5286,62.5239,6197994,15.65,4390.47,15.5652
2024-05-01,487.2076,487.12,80242839,45.5293,45.52,2190831,62.3798,62.3752,7950891,15.39,4436.02,15.5652
2024-05-02,491.7647,491.7501,62550179,46.0579,46.0718,1714998,63.644,63.6672,6796041,14.68,4382.02,15.4322
2024-05-03,497.8602,497.8554,72756709,46.4846,46.4985,1622555,64.3783,64.3922,6222479,13.49,4382.02,14.4388
2024-05-06,503.0015,503.0259,47264703,46.9205,46.9066,2276262,64.7594,64.7734,3575509,13.49,4382.02,14.299
2024-05-07,503.5566,503.6101,52561299,47.2451,47.2404,3564293,64.053,64.0483,6954778,13.23,4222.95,14.0852
2024-05-08,503.6053,503.6004,42047214,47.4491,47.4445,1227161,63.2443,63.2489,7164946,13,4221.7,13.7213
2024-05-09,506.507,506.4729,43643668,47.9036,47.8989,5543395,63.5232,63.5185,6729108,12.69,4204.86,13.4636
2024-05-10,507.1594,507.1545,52233171,48.0844,48.0844,2080225,63.1606,63.156,4261894,12.55,4127.76,13.6018
2024-05-13,507.2276,507.2227,36716361,48.1076,48.1123,2794463,62.9097,62.9236,4876896,13.6,4044.96,13.924
2024-05-14,509.5548,509.5402,57535867,48.4972,48.4925,2345897,63.4023,63.393,4711797,13.42,4004.46,13.9554
2024-05-15,515.8646,515.8402,59504897,48.9794,48.9841,3814309,64.1087,64.0948,9293483,12.45,3994.14,13.0905
2024-05-16,514.8032,514.7691,50244827,48.5621,48.5528,1753654,63.4581,63.4767,7235063,12.42,3911.69,12.7936
2024-05-17,515.5432,515.5189,59187585,48.6827,48.7058,1245467,63.8857,63.9043,4290405,11.99,3908.6,12.1346
2024-05-20,516.1372,516.1031,37764206,48.6595,48.6595,991035,64.3411,64.3551,4019744,12.15,3883.41,12.442
2024-05-21,517.4031,517.369,33437001,48.5621,48.576,1145222,63.9693,63.974,3046464,11.86,3844.37,12.5421
2024-05-22,515.9133,515.8938,48389968,48.154,48.1725,2272463,63.2257,63.2396,4191735,12.29,3834.1,12.7432
2024-05-23,512.1449,512.14,57211197,47.9407,47.9639,1920790,62.9469,62.9422,4825752,12.77,3766.48,12.5152
2024-05-24,515.5335,515.5871,41291076,48.4044,48.4183,968662,63.6347,63.6533,3952841,11.93,3860.08,12.6094
2024-05-27,515.5335,515.5871,41291076,48.4044,48.4183,968662,63.6347,63.6533,3952841,12.36,3743.48,12.8844
2024-05-28,515.8938,515.9473,36269602,48.4415,48.4461,3422118,63.9972,64.0111,3373997,12.92,3702.11,13.3141
2024-05-29,512.2812,512.2958,45190323,47.5882,47.6068,2169469,62.7145,62.7284,6813173,14.28,3697,14.0762
2024-05-30,508.8829,508.9072,46468510,47.9592,47.936,1175963,63.2629,63.2768,4101617,14.47,3901.65,13.9805
2024-05-31,513.5179,513.4935,90785755,48.2467,48.256,1269316,64.1087,64.1134,5484282,12.92,3746.81,14.1384
2024-06-03,513.9366,513.9025,46835702,48.3673,48.3627,2436648,64.5084,64.5038,6184579,13.11,3846.47,14.0593
2024-06-04,514.5111,514.4721,34632661,48.0242,48.0288,3407642,64.5828,64.5782,3651253,13.16,3754.24,14.7419
2024-06-05,520.6261,520.6066,47610365,48.6919,48.7058,1522634,64.3969,64.3969,5379938,12.63,3837.72,13.9334
2024-06-06,520.6164,520.592,30808530,48.8218,48.8357,2920568,64.3597,64.3551,4391936,12.58,3807.39,13.3388
2024-06-07,519.9835,519.9299,43224525,48.154,48.1679,969952,63.8857,63.8903,3652823,12.22,3824.56,13.2861
2024-06-10,521.5901,521.5853,35729252,47.8387,47.8433,1165758,64.4527,64.448,3371319,12.74,3793.29,14.5074
2024-06-11,522.8462,522.8024,36383411,47.1598,47.1646,5663875,63.7304,63.7257,3847963,12.85,3797.82,15.7607
2024-06-12,527.1404,527.1112,63251305,47.9361,47.9313,2888636,64.0394,64.0066,5941301,12.04,3777.73,14.7719
2024-06-13,528.2018,528.158,44760949,46.9137,46.909,1766743,62.8783,62.8643,4839180,11.94,3757.65,16.751
2024-06-14,528.5231,528.4695,40089895,45.8062,45.8299,7168357,62.8596,62.8736,4766991,12.66,3630.26,19.8691
2024-06-17,532.7296,532.6663,55839457,46.412,46.4073,2200755,62.3727,62.368,4484489,12.75,3829.91,19.9107
2024-06-18,534.0831,534.0783,41376417,46.6581,46.6534,2555572,62.4195,62.4242,8101069,12.3,3707.59,18.604
2024-06-19,534.0831,534.0783,41376417,46.6581,46.6534,2555572,62.4195,62.4242,8101069,12.48,3750.18,18.5209
2024-06-20,532.6323,532.5738,70328226,46.7055,46.7055,1895960,62.2509,62.2369,4028269,13.28,3728.15,17.7544
2024-06-21,531.9183,531.5324,64513859,46.3126,46.3126,2713135,61.8108,61.8155,4106826,13.2,3664.07,17.6045
2024-06-24,530.1892,530.0867,45528654,46.7149,46.7055,2518957,62.279,62.2743,3009792,13.33,3648.09,17.3846
2024-06-25,532.2309,532.1772,38273346,46.7055,46.696,1621578,63.2622,63.2388,5500173,12.84,3621.19,18.0399
2024-06-26,532.8952,532.9001,38550637,46.3079,46.3032,1667916,63.0281,63.0141,3634168,12.55,3566.47,18.98
2024-06-27,533.7353,533.7109,35041480,46.27,46.2842,4609503,63.3465,63.3324,3628504,12.24,3599.79,19.0602
2024-06-28,531.635,531.5227,76144535,46.218,46.218,2927915,63.899,63.8943,4208039,12.44,3587.88,18.2969
2024-07-01,532.7291,532.7584,40297810,46.6865,46.7007,3476839,63.4776,63.4823,5401147,12.22,3560.67,15.8952
2024-07-02,536.3143,536.2801,40434792,46.5162,46.5304,1263122,64.4795,64.4936,5328588,12.03,3522.22,15.8831
2024-07-03,538.7076,538.6343,32789911,47.2734,47.2782,1469790,65.0694,65.0554,2933774,12.09,3529.59,14.8321
2024-07-04,538.7076,538.6343,32789911,47.2734,47.2782,1469790,65.0694,65.0554,2933774,12.26,3553.13,14.6177
2024-07-05,541.8141,541.8776,41488389,47.671,47.6947,2696467,65.5095,65.533,6710097,12.48,3590.85,14.4265
2024-07-08,542.4393,542.5028,36110451,47.3492,47.3444,1468602,65.1912,65.1959,3454249,12.37,3605.53,13.2924
2024-07-09,542.9668,542.9961,27314125,46.8285,46.8143,3704988,65.547,65.5423,8444135,12.51,3624.57,14.5967
2024-07-10,548.3396,548.2712,38701220,47.5006,47.5148,2798709,66.7456,66.7222,7060734,12.85,3605.08,13.8688
2024-07-11,543.6115,543.548,53054184,47.6805,47.6757,1384911,66.4928,66.4881,6523467,12.92,3582.69,13.4169
2024-07-12,547.0403,546.9573,53084405,48.3336,48.3289,3569735,66.8579,66.8626,9138786,12.46,3669.39,13.0602
2024-07-15,548.5447,548.5008,40584293,47.8035,47.8083,2487553,66.5396,66.5911,10546419,13.12,3669.39,13.5933
2024-07-16,551.7977,551.7635,36475260,47.8509,47.8461,1591319,67.3261,67.3121,6357903,13.19,3621.91,13.865
2024-07-17,544.0609,544.0658,57118956,47.3018,47.3066,1305955,66.9329,66.9375,5174590,14.48,3612.19,14.5472
2024-07-18,539.8798,539.8847,56270392,47.0368,47.0321,915032,65.9216,65.9356,8310485,15.93,3699.78,15.7337
2024-07-19,536.2947,536.2459,65509081,46.6297,46.6345,1240736,65.5095,65.533,3713410,16.52,3790.58,16.5217
2024-07-22,541.8238,541.8141,43346720,47.4722,47.4864,1341733,65.8279,65.842,2190850,14.91,3792.91,15.6897
2024-07-23,540.9739,540.9153,34439561,47.103,47.1078,606588,65.7717,65.7951,2688576,14.72,3676.55,14.8035
2024-07-24,528.7142,528.6849,74515266,46.412,46.4215,1105568,64.4795,64.5029,3129754,18.04,3676.55,16.0622
2024-07-25,525.9594,525.8861,61158288,46.1659,46.1612,3772743,63.4682,63.4916,7596378,18.46,3930.59,16.93
2024-07-26,531.8499,531.7962,53763788,46.8475,46.8569,1664071,64.3203,64.325,4355633,16.39,3953.05,16.1458
2024-07-29,532.1625,532.1528,39515824,46.3552,46.3505,905479,64.4702,64.4748,5189725,16.6,3843.53,16.8293
2024-07-30,529.4664,529.3736,46853632,46.4594,46.4404,2040080,64.5544,64.531,6537082,17.69,3958.58,16.5329
2024-07-31,538.0726,537.6916,65663388,46.7717,46.7859,1790390,66.4553,66.4693,7564025,16.36,3824.74,15.7434
2024-08-01,530.453,530.4921,76428732,45.5601,45.5554,2237308,63.2529,63.2856,9297706,18.59,3958.23,18.1194
2024-08-02,520.5768,520.6842,82789070,45.2004,45.1909,1567795,60.5373,60.542,13888826,23.39,4509.79,24.519
2024-08-05,505.4157,505.4645,146267391,44.4526,44.4715,2166688,59.3949,59.4184,28253750,38.57,7561.99,31.1676
2024-08-06,510.0754,510.1193,84826312,44.462,44.4573,1520554,59.1047,59.1374,17198207,27.71,6056.29,25.0676
2024-08-07,506.6661,506.6514,70698340,44.6513,44.6608,1591625,60.0879,60.1113,14686479,27.85,4956.18,20.7485
2024-08-08,518.3788,518.3544,63276589,45.2761,45.2903,1115685,61.3614,61.3848,8481074,23.79,5831.1,21.6299
2024-08-09,520.6647,520.5719,45619558,45.4276,45.4276,724218,61.2115,61.2162,8193163,20.37,5935.29,20.4295
2024-08-12,520.9382,520.9285,42542069,45.2856,45.2903,1069107,61.5486,61.5814,7620842,20.71,5935.29,19.2927
2024-08-13,529.5054,529.4712,52333073,45.9387,45.9293,1408686,63.309,63.2856,8950207,18.12,5486.19,18.3433
2024-08-14,531.1759,531.2101,42446929,46.1754,46.1706,752061,63.4027,63.3886,5515186,16.19,5275.18,16.7631
2024-08-15,540.2804,540.2657,60846812,46.8001,46.8049,657711,64.62,64.6247,5031359,15.23,5159.2,15.3092
2024-08-16,541.4917,541.4038,44430728,47.1504,47.1598,442535,64.9571,64.9711,6661645,14.8,5000.03,14.5006
2024-08-19,546.6691,546.6154,39121793,47.7278,47.742,1576331,65.8841,65.8607,5268854,14.65,5245.36,14.9168
2024-08-20,545.7802,545.7069,33732264,47.6331,47.6379,757029,65.5657,65.5517,6518691,15.88,5292.06,15.46
2024-08-21,547.6558,547.7388,41514600,48.1727,48.1585,1106130,66.3242,66.3476,7388154,16.27,5480.78,15.4752
2024-08-22,543.3575,543.3429,56121456,47.7467,47.7751,2302583,65.8373,65.8326,7426111,17.55,5496.78,16.0105
2024-08-23,549.1309,549.0869,50639393,48.5514,48.5324,1073984,67.3542,67.3402,8212277,15.86,5287.32,15.307
2024-08-26,547.8218,547.7583,35788609,48.3904,48.3952,1839945,66.5115,66.5162,6751079,16.15,5364.38,15.6627
2024-08-27,548.574,548.5398,32693898,48.5608,48.5514,709742,67.1669,67.181,4898071,15.43,4966.42,15.4568
2024-08-28,545.3894,545.4236,41066024,48.3715,48.3668,1019806,66.8767,66.872,9908257,17.11,5063.38,15.5896
2024-08-29,545.4383,545.4041,38715176,48.4567,48.452,663496,66.989,66.9656,6345922,15.65,4980.97,15.2338
2024-08-30,550.645,550.5327,62700110,48.6271,48.6034,1112963,67.3917,67.3589,6495650,15,4935.71,15.2695
2024-09-02,550.645,550.5327,62700110,48.6271,48.6034,1112963,67.3917,67.3589,6495650,15.55,4928.17,15.4132
2024-09-03,539.3133,539.4012,60600113,47.7278,47.7325,1405833,66.3804,66.3851,8228752,20.72,5047.63,17.3374
2024-09-04,538.2094,538.0922,47224939,47.5858,47.5716,988404,65.6968,65.6828,5105480,21.32,6121.59,19.8665
2024-09-05,536.9004,536.8613,44264258,47.5669,47.5906,2497902,66.0901,66.1322,5091210,19.9,5681.87,20.0497
2024-09-06,527.8643,527.9278,68493805,46.7339,46.7481,3519366,63.7585,63.7538,11533396,22.38,5732.54,22.5849
2024-09-09,533.7744,533.7646,40445822,47.1125,47.1267,3192613,64.9196,64.9149,4790569,19.45,6234.56,20.2294
2024-09-10,536.0993,536.07,36394579,46.8096,46.8096,989270,64.7417,64.737,4699287,19.08,5899.96,19.5428
2024-09-11,541.5991,541.5259,75248608,47.2545,47.2308,1437172,65.135,65.1116,5874049,17.69,6011.28,19.5984
2024-09-12,546.1612,546.0879,51892735,47.5196,47.5385,524390,65.7811,65.7951,3155868,17.07,5693.57,17.533
2024-09-13,549.0136,548.9404,39310501,47.8225,47.8319,1251550,65.4253,65.4487,3882340,16.56,5894.68,16.0523
2024-09-16,549.8244,549.8489,36656122,48.1065,48.1206,545546,66.0526,66.0386,5148617,17.14,5894.68,17.1151
2024-09-17,550.0491,550.0882,49320970,48.0402,48.0355,1037952,65.2754,65.252,4484704,17.61,5829.2,16.5794
2024-09-18,548.4177,548.3542,59044937,47.8982,47.9029,671501,64.9758,64.943,4204179,18.23,5887.91,17.0602
2024-09-19,557.7762,557.7225,75315470,48.9489,48.9489,1433008,66.6988,66.7128,6376082,16.33,5946.87,15.4193
2024-09-20,556.8115,556.6694,77503110,48.2579,48.2626,928603,66.7362,66.7315,6623050,16.15,5850.33,16.1859
2024-09-23,558.2029,558.1392,44116922,48.3052,48.31,602775,67.1389,67.1529,3480511,15.89,5850.33,16.3693
2024-09-24,559.8001,559.7364,46805672,48.9016,48.9016,950297,66.5583,66.577,5007147,15.39,5714.39,16.02
2024-09-25,558.5655,558.5165,38428587,48.5892,48.6034,1244372,66.4366,66.4319,3972412,15.41,5742.79,16.2155
2024-09-26,560.78,560.7555,48336004,49.8955,49.8624,1614114,68.3468,68.3327,6694540,15.37,5759.88,16.3795
2024-09-27,559.9667,559.903,42100928,49.9713,49.9665,1574509,66.5583,66.5443,8990238,16.96,5796.05,15.9531
2024-09-30,562.2106,562.4654,63655448,49.4412,49.4601,1620733,66.989,66.9656,5043426,16.73,6194.21,18.0647
2024-10-01,557.1741,557.2475,72668778,48.7123,48.7217,1127946,67.0827,67.0593,5127986,19.26,6024,21.1034
2024-10-02,557.4092,557.3847,38097798,48.5608,48.5608,1029306,66.6988,66.6847,4396319,18.9,6405.44,19.8893
2024-10-03,556.3902,556.3559,40846466,48.0497,48.0591,862589,66.4366,66.4319,3879301,20.49,6290.3,21.2197
2024-10-04,561.4463,561.3826,43005186,48.3999,48.4141,1445467,67.3074,67.2746,4021766,19.21,6388.2,20.2537
2024-10-07,556.3706,556.3853,49964690,48.0875,48.1301,2002288,66.5208,66.5443,2930407,22.64,6493.88,20.2202
2024-10-08,561.6325,561.5982,37398693,48.1443,48.1774,517153,66.7268,66.7222,2883643,21.42,6598.55,20.2825
2024-10-09,565.5226,565.4687,37912244,48.2674,48.3147,2727288,66.3804,66.4038,2758466,20.86,6381.81,19.3657
2024-10-10,564.5329,564.4986,44138060,48.1159,48.1206,644807,66.3897,66.3851,2604780,20.93,6489.27,19.1897
2024-10-11,567.9134,567.8693,42267994,48.3904,48.3952,1583306,66.5302,66.5349,3398152,20.46,6387.58,18.4665
2024-10-14,572.558,572.5237,36217215,48.6555,48.6649,861637,66.6426,66.6285,2416148,19.7,6387.58,17.6747
2024-10-15,568.1094,568.0996,54203636,47.6237,47.6379,3110183,65.2754,65.2989,6168135,20.64,6255.92,18.5964
2024-10-16,570.5787,570.5199,30725436,47.5574,47.5432,2225663,65.6687,65.6547,6439898,19.58,6419.02,19.2128
2024-10-17,570.6277,570.564,34393714,47.671,47.6663,810966,65.3223,65.3363,3022097,19.11,6524.33,18.2664
2024-10-18,572.8226,572.7785,37416801,48.1632,48.1538,679032,65.6687,65.65,2005763,18.03,6401.49,17.2509
2024-10-21,571.8819,571.9309,36439010,47.5953,47.5858,952156,64.5825,64.6059,3082702,18.37,6291.99,18.8489
2024-10-22,571.5782,571.5733,34183835,47.3776,47.3823,913329,63.7304,63.7351,3750056,18.2,6533.92,18.6169
2024-10-23,566.3554,566.2918,49314574,47.0463,47.0605,2339581,62.4288,62.4148,7336845,19.24,6667.27,18.9938
2024-10-24,567.5803,567.5117,34979860,47.3492,47.3492,2052891,62.9438,62.9579,4179440,19.08,6646.45,19.1718
2024-10-25,567.3843,567.3696,47268176,47.1504,47.1646,756922,62.9626,62.9485,3168174,20.33,6650.43,18.9165
2024-10-28,569.1383,569.0844,30174704,47.5953,47.6095,1624971,63.3933,63.3793,2905530,19.8,6790.59,18.6585
2024-10-29,570.0594,569.9957,42899661,47.3113,47.3255,2830650,64.0113,64.0254,4447978,19.34,6622.14,18.9946
2024-10-30,568.3348,568.2711,41435839,46.9137,46.8995,2462988,64.0675,64.0722,6802446,20.35,6566.15,19.9312
2024-10-31,557.1937,557.0859,60182451,46.6676,46.6534,2051459,63.7398,63.7351,5205558,23.16,6546.53,21.7302
2024-11-01,559.5453,559.5257,45667533,46.8096,46.7954,1906800,63.6555,63.6415,3371635,21.88,6719.27,21.094
2024-11-04,558.3401,558.3009,38216975,46.7907,46.7907,2231906,63.7117,63.7257,2371882,21.98,6719.27,20.9586
2024-11-05,565.0914,565.0816,39478322,47.245,47.2592,727169,64.6762,64.6808,3278743,20.49,6739.76,19.8482
2024-11-06,579.1428,579.1281,68181968,45.9009,45.9151,1498558,64.9664,64.9899,3993233,16.27,6300.59,18.4866
2024-11-07,583.6208,583.562,47233212,46.6865,46.6818,2340315,65.5283,65.533,4614818,15.2,6080.99,16.7385
2024-11-08,586.1488,586.2076,46444893,45.9435,45.9435,1891171,65.0133,65.0273,5076777,14.94,5750.46,16.7768
2024-11-11,586.7074,586.6731,37586773,45.9198,45.9245,1999542,65.1724,65.1771,2468496,14.97,5688.3,16.7866
2024-11-12,584.8848,584.8652,43006128,44.9353,44.9401,3209715,64.1424,64.1471,8155653,14.71,5592.16,17.9442
2024-11-13,585.169,585.1592,47388640,44.6608,44.6655,2548017,63.4308,63.4448,4318640,14.02,5846.35,17.6841
2024-11-14,581.4063,581.4357,38904109,45.0111,45.0016,6874304,63.5057,63.5197,4324038,14.31,5777.76,17.1048
2024-11-15,573.9592,573.92,75988766,44.8975,44.9069,1437896,63.1967,63.2201,5632378,16.14,5852.57,17.2116
2024-11-18,576.3109,576.306,37084081,45.0868,45.0915,2449767,63.5619,63.604,3377876,15.58,6055.71,17.7888
2024-11-19,578.4176,578.403,49412046,44.8312,44.8454,1809211,63.4682,63.4542,3934157,16.35,5911.47,19.2251
2024-11-20,578.6136,578.6185,50032576,44.6608,44.6561,1879717,63,62.986,3348747,17.16,5965.21,20.0581
2024-11-21,581.7198,581.6463,46750285,44.4904,44.4952,985253,63.1779,63.1733,3260729,16.87,6027.18,18.952
2024-11-22,583.5228,583.4934,38226390,44.5283,44.533,2184278,63.6274,63.6508,7229321,15.24,5910.86,17.9689
2024-11-25,585.5021,585.4139,42441393,44.8501,44.8359,1665932,64.0675,64.0535,4668628,14.6,5731.51,17.2061
2024-11-26,588.5593,588.6426,45621288,44.5283,44.5046,1504362,63.7398,63.7257,5239089,14.1,5918.09,17.7285
2024-11-27,586.7759,586.7319,34000163,44.7744,44.7602,1726747,63.5619,63.5572,4889842,14.1,5924.39,18.298
2024-11-28,586.7759,586.7319,34000163,44.7744,44.7602,1726747,63.5619,63.5572,4889842,13.9,5881.58,17.5996
2024-11-29,590.4211,590.3329,30177351,45.3045,45.3045,1569655,65.2567,65.252,4501897,13.51,5941.88,16.9607
2024-12-02,591.4793,591.5087,31745989,45.3518,45.3566,1646353,66.0526,66.0761,5485092,13.34,5696.2,17.1832
2024-12-03,591.7537,591.6998,26906629,45.579,45.5648,1520765,66.9984,67.0078,9106545,13.3,5586.71,16.4657
2024-12-04,595.4282,595.3694,42787561,45.8346,45.8204,2605221,66.6238,66.6473,6875639,13.45,5568.13,15.8362
2024-12-05,594.4483,594.3944,28762183,46.412,46.4215,2073887,66.5021,66.5068,2903903,13.54,5541,15.0065
2024-12-06,595.5752,595.6487,31241549,46.6297,46.6155,2156019,66.5583,66.5723,2825432,12.77,5391.29,14.4806
2024-12-09,592.5082,592.4641,34742738,46.4972,46.5114,1776997,65.9777,66.0011,2658456,14.19,5663.37,14.6755
2024-12-10,590.666,590.7444,37234515,46.2322,46.2558,1283175,65.6219,65.6079,2204382,14.18,5715.18,15.1765
2024-12-11,595.2322,595.2812,28677723,46.3647,46.3694,1593838,66.5489,66.5255,5726403,13.58,5690.91,14.0708
2024-12-12,592.1652,592.1799,31543812,46.1091,46.0996,599743,65.8935,65.9075,2526971,13.92,5738.26,13.8367
2024-12-13,592.0477,592.1113,35904730,46.2606,46.2653,1164364,65.1163,65.1397,3062703,13.81,5899.85,13.7514
2024-12-16,594.5757,594.5512,43695179,46.0996,46.1044,668297,64.7792,64.7651,3234138,14.69,5789.74,14.4233
2024-12-17,592.126,592.0623,55773545,45.9055,45.9246,1727618,64.5552,64.5409,3230857,15.87,5636.42,14.574
2024-12-18,574.4786,574.5129,108248729,44.7524,44.8715,1449706,62.9384,62.9147,4300763,27.62,5627.3,14.5245
2024-12-19,574.3022,574.3316,85919452,44.781,44.7858,1128460,63.1382,63.1524,4716040,24.09,5862.99,18.6281
2024-12-20,581.1999,580.9541,125716674,44.9144,44.9096,1616246,62.967,62.9907,5425542,18.36,6025.92,16.8404
2024-12-23,584.6803,584.7688,57635828,45.0288,45.0431,832941,63.2333,63.257,5074039,16.78,5728.52,17.1927
2024-12-24,591.179,591.1348,33160097,45.3337,45.3147,554991,63.1952,63.219,1630497,14.27,5693.23,17.1927
2024-12-25,591.179,591.1348,33160097,45.3337,45.3147,554991,63.1952,63.219,1630497,14.27,5753.99,17.1927
2024-12-26,591.2184,591.1102,41338891,45.4957,45.4814,563669,63.9275,63.9132,2345093,14.73,5562.37,17.1927
2024-12-27,584.9949,584.9802,64969310,45.3147,45.3194,763677,64.4125,64.4173,4033461,15.95,5422.04,16.2708
2024-12-30,578.3192,578.3438,56578757,44.9239,44.9382,1249150,63.8704,63.8562,3564864,17.4,5576.51,17.003
2024-12-31,576.2152,576.1464,57052654,44.9811,44.9668,2551246,63.8134,63.8276,2758969,17.35,5576.51,17.003
2025-01-01,576.2152,576.1464,57052654,44.9811,44.9668,2551246,63.8134,63.8276,2758969,17.35,5576.51,17.003
2025-01-02,574.7995,574.7356,50203975,44.6285,44.6428,1269536,63.7278,63.723,4486345,17.93,5576.51,17.1965
2025-01-03,581.9864,581.893,37888459,44.7047,44.6905,766592,63.9846,63.9798,3699950,16.13,5576.51,16.9253
2025-01-06,585.339,585.3734,47679442,45.753,45.734,2395977,64.1272,64.1034,5238661,16.04,5548.86,16.4339
2025-01-07,578.7223,578.8157,60393052,45.7626,45.7816,978530,63.9751,63.9893,4052347,17.82,5312.55,16.3092
2025-01-08,579.5678,579.4941,47304672,45.572,45.5815,1094886,63.8134,63.7991,3607320,17.7,5384.12,17.1103
2025-01-09,579.5678,579.4941,47304672,45.572,45.5815,1094886,63.8134,63.7991,3607320,18.07,5470.92,16.9701
2025-01-10,570.7193,570.7439,73105046,45.2384,45.2337,1410290,62.0445,62.0778,3805183,19.54,5397.41,18.2062
2025-01-13,571.6042,571.7467,47910060,45.0288,45.0431,867674,62.2157,62.2014,4544636,19.19,5397.41,18.8843
2025-01-14,572.3907,572.3759,48420580,45.4576,45.4528,1150296,62.092,62.1063,3784782,18.71,5627.33,17.7041
2025-01-15,582.8024,582.7828,56900159,45.8865,45.9008,907463,63.024,63.0003,3968345,16.12,5450.37,16.1034
2025-01-16,581.6816,581.7455,43319662,46.4106,46.3963,893225,62.6246,62.6484,4016376,16.6,5576.99,15.5624
2025-01-17,587.5217,587.4971,58070628,46.7441,46.7299,1014759,62.9384,62.9337,2116626,15.97,5581.08,15.7161
2025-01-20,587.5217,587.4971,58070628,46.7441,46.7299,1014759,62.9384,62.9337,2116626,15.81,5338.79,16.6291
2025-01-21,592.8996,592.7669,42532853,47.6971,47.6733,1215946,64.0321,64.0369,4044717,15.06,5333.47,15.452
2025-01-22,596.2325,596.1293,48195973,47.6781,47.6638,1094409,63.956,63.9418,2769597,15.1,5160.55,15.003
2025-01-23,599.4868,599.4573,41152102,48.1165,48.1022,1249004,64.4981,64.4934,2686848,15.02,5111.87,14.9751
2025-01-24,597.7368,597.6974,34604693,48.288,48.2594,4028898,65.1258,65.1115,2731590,14.85,5052.3,14.8591
2025-01-27,589.2815,589.3258,70361125,48.2785,48.2832,1367628,64.422,64.4363,3199646,17.9,5286.64,16.7627
2025-01-28,594.3448,594.3006,44433322,48.0307,48.0259,935777,64.9641,64.9403,2162598,16.41,5472.68,16.1654
2025-01-29,591.6805,591.6706,37177429,48.1546,48.1403,992798,64.7644,64.7596,7954008,16.56,5254.27,15.7371
2025-01-30,594.8561,594.7873,39281255,48.5739,48.5787,1213991,65.7344,65.7297,2437075,15.84,5136.67,14.9092
2025-01-31,591.6903,591.6559,66671471,48.1927,48.1784,1555862,64.9641,64.9784,5203258,16.43,5155.42,15.3582
2025-02-03,587.7085,587.5856,65857248,47.3826,47.3684,2227316,64.3459,64.3412,5195548,18.62,5628.38,17.5847
2025-02-04,591.651,591.6215,33457815,48.0783,48.0926,886728,64.9261,64.9213,2502498,17.21,5478.25,16.772
2025-02-05,594.0499,593.9909,30653149,48.4309,48.4452,728279,65.7344,65.7202,4840195,15.77,5335.45,16.4786
2025-02-06,596.1145,596.144,35771503,48.8503,48.8455,1003076,66.0007,66.0055,3382848,15.5,5228.45,15.9968
2025-02-07,590.658,590.6727,50788516,48.307,48.3309,2325626,65.1258,65.1496,7605571,16.54,5284.87,16.6533
2025-02-10,594.6693,594.6005,26048714,48.6597,48.6644,2211520,65.3826,65.3398,2548019,15.81,5141.44,16.6204
2025-02-11,595.1215,595.0281,30056740,49.2219,49.2267,2333535,65.3731,65.3873,2063668,16.02,5141.44,16.2439
2025-02-12,593.2044,593.2093,45076076,49.7937,49.7794,4307391,64.6883,64.6836,3842951,15.89,5130.73,16.1661
2025-02-13,599.4671,599.418,40921297,50.3369,50.3226,3172900,65.8676,65.8533,3080393,15.1,4920.22,16.5174
2025-02-14,599.4377,599.4426,26910448,50.6323,50.6371,2346348,65.9722,65.9009,2238030,14.77,5139.35,15.8773
2025-02-17,599.4377,599.4426,26910448,50.6323,50.6371,2346348,65.9722,65.9009,2238030,15.37,4884.51,16.2139
2025-02-18,601.1975,601.0746,26749030,50.9087,50.9135,1059059,66.6664,66.6712,2859684,15.35,4823.35,16.1668
2025-02-19,602.6133,602.5887,31011072,50.0987,50.1034,1690346,66.2099,66.2052,3409422,15.27,4718.83,17.4199
2025-02-20,600.1062,600.121,36554002,50.4513,50.456,859581,66.2955,66.3193,3018237,15.66,4797.25,17.5164
2025-02-21,589.8419,589.8862,76519818,50.1273,50.1368,1933835,65.7059,65.7202,2675624,18.21,4770.19,16.4749
2025-02-24,587.1579,587.1431,50737213,50.1177,50.113,5302503,65.4111,65.4254,3263426,18.98,4770.19,16.949
2025-02-25,584.2379,584.1985,58266472,50.7181,50.7133,2488371,66.0673,66.0816,3972327,19.43,4875.55,17.7794
2025-02-26,584.5328,584.4296,43321578,50.7848,50.7896,1753596,66.1053,66.0816,2597333,19.1,5207.94,16.9863
2025-02-27,575.2026,575.1976,74196664,49.87,49.8604,2938576,65.6203,65.6346,4446755,21.13,4867.62,18.0257
2025-02-28,584.1789,584.0609,88744106,49.9271,50.0272,2328000,65.1163,65.1115,6836492,19.63,5162.8,18.6266
2025-03-03,573.9441,574.1604,74249199,51.004,50.9802,4363730,65.82,65.8438,5563126,22.78,4986.75,18.6125
2025-03-04,567.1504,567.1652,109648212,51.1088,51.1565,3498370,65.2779,65.2922,5134804,23.51,5238.73,22.6015
2025-03-05,573.2461,573.2215,71230528,52.8433,52.8385,5612016,66.714,66.6997,4002026,21.93,5099.29,21.4916
2025-03-06,563.0703,563.1637,80094868,52.4335,52.4287,3687456,66.2004,66.2052,4748722,24.87,5085.67,21.4432
2025-03-07,566.2262,566.1476,81158816,53.0625,53.0672,1834512,66.733,66.7378,4235869,23.37,5398.2,22.6623
2025-03-10,551.1444,551.3165,99326624,51.6997,51.7188,2485180,65.316,65.3398,5837118,27.86,5362.81,23.9196
2025-03-11,546.5629,546.7546,88102109,51.7902,51.7902,2364148,64.9166,64.9023,6966709,26.92,5540.67,24.3017
2025-03-12,549.4632,549.4976,69588167,51.8712,51.8855,2065037,66.1148,66.1101,4705436,24.23,5477.83,21.8189
2025-03-13,542.1386,542.232,74079414,51.309,51.3233,2465727,65.8676,65.8914,2933969,24.66,5356.81,21.8301
2025-03-14,553.3369,553.3123,62660321,52.5479,52.5526,1468926,66.9042,66.8899,7266232,21.77,5111.1,20.2145
2025-03-17,557.6038,557.4711,49008709,53.1006,53.0958,2696751,67.6079,67.5937,3315500,20.51,4849.85,19.1141
2025-03-18,551.577,551.6213,66041422,53.4151,53.4198,1547883,67.4177,67.451,3352295,21.7,4673.16,18.9707
2025-03-19,557.5842,557.4711,66555985,53.4055,53.4103,2636301,68.1881,68.2023,3473227,19.9,4655.04,18.606
2025-03-20,555.9718,556.1586,62958195,52.5574,52.5621,1959574,67.8267,67.8124,2640384,19.8,4655.04,19.004
2025-03-21,556.1546,556.3666,83762964,52.1762,52.1714,1457168,67.8362,67.8409,3482127,19.28,4566.94,19.6916
2025-03-24,566.1144,566.0454,58766795,52.0999,52.0857,2856453,67.684,67.6698,3396853,17.48,4490.25,18.6099
2025-03-25,567.4753,567.3668,38355735,52.5145,52.5145,1993436,68.169,68.1548,12540278,17.15,4465.62,17.5911
2025-03-26,560.7006,560.8534,52228898,51.5567,51.5424,1479134,67.2846,67.2703,8323211,18.33,4388.54,19.02
2025-03-27,559.2115,559.1425,42164248,51.652,51.6473,1629003,67.1895,67.1847,4608563,18.69,4566.69,19.6106
2025-03-28,547.95,548.1226,71662653,51.3661,51.3614,1350556,65.8295,65.8438,7782264,21.65,4621.81,20.5966
2025-03-31,551.6282,551.3866,95328213,50.7467,50.761,2348151,65.2019,65.1971,4204581,22.28,5149.35,22.1452
2025-04-01,553.1863,553.2652,54609641,51.0326,51.0183,1690730,64.8595,64.8738,4730951,21.77,5127.5,21.0883
2025-04-02,556.6871,556.8103,76014544,51.2423,51.2327,790798,64.8785,64.8643,3999180,21.51,5137.21,21.3163
2025-04-03,529.2531,530.1948,125985998,50.3464,50.3655,3181362,62.2062,62.2014,9542644,30.02,5630.09,25.5394
2025-04-04,498.269,498.4958,217965131,47.2206,47.2063,4366080,58.4972,58.5495,15532650,45.31,5937.76,34.2211
2025-04-07,497.3815,497.564,256611355,45.8197,45.8722,5023400,58.3165,58.3403,19735340,46.98,5845.3,46.7206
2025-04-08,489.5911,489.8673,165816581,45.3909,45.4338,5402234,58.6303,58.6636,13116011,52.33,5764.81,36.3937
2025-04-09,541.0077,535.8996,241867317,49.422,49.4554,4757735,63.0906,63.0858,18189338,33.62,6449.31,45.8676
2025-04-10,517.3012,517.4097,162331225,48.5644,48.612,3614131,61.0744,61.0792,11273664,40.72,5987.19,37.0404
2025-04-11,526.5314,526.5708,97866334,49.7079,49.7556,3896230,62.5961,62.6008,6951810,37.56,6410.77,39.5631
2025-04-14,531.6395,531.4916,68033993,50.0606,50.0939,4848778,63.6232,63.6184,5196246,30.89,6331.65,29.0826
2025-04-15,530.1504,530.2491,56892874,50.5847,50.5799,2734878,64.1367,64.151,3788707,30.12,6297.52,25.9458
2025-04-16,518.3663,518.4304,83484814,50.5085,50.5037,3498300,63.5091,63.4948,7811682,32.64,6595.72,26.2958
2025-04-17,519.1059,519.0615,79868083,50.842,50.8515,1998424,64.7359,64.7406,4224167,29.65,6461.07,26.1784
2025-04-18,519.1059,519.0615,79868083,50.842,50.8515,1998424,64.7359,64.7406,4224167,29.65,6299.85,26.1784
2025-04-21,506.7497,506.8533,69368129,50.4132,50.3989,2476482,64.5932,64.5789,4567801,33.82,6408.07,26.1784
2025-04-22,519.9342,519.6186,75948117,51.6044,51.6044,2749486,65.8771,65.8914,3457905,30.57,6523.91,25.7383
2025-04-23,527.9908,527.9465,90590658,51.9665,51.9379,3442557,66.0768,66.072,4085873,28.45,6211.2,24.5368
2025-04-24,539.1045,538.9516,64150418,52.6908,52.686,1351274,66.8376,66.8043,2697032,26.47,6227.72,23.3776
2025-04-25,542.9997,542.901,61119590,53.0243,53.0291,1725863,67.3036,67.2798,3110138,24.84,6130.04,21.9681
2025-04-28,543.2067,543.2906,47613755,53.1959,53.1816,36625494,68.2261,68.2214,4233947,25.15,6072.48,22.3621
2025-04-29,546.6286,546.4511,47775121,53.2721,53.2817,1310535,68.4924,68.5067,3204661,24.17,6072.48,21.6048
2025-04-30,546.8455,546.6532,93101463,53.1006,53.0863,3108429,67.9313,67.9265,5619263,24.7,6029.03,22.4714
2025-05-01,550.721,550.6914,63186146,53.1292,53.1101,1396541,67.684,67.6935,2985744,24.6,5827.24,22.4714
2025-05-02,558.896,558.7776,60717270,54.1203,54.1251,2814461,68.3688,68.345,4918891,22.68,5862.27,20.5365
2025-05-05,555.6911,555.7256,38659222,54.3014,54.2775,1439079,68.8443,68.83,2882774,23.64,5862.27,20.2803
2025-05-06,551.0464,551.0612,48264708,54.2013,54.2013,1875036,68.8823,68.8776,3265337,24.76,5862.27,20.7876
2025-05-07,553.3638,553.4279,55733229,54.025,54.0012,1340510,68.4544,68.4591,4633253,23.55,5824.53,21.6622
2025-05-08,557.2196,557.0766,65130787,54.0012,54.0012,1005693,68.3117,68.3165,3117927,22.48,6066.87,20.4215
2025-05-09,556.5096,556.4603,37603427,54.4538,54.4634,804078,68.4829,68.4781,2150814,21.9,6011.04,20.5188
2025-05-12,574.9008,574.7529,78993570,54.5205,54.5158,1277000,69.2342,69.2104,3030845,18.39,5761.71,18.1951
2025-05-13,578.6974,578.6678,67947225,54.9017,54.8922,1312648,68.7111,68.6874,3858871,18.22,5337.55,16.5618
2025-05-14,579.437,579.4024,66283531,54.7778,54.7921,3344789,67.9503,67.9646,17474875,18.62,5205.49,17.2092
2025-05-15,582.2671,582.2129,71268145,55.1972,55.2019,1154196,68.7587,68.7729,4360432,17.83,5473.37,16.6144
2025-05-16,585.9552,586.0391,76052101,55.3401,55.3258,983625,68.9394,68.9631,1920055,17.24,5554.52,16.36
2025-05-19,586.5962,586.68,68168509,56.0072,55.9929,1029929,69.0155,69.0202,3200856,18.14,5492.53,16.8065
2025-05-20,584.624,584.5796,60614492,56.4456,56.4408,2996375,69.4149,69.3911,3722394,18.09,5591.24,16.5755
2025-05-21,574.7726,574.886,95197657,56.1311,56.1263,1859280,68.7682,68.7729,5208961,20.87,5514.35,16.6869
2025-05-22,574.9994,574.9452,70860417,56.1216,56.1263,1317956,68.8252,68.8395,2797296,20.28,5569.27,18.3557
2025-05-23,571.0746,571.1387,76029046,55.6737,55.6689,2751329,69.4529,69.4672,8336325,22.29,5622.6,22.482
2025-05-26,571.0746,571.1387,76029046,55.6737,55.6689,2751329,69.4529,69.4672,8336325,20.57,5675.48,19.6395
2025-05-27,582.9476,582.8588,72588475,56.5695,56.5647,2716755,71.2789,71.2836,6062666,18.96,5700.25,18.5701
2025-05-28,579.575,579.5504,68445512,56.0072,56.0024,3925609,70.0045,70.0093,5543942,19.31,5672.77,19.3138
2025-05-29,581.8628,581.8086,70073758,56.2836,56.255,3575869,70.4039,70.3897,3182222,19.18,5546.24,19.0139
2025-05-30,581.212,581.2859,90601242,56.2169,56.1502,2617289,70.4895,70.4562,5838952,18.57,5596.94,19.1549
2025-06-02,584.4859,584.4021,61630502,56.7887,56.803,4460456,71.3645,71.3597,6737768,18.36,5632.82,19.9809
2025-06-03,587.819,587.8437,63606204,56.3693,56.3646,2473850,70.499,70.5133,3350696,17.69,5683.77,18.661
2025-06-04,587.6612,587.6317,57314199,56.6838,56.6791,2874905,70.4515,70.4753,5388432,17.61,5356.29,18.5133
2025-06-05,584.8212,584.7571,92436397,56.7791,56.7839,2418674,69.7953,69.781,5196953,18.48,5625.44,17.7476
2025-06-06,590.8267,590.7133,66588743,56.9125,56.9078,1014671,70.2042,70.1995,3500422,16.77,5647.11,17.4197
2025-06-09,591.3592,591.2458,53016418,56.884,56.8697,2061802,70.3088,70.2851,3937883,17.16,5537.21,17.6324
2025-06-10,594.712,594.6775,66246973,56.8935,56.8983,1626103,70.2613,70.247,3281031,16.95,5420.91,17.7408
2025-06-11,593.0159,593.0603,73658225,56.8172,56.8077,1502623,70.0616,70.0663,3675429,17.26,5299.46,17.2454
2025-06-12,595.3727,595.3185,64129003,57.1889,57.2032,1704462,70.5751,70.5799,2871310,18.02,5515.26,19.3663
2025-06-13,588.7164,588.6622,89505996,56.2264,56.2121,1894404,69.995,69.9998,3509624,20.82,5709.28,21.7307
2025-06-16,594.3176,594.3422,79984125,56.7112,56.6966,2799761,70.1303,70.116,3040775,19.11,5600.58,19.9802
2025-06-17,589.239,589.2736,82209365,55.7771,55.7625,2949903,69.2962,69.3106,4327707,21.6,5521.05,22.0994
2025-06-18,589.1503,589.1651,76605029,55.7381,55.7527,2355577,70.0345,70.0584,4523054,20.14,5139.72,22.3987
2025-06-19,589.1503,589.1651,76605029,55.7381,55.7527,2355577,70.0345,70.0584,4523054,22.17,5855.53,24.949
2025-06-20,587.7669,587.7125,94051374,55.5922,55.5873,3562443,68.7977,68.8121,5251017,20.62,5764.94,22.4761
2025-06-23,593.5725,593.528,87426039,56.1176,56.1322,1607375,69.047,69.0422,4849455,19.83,5915.31,22.4455
2025-06-24,600.1299,600.1051,67735293,56.9837,56.9788,2252410,69.7373,69.7133,4095856,17.48,5539.06,18.8458
2025-06-25,600.4661,600.4315,62114767,56.6334,56.6431,1187189,69.4496,69.464,3226226,16.76,5489.21,18.9975
2025-06-26,605.1641,605.1789,78548361,56.9642,56.9837,3394200,70.9165,70.8733,4326433,16.59,5291.61,18.4985
2025-06-27,608.1708,608.1164,86258398,57.6843,57.6892,1400944,72.1724,72.1772,10262559,16.32,5333.68,17.4037
2025-06-30,611.0785,611.1329,92502541,57.8497,57.8692,2327750,71.8752,71.8512,6464268,16.73,5309.87,17.6686
2025-07-01,610.8807,610.7967,70030140,57.7184,57.7184,1269102,71.3479,71.3623,7652638,16.83,5399.68,17.6662
2025-07-02,613.6501,613.5759,66510374,58.0735,58.0881,3924618,71.3863,71.4006,3670427,16.64,5485.61,17.7453
2025-07-03,618.4865,618.4914,51065789,58.0054,57.986,1065321,71.5205,71.5109,1990415,16.38,5512.3,17.232
2025-07-04,618.4865,618.4914,51065789,58.0054,57.986,1065321,71.5205,71.5109,1990415,17.48,5540.73,19.0519
2025-07-07,613.8775,613.9715,74814505,57.6746,57.6697,2064374,69.814,69.8187,11486022,17.79,5653.56,18.4761
2025-07-08,613.5413,613.5066,59024585,58.2876,58.2827,3194160,70.1687,70.1831,4668104,16.81,5535.35,17.4042
2025-07-09,617.2205,617.1661,66113326,59.0077,59.0126,1144809,70.2741,70.2789,4077741,15.94,5333.66,16.6112
2025-07-10,618.9612,618.9563,57528960,58.6282,58.6428,2647570,69.929,69.9338,2427719,15.78,5319.66,15.9921
2025-07-11,616.7853,616.7705,63670226,58.0735,58.0833,2181584,69.3729,69.3873,3110761,16.4,5233.06,17.112
2025-07-14,617.9623,617.8782,51898518,58.0054,58.02,1958087,69.4209,69.4257,2233562,17.2,5186.68,17.7391
2025-07-15,615.3215,615.2919,74317260,57.334,57.3291,3150219,68.7306,68.7258,4302518,17.38,5060.32,17.745
2025-07-16,617.3787,617.3342,88987511,57.5091,57.514,3443039,69.047,69.0326,7632856,17.16,5268.16,19.0409
2025-07-17,621.1569,621.0975,68885683,57.6648,57.66,4453302,69.4017,69.4161,4096277,16.52,5367.47,17.4186
2025-07-18,620.7019,620.7069,65621645,57.5091,57.4897,2030467,68.8456,68.8504,5679228,16.41,5395.28,17.6953
2025-07-21,621.8789,621.8492,63374984,57.7232,57.7281,2201736,69.6126,69.627,4380139,16.65,5395.28,17.6071
2025-07-22,621.9679,621.9333,60046288,57.9178,57.913,2248903,69.9673,69.9817,9150675,16.5,5078.31,18.8583
2025-07-23,627.2592,627.2048,70511036,59.2023,59.2072,4263810,73.3325,73.342,19572542,15.37,5004.39,18.4217
2025-07-24,627.4669,627.4917,71307134,58.4725,58.4725,1956142,73.39,73.3948,7504516,15.39,5157.9,17.7226
2025-07-25,630.1176,630.0335,56865364,58.6671,58.672,2197969,72.5559,72.5511,9017884,14.93,5181.17,17.7999
2025-07-28,629.9593,629.9148,54917102,57.5189,57.514,1398123,71.2041,71.2089,6767808,15.03,5149.58,17.2263
2025-07-29,628.2977,628.278,60556278,57.7232,57.7086,2379993,70.8302,70.8254,6473676,15.98,5184.6,16.6623
2025-07-30,627.5065,627.5411,80418851,57.2269,57.2367,2249930,70.9261,70.9404,7624858,15.48,5141.37,16.4878
2025-07-31,625.1526,625.0389,103385246,56.5069,56.4971,3682454,70.5809,70.5953,8368163,16.72,5200.17,17.5426
2025-08-01,614.9061,614.9012,140103572,55.9522,55.9473,2597812,71.0124,71.0459,7790785,20.38,5234.66,21.7948
2025-08-04,624.2526,624.1537,73218015,56.6528,56.6674,2529418,72.182,72.206,5963559,17.52,5467.09,19.674
2025-08-05,621.0876,621.142,68051401,56.7307,56.7355,3424005,71.9327,71.9567,4310036,17.85,5310.12,18.8283
2025-08-06,625.8449,625.7361,64357525,57.2269,57.2464,1188251,72.8914,72.9058,5501593,16.77,5339.51,18.3912
2025-08-07,625.3207,625.3652,74205791,57.9276,57.9227,3392993,73.4571,73.4619,5575650,16.57,5330.39,18.0797
2025-08-08,630.1967,630.1374,64051626,58.1611,58.1708,2028812,74.713,74.7178,7746951,15.15,5335.72,17.3952
2025-08-11,628.9505,628.8664,58742300,57.7524,57.767,764822,74.5788,74.6028,3296457,16.25,5335.72,17.7594
2025-08-12,635.6463,635.5919,64821798,58.3265,58.3314,1006828,75.9593,75.9737,8737725,14.73,5326.85,16.6707
2025-08-13,637.8222,637.7975,60092790,58.8131,58.8325,1451300,75.9977,76.0025,5795622,14.49,5371.15,16.1568
2025-08-14,637.8815,637.8667,59327466,59.0953,59.0953,1322570,75.5471,75.5327,4498868,14.83,5636.05,15.9899
2025-08-15,636.3881,636.4029,68592507,59.3969,59.3872,1481463,76.8414,76.8653,5581968,15.09,5643.83,15.8372
2025-08-18,636.2496,636.2249,43804914,59.0855,59.1001,886117,76.9852,76.99,3725727,14.99,5603.16,16.3955
2025-08-19,632.7979,632.7484,69750731,59.2023,59.2072,1995790,76.7167,76.7024,5465035,15.57,5567.46,15.7601
2025-08-20,631.1165,631.0572,88890298,59.358,59.3629,813681,76.3524,76.3764,5201941,15.69,5704.27,16.5922
2025-08-21,628.5846,628.6192,54805775,58.9298,58.9444,1278741,75.4512,75.4656,6606198,16.6,5733.38,16.7329
2025-08-22,638.2376,638.1733,84083214,59.8445,59.8591,1077213,76.7167,76.7119,5437296,14.22,5694.18,15.0619
2025-08-25,635.4287,635.4436,51274332,58.8228,58.8082,1085917,75.7868,75.8012,5422143,14.79,5543.92,16.8794
2025-08-26,638.0892,638.0546,51581565,58.5893,58.5893,1753464,75.6621,75.6717,2945564,14.62,5514.22,18.0006
2025-08-27,639.5431,639.5184,48341069,58.346,58.3411,931882,75.3841,75.4081,3481756,14.85,5379.86,17.8382
2025-08-28,641.808,641.7586,61519461,58.5601,58.5747,1516154,76.0169,76.0408,5493560,14.43,5420.65,17.1032
2025-08-29,637.9804,637.9508,74522192,58.2,58.2341,1250736,75.0486,75.0534,6054033,15.36,5338.11,17.5646
2025-09-01,637.9804,637.9508,74522192,58.2,58.2341,1250736,75.0486,75.0534,6054033,16.12,5472.22,17.6491
2025-09-02,633.2528,633.3171,81983545,57.4459,57.4459,1500131,74.9239,74.9095,5760944,17.17,5366.69,19.7201
2025-09-03,636.6848,636.581,70820898,57.5578,57.5627,1173836,74.713,74.7082,5068256,16.35,5483.18,18.4109
2025-09-04,642.0058,641.8723,65219228,57.8789,57.8935,1373781,75.48,75.4752,3655291,15.3,5383.49,17.4261
2025-09-05,640.1464,640.1019,85178935,58.0443,58.0443,1379073,75.9114,75.9162,5648004,15.18,5363.03,17.6769
2025-09-08,641.719,641.6844,63133104,58.5893,58.6039,1242361,77.6179,77.6323,6346497,15.11,5400.66,16.8772
2025-09-09,643.2026,643.2026,66133856,58.5893,58.5649,921360,76.7551,76.7599,6070700,15.04,5418.37,16.7284
2025-09-10,645.062,645.0768,78034529,58.3363,58.3606,1051740,77.0427,77.0571,6028108,15.35,5462.6,16.8283
2025-09-11,650.4226,650.388,69934360,58.998,59.0077,3021077,77.9631,77.9775,4782018,14.71,5439.39,15.8198
2025-09-12,650.205,650.1901,72780135,58.959,58.9542,1150838,77.4262,77.4406,5509422,14.76,5384.15,15.3874
2025-09-15,653.6666,653.6073,63772412,59.5234,59.5429,1032446,77.9918,78.0062,4639452,15.69,5384.15,15.4924
2025-09-16,652.7666,652.7023,61168953,59.3677,59.3629,1705237,77.9918,77.9966,4636816,16.36,5309.92,16.7746
2025-09-17,651.9556,651.9358,101952244,59.0563,59.0612,1480836,77.8193,77.8432,5829457,15.72,5276.25,16.8035
2025-09-18,655.0018,655.0266,90459242,59.5332,59.5526,1404099,78.1261,78.15,5465435,15.7,5437.64,15.4147
2025-09-19,658.2461,658.1618,97945620,59.4067,59.3872,1751801,77.4549,77.4693,5099558,15.45,5451.77,15.6575
2025-09-22,661.3603,661.276,69452201,59.5332,59.5477,1892192,77.896,77.9008,3429098,16.1,5413.76,16.7855
2025-09-23,657.7601,657.7948,81708872,59.6791,59.6742,1658362,77.7426,77.7378,4353365,16.64,5413.76,16.5774
2025-09-24,655.6675,655.603,68082229,59.3775,59.3629,1129508,77.5125,77.5269,4906028,16.18,5455.97,16.7904
2025-09-25,652.6425,652.5384,89622067,58.9104,58.9055,2155508,77.1386,77.1434,4855950,16.74,5414.82,17.3201
2025-09-26,656.3815,656.3072,69179209,59.6305,59.6451,6061939,77.1194,77.1146,9649880,15.29,5590.58,16.7089
2025-09-29,658.2263,658.1519,73499015,59.864,59.8689,4922749,77.1865,77.2105,5053588,16.12,5496.29,16.4747
2025-09-30,660.7057,660.6115,86288028,60.2727,60.3019,2128069,76.8989,76.9133,9629289,16.28,5415.24,16.6808
2025-10-01,662.9571,663.0116,72545369,60.9441,60.9393,4026475,76.8989,76.8941,6794769,16.29,5428.56,16.4721
2025-10-02,663.7207,663.6513,56895993,61.3042,61.2847,2685807,76.8414,76.827,6800982,16.63,5431.22,16.8099
2025-10-03,663.7108,663.7009,70494350,61.4112,61.3966,835405,78.4041,78.4185,8651754,16.65,5370.32,16.0879
2025-10-06,666.0911,666.0762,54623260,61.0512,61.056,1432197,79.8326,79.8182,8346517,16.37,5519.29,17.722
2025-10-07,663.6216,663.6364,72020067,60.4478,60.4624,1877173,78.5767,78.5958,6994422,17.24,5496.33,18.1863
2025-10-08,667.5788,667.5143,60702241,60.8371,60.8225,1455501,78.3753,78.3705,11043435,16.3,5517.37,17.5164
2025-10-09,665.6448,665.6696,66501941,60.2532,60.2581,1324609,78.1836,78.198,4539821,16.43,5652.22,17.2077
2025-10-10,647.6539,647.7431,159422589,59.3775,59.3531,2756942,75.1253,75.1396,11311861,21.66,6141.02,19.5951
2025-10-13,657.5915,657.6163,79560517,59.8251,59.8153,963318,76.0169,76.0408,7861596,19.03,6141.02,19.677
2025-10-14,656.7882,656.7634,88779560,60.1657,60.1997,1584360,76.7359,76.7263,6700866,20.81,6372.82,20.4203
2025-10-15,659.704,659.6197,81702555,60.3213,60.3311,1429152,77.9343,77.9487,7589028,20.64,6030.81,19.1624
2025-10-16,655.2112,655.246,110563346,60.8955,60.8857,1357392,78.1836,78.1884,5636303,25.31,6197.06,19.4014
2025-10-17,658.9304,658.856,96500870,60.876,60.8614,2250828,78.615,78.6102,6222293,20.78,6511.6,20.2369
2025-10-20,665.7836,665.7489,60493350,61.1874,61.1825,925281,80.0914,80.0962,5450864,18.23,6167.92,17.2249
2025-10-21,665.7737,665.7341,56249034,60.7398,60.769,1585782,79.1615,79.1471,5126791,17.87,6096.52,16.8686
2025-10-22,662.3124,662.3273,80564006,60.5549,60.5598,1380101,78.7876,78.8019,7076378,18.6,5984.47,17.7501
2025-10-23,666.2399,666.0861,65604461,60.9928,60.9782,1680331,78.8259,78.8307,3620433,17.3,6289.39,17.1344
2025-10-24,671.6847,671.5409,74356527,60.9636,60.9879,833416,79.0944,79.0896,3653247,16.37,6240.02,16.4822
2025-10-27,679.6091,679.5446,63339790,61.4307,61.4355,650408,80.0818,80.0675,2985745,15.79,6322.32,16.3429
2025-10-28,681.4141,681.3298,61738073,61.3431,61.3479,1390672,80.4653,80.4414,4523249,16.42,6211.22,16.4372
2025-10-29,681.7414,681.6472,85362207,61.1387,61.1533,1245809,79.7942,79.799,8550189,16.92,6367.13,17.0345
2025-10-30,674.2435,674.3774,76335751,60.7398,60.7544,2116951,79.775,79.7703,6073718,16.91,6510.42,16.8744
2025-10-31,676.4552,676.361,87164122,60.4965,60.4187,1725663,80.0051,79.9908,9755498,17.44,6915.45,17.8148
2025-11-03,677.7247,677.7396,57315025,60.4722,60.4722,808739,80.1873,80.2113,5288161,17.17,6915.45,18.1483
2025-11-04,669.6913,669.7954,78426969,59.7667,59.7716,858896,79.4107,79.4347,6613755,19,7131.93,18.6285
2025-11-05,672.012,671.9377,74402376,60.263,60.2678,1281704,79.382,79.3868,5594783,18.01,7246.36,17.8904
2025-11-06,664.8018,664.7373,85035298,59.8932,59.9127,1607039,79.5354,79.5402,5396031,19.5,7326.95,19.355
2025-11-07,665.4564,665.4068,100592443,60.1073,60.1024,1358766,79.8517,79.8661,5604501,19.08,7664.64,21.3775
2025-11-10,675.8403,675.7263,75842888,60.8565,60.8614,785218,80.2256,80.2209,5038368,17.6,7308.93,18.4871
2025-11-11,677.3875,677.2734,58953385,61.3917,61.3869,961500,80.2928,80.2976,6582671,17.28,7241.4,17.9533
2025-11-12,677.7644,677.69,62312484,62.0437,62.0291,2800855,80.8584,80.8776,6539016,17.51,6987.95,17.8413
2025-11-13,666.5176,666.5374,103457788,61.635,61.6155,2820858,79.5833,79.6264,7215645,20,6757.3,18.7927
2025-11-14,666.4085,666.4333,96846672,61.0998,61.1144,1317642,80.5133,80.5324,6153942,19.83,7207.93,19.1952
2025-11-17,660.1999,660.2098,90456105,60.1754,60.19,946685,79.0656,79.08,6967744,22.38,7162.88,20.2071
2025-11-18,654.6558,654.7302,114467488,59.4261,59.4407,1987026,77.4454,77.4502,6922399,24.69,7455.97,22.8943
2025-11-19,657.1849,657.1898,94702955,59.3093,59.3142,1990470,77.3495,77.3447,6066068,23.66,7756.68,23.0027
2025-11-20,647.1679,647.158,165293521,58.4628,58.4482,2075110,76.2086,76.2182,11263141,26.42,7607.48,21.8589
2025-11-21,653.6145,653.6541,123956203,59.1439,59.1585,2288348,77.8384,77.8624,8907886,23.43,8292.95,24.5552
2025-11-24,663.2348,663.3091,80437940,59.0661,59.0758,1405455,78.3657,78.3514,3799808,20.52,8292.95,21.1086
2025-11-25,669.4731,669.4582,81077088,60.0975,60.1121,1299493,78.5383,78.5431,5197012,18.56,8020.07,19.843
2025-11-26,674.0948,674.0601,71879597,60.7398,60.7252,1034531,79.823,79.8038,3711406,17.19,7700.33,18.49
2025-11-27,674.0948,674.0601,71879597,60.7398,60.7252,1034531,79.823,79.8038,3711406,17.21,7160.12,17.9447
2025-11-28,677.7743,677.7594,49212030,60.9733,61.0512,648521,79.5833,79.5785,2711789,16.35,6987.44,17.1178
2025-12-01,674.6799,674.6849,61201193,60.8955,60.9003,1206977,79.1231,79.1471,5020911,17.24,7028.02,17.331
2025-12-02,675.9296,675.8849,62953844,61.2555,61.2798,1791123,79.0656,79.0464,3848351,16.59,6957.76,17.091
2025-12-03,678.2702,678.1958,57238481,61.6739,61.6788,1319948,79.1998,79.2046,5501541,16.08,6806.58,16.6256
2025-12-04,678.7661,678.7859,61970336,61.6447,61.6399,1032488,80.1681,80.1825,4692430,15.78,6775.8,15.9813
2025-12-05,680.0554,680.0108,79241045,61.635,61.6301,1152588,80.2448,80.24,4187221,15.41,6876.82,15.7811
2025-12-08,678.0123,678.0173,55231462,61.6739,61.6642,1039834,79.7559,79.7798,3589592,16.66,6855.44,16.1095
2025-12-09,677.4272,677.442,58310055,61.5085,61.4939,1712278,79.8709,79.8853,3387150,16.93,6919.47,16.1193
2025-12-10,681.9199,681.8059,85671334,62.1118,62.0972,1837698,80.4462,80.4701,5887635,15.77,6990.44,16.2183
2025-12-11,683.5068,683.482,86173678,62.6859,62.7005,1472594,80.7434,80.7673,4377906,14.85,6992.81,15.0399
2025-12-12,676.1577,676.123,113160347,62.2578,62.2724,1880998,80.5324,80.5468,6361733,15.74,6831.59,15.6719
2025-12-15,675.1362,675.1114,90810952,62.5984,62.6227,1230742,81.3665,81.3713,4439301,16.5,7011.45,15.103
2025-12-16,673.2914,673.2766,122030631,62.4707,62.456,1984985,80.4131,80.3982,6206017,16.48,7028.09,15.3826
2025-12-17,665.8828,665.7886,110625198,61.9009,61.8862,1949356,79.3091,79.2842,6592781,17.62,6945.24,15.8847
2025-12-18,670.9112,670.9161,108650128,62.3332,62.3381,1725055,79.5378,79.508,6214791,16.87,6984.39,15.5296
2025-12-19,676.9924,676.9974,103599543,62.6672,62.6721,1772662,80.1445,80.1396,5596108,14.91,6798.54,14.5691
2025-12-22,681.21,681.1752,69556733,62.844,62.8391,2356255,80.0252,80.0302,5963107,14.08,6591.81,14.4134
2025-12-23,684.3234,684.2886,64839951,62.9717,62.957,1510402,80.7015,80.7164,6126645,14,6440.82,14.0473
2025-12-24,686.7306,686.6362,39445560,63.07,63.0601,595424,80.5623,80.5672,1767593,13.47,6134.66,14.0473
2025-12-25,686.7306,686.6362,39445560,63.07,63.0601,595424,80.5623,80.5672,1767593,13.47,6148.66,14.0473
2025-12-26,686.661,686.5964,41613347,63.1977,63.2075,561071,80.5324,80.5374,2340271,13.6,6259.39,14.0473
2025-12-29,684.214,684.1991,62559503,62.9717,62.9766,1051394,80.6518,80.6816,4629350,14.2,6193.39,15.4051
2025-12-30,683.3785,683.3088,47160671,63.2861,63.2713,1400039,80.5424,80.5474,3748915,14.33,6146.3,14.7136
2025-12-31,678.3154,678.2408,74144801,62.9717,62.9766,1308582,80.3037,80.2937,4444987,14.95,6146.3,14.7136
2026-01-01,678.3154,678.2408,74144801,62.9717,62.9766,1308582,80.3037,80.2937,4444987,14.95,6146.3,14.7136
2026-01-02,679.5588,679.5538,89377203,63.8657,63.851,4330859,80.8905,80.8855,7874021,14.51,6146.3,15.2356
2026-01-05,684.0847,684.0996,71927191,64.3962,64.4207,1439876,82.6808,82.6758,6465725,14.9,6202.82,15.4491
2026-01-06,688.1531,688.1481,69273827,64.4846,64.4699,1761251,82.6211,82.6062,9209118,14.75,6392.96,15.3544
2026-01-07,685.9349,685.9399,75588337,64.3176,64.3029,1324479,82.4719,82.4669,6011471,15.38,6583.27,15.6937
2026-01-08,685.8652,685.8105,64019200,64.3078,64.2832,1281862,82.4122,82.4271,5791159,15.45,6697,15.9328
2026-01-09,690.4011,690.3464,80125467,64.7695,64.7548,1322847,84.1528,84.1478,7885495,14.49,6729.12,15.5145
2026-01-12,691.4854,691.4804,63976002,65.1723,65.1772,884342,84.8291,84.8241,6171009,15.12,6729.12,16.2014
2026-01-13,690.1027,690.0878,78309726,64.907,64.8923,1616233,83.9936,83.9986,5177347,15.98,7290.97,16.4437
2026-01-14,686.7108,686.7854,94676684,64.9169,64.9316,2464720,84.5804,84.6153,7045965,16.75,7372.11,17.4418
2026-01-15,688.5808,688.5261,77861974,64.7597,64.7499,1304748,84.9584,84.9634,5601606,15.84,7427.04,15.4977
2026-01-16,688.0039,687.9392,79289200,64.8972,64.9218,1552897,85.0181,85.023,4181218,15.86,7303.74,16.1945
2026-01-19,688.0039,687.9392,79289200,64.8972,64.9218,1552897,85.0181,85.023,4181218,18.84,7448.11,19.95
2026-01-20,673.9983,674.0381,111623277,63.7871,63.7969,2472770,83.2676,83.2825,9402486,20.09,7475.5,19.9774
2026-01-21,681.777,681.6924,127844467,64.5043,64.4944,2793650,84.3218,84.3169,12139332,16.9,7488.52,18.7274
2026-01-22,685.3381,685.2833,77112243,64.8776,64.9021,1516920,84.4014,84.3865,5129808,15.64,7439.15,17.1773
2026-01-23,685.5867,685.542,63059578,65.3,65.2853,1507994,84.103,84.1229,13051023,16.09,7273.94,17.469
2026-01-26,689.0682,689.0583,60473813,65.7715,65.7912,908281,84.1727,84.1776,12120837,16.15,7654.65,17.281
2026-01-27,691.8136,691.8634,55506147,66.8031,66.7932,1641154,85.3761,85.3612,14767496,16.35,7430.91,17.1968
2026-01-28,691.744,691.749,61172165,65.9877,65.9729,2010989,84.7495,84.7296,9157681,16.35,7538.98,18.3876
2026-01-29,690.3713,690.2967,97486198,66.027,66.0614,2083927,85.6248,85.5999,13444021,16.88,7716.02,20.7427
2026-01-30,688.3122,688.2028,101835131,65.4867,65.4768,3621416,85.2568,85.2419,7254148,17.44,7512.1,19.9868
2026-02-02,691.7341,691.7937,79286458,66.0859,66.0761,1788110,85.4259,85.4308,7060258,16.34,7805.59,18.1096
2026-02-03,685.8851,685.8105,107904611,65.8894,65.8796,2116722,86.2116,86.2364,12779774,18,7793.25,18.4724
2026-02-04,682.5628,682.4633,105204600,65.7028,65.693,3123271,87.0172,86.9923,11696687,18.64,7679,19.2734
2026-02-05,674.0381,673.8591,113610812,64.9955,64.9807,1360200,85.6347,85.6099,9245226,21.77,7891.39,21.2649
2026-02-06,686.9694,686.9942,89127566,66.1645,66.1792,1796391,88.9169,88.9268,7409030,17.76,7896.27,19.2334
2026-02-09,690.2818,690.2569,73885192,67.1862,67.1715,1177259,90.7967,90.8016,9877554,17.36,7987.67,17.9193
2026-02-10,688.4615,688.4217,65185725,66.9995,67.0094,2106279,92.5969,92.6019,21601711,17.79,8012.25,18.0028
2026-02-11,688.3023,688.2526,76353872,67.0585,67.0585,1807999,93.4622,93.4323,12280215,17.65,8012.25,18.0027
2026-02-12,677.6688,677.6539,118828963,66.4396,66.4248,1770211,92.8654,92.8605,10269692,20.82,8332.82,20.2443
2026-02-13,678.1463,677.9921,96267487,66.1842,66.1891,1915927,93.3428,93.3279,11219185,20.6,8605.17,19.7363
2026-02-16,678.1463,677.9921,96267487,66.1842,66.1891,1915927,93.3428,93.3279,11219185,21.2,8354.31,20.1526
2026-02-17,679.2405,679.1509,81354660,66.6852,66.6803,1783307,91.3735,91.3686,21815183,20.29,8492.56,19.4361
2026-02-18,682.6623,682.5926,73570341,66.921,66.9013,909543,90.8862,90.8713,9336341,19.62,8068.21,18.1492
2026-02-19,680.8618,680.9215,58649363,66.6164,66.6115,1018955,90.7072,90.7072,10448691,20.23,7987.66,19.9614
2026-02-20,685.7857,685.716,100033986,67.4711,67.4662,1870485,90.9757,90.9906,10905671,19.09,8071.72,18.6909
2026-02-23,678.7829,678.8078,90558087,67.2255,67.2402,1154280,90.8961,90.9011,7862037,21.01,8071.72,19.6872
2026-02-24,683.7167,683.7415,73798727,67.3336,67.3237,1329110,90.737,90.732,8912883,19.55,7998.43,19.0616
2026-02-25,689.486,689.4114,56369479,68.0114,68.0163,956575,91.9405,91.9454,6061187,17.93,7783.92,18.062
2026-02-26,685.6564,685.6812,71670990,67.8444,67.8493,1483244,91.9802,91.9753,6763890,18.63,7948.42,18.8978
2026-02-27,682.3639,682.6275,83308868,67.3729,67.3483,1945243,91.8708,91.846,7723468,19.86,8013.88,19.6835
2026-03-02,682.7518,682.7319,87477198,65.6291,65.6291,2174013,89.7126,89.6976,17218060,21.44,8565.34,22.7113
2026-03-03,676.7338,676.6791,105003113,63.3941,63.3991,5691446,86.3608,86.3309,29746636,23.57,8666.8,29.2622
2026-03-04,681.5084,681.5134,79182244,64.1801,64.185,2076651,88.1113,88.1063,14258209,21.15,8791,24.1131
2026-03-05,677.7086,677.8329,106606464,62.8342,62.8686,2520146,85.4259,85.4209,18640544,23.75,8579.21,28.551
2026-03-06,668.8258,668.9203,100686951,62.1956,62.2104,3505514,84.3119,84.3069,11412136,29.49,8854.17,31.2295
2026-03-09,674.6847,674.7046,102667711,62.7458,62.7949,4676447,85.1772,85.1871,20330933,25.5,9974.28,31.126
2026-03-10,673.6004,673.4811,81505315,62.9128,62.9275,2626970,85.9928,85.9977,12730054,24.93,10138.32,27.2978
2026-03-11,672.7549,672.7649,68441672,62.9128,62.9029,1970738,85.2667,85.2816,8071862,24.23,9297.91,30.4179
2026-03-12,662.5392,662.5193,108882246,61.8813,61.8862,2333692,83.735,83.7301,13356744,27.29,9892.47,30.5923
2026-03-13,658.7891,658.7991,97200242,61.0757,61.0609,2552682,82.9095,82.9045,10036491,27.19,10017.3,30.3286
2026-03-16,665.4935,665.4139,82023130,62.0974,62.1023,1466470,84.6103,84.6252,6784671,23.51,10045.77,27.9631
2026-03-17,667.2442,667.1795,87128044,62.4117,62.4167,1915462,84.6202,84.6252,5197758,22.37,9698.64,26.3346
2026-03-18,657.9337,658.0481,82062576,61.2918,61.2967,1544483,83.6953,83.7102,8642605,25.09,9342.11,27.1498
2026-03-19,656.3123,656.2476,111272539,61.3115,61.3065,2782681,83.6256,83.6207,8664700,24.06,10346.95,29.7636
2026-03-20,646.9038,646.854,163617522,59.1305,59.2337,6318502,80.7612,80.7512,19746929,26.78,10346.95,31.7659
2026-03-23,653.6963,653.6864,134802732,60.8104,60.8497,4866491,83.0985,83.0935,17234519,26.15,10441.96,32.6606
2026-03-24,651.502,651.5169,96457478,60.442,60.442,2542824,82.83,82.8349,7210280,26.95,10764.16,31.8025
2026-03-25,655.1326,655.0279,90653787,61.1837,61.1985,3201074,84.292,84.3069,7553473,25.33,10504.68,31.1456
2026-03-26,643.4328,643.4378,96494375,59.9165,59.9115,2819489,82.263,82.2581,5882961,27.44,11042.29,33.2547
2026-03-27,632.461,632.4461,103649368,59.1895,59.1747,1967923,80.99,80.975,14066609,31.05,11302.04,34.7753
2026-03-30,630.3465,630.3864,99275851,59.2877,59.3123,1687500,81.0795,81.1043,11806522,30.61,11660.5,33.4701
2026-03-31,648.6693,648.5845,152534102,61.5374,61.4883,4507717,83.9837,83.9638,12647231,25.25,12015.75,30.6839
2026-04-01,653.5567,653.4968,97841472,62.4019,62.3921,3346257,86.0127,86.0077,14766012,24.54,10783.54,26.972
2026-04-02,654.1452,654.225,68358713,61.9991,62.0139,2502296,84.8291,84.8738,6422091,23.87,11188.63,28.485
2026-04-03,654.1452,654.225,68358713,61.9991,62.0139,2502296,84.8291,84.8738,6422091,23.87,10760.49,28.485
2026-04-06,657.2372,657.1923,39105758,62.451,62.4461,1672980,85.1076,85.1076,3819823,24.17,10917.86,28.485
2026-04-07,657.5265,657.5664,69980362,62.3724,62.3724,2715739,85.0479,85.0429,17552101,25.78,10873.82,31.6086
2026-04-08,674.2733,674.1437,93606114,65.0937,65.1281,2839607,88.9268,88.9517,14590358,21.04,9787.89,24.7123
2026-04-09,678.1633,678.1184,57134445,65.1821,65.1821,1139459,87.7433,87.7333,7396190,19.49,10006.3,23.5231
2026-04-10,677.7145,677.5698,42253456,65.4277,65.4228,978283,87.6537,87.6736,4469813,19.23,9962.89,22.3107
2026-04-13,684.3374,684.2427,54185819,65.8993,65.8993,1213195,87.8726,87.8527,9482435,19.12,10055.58,22.8182
2026-04-14,692.6759,692.6161,63480529,66.5083,66.5182,1035599,88.9268,88.9219,9458069,18.36,9385.59,20.6422
2026-04-15,698.1419,698.0521,58240384,66.2333,66.2185,1567584,88.5887,88.5936,3739941,18.17,9215.22,20.9003
2026-04-16,699.8574,699.7727,49972363,65.86,65.855,883892,88.9268,88.9219,3630075,17.94,9108.52,21.6065
2026-04-17,708.3157,708.2209,70661926,67.0192,67.0143,1993510,89.7026,89.6927,5913819,17.48,9434.2,19.4193
2026-04-20,706.8993,706.8843,43546812,66.7539,66.7736,1078059,88.8473,88.8572,5479128,18.87,9516.32,22.5594
2026-04-21,702.2712,702.3211,58941384,65.3,65.3344,1632083,86.6691,86.679,8155037,19.5,9456.45,24.156
2026-04-22,709.3829,709.3879,42518498,65.3884,65.3,1829059,87.2857,87.2907,3590504,18.92,9309.85,23.3574
2026-04-23,706.63,706.6001,56173990,64.799,64.799,2422578,86.5995,86.6194,5174786,19.31,9858.9,23.2959
2026-04-24,712.1059,712.1358,45181957,65.3393,65.2361,950545,86.8481,86.8531,5262602,18.71,9797.63,23.6025
2026-04-27,713.3327,713.3228,33135943,64.9856,64.9807,874656,87.2062,87.1962,4086341,18.02,9781,23.9642
2026-04-28,709.8617,709.8567,43117436,64.6516,64.6663,1290101,87.0868,87.0918,5663824,17.83,9625.25,23.7354
2026-04-29,709.752,709.7719,41859227,64.0131,64.0425,981590,86.3409,86.3558,5281567,18.81,9625.25,23.3624
2026-04-30,716.8138,716.5644,67240949,65.4474,65.3933,1423436,88.6185,88.6135,12083603,16.89,9806.09,22.6189
2026-05-01,718.7987,718.8036,43049849,65.5161,65.4965,1818155,87.8228,87.8079,5441149,16.99,9667.64,22.6189
2026-05-04,716.1654,716.2253,51950558,63.9738,63.9836,2472908,87.6438,87.6488,4303998,18.29,9667.64,24.8889
2026-05-05,721.9106,721.8508,36933226,65.4179,65.4031,1366465,88.7776,88.7577,4866021,17.38,9667.64,23.4654
2026-05-06,731.9448,731.8849,53288940,67.5104,67.4957,2045298,91.1846,91.1895,5400012,17.39,9667.64,21.1323
2026-05-07,729.7006,729.6756,51724642,66.0171,66.0171,1977199,90.4983,90.5033,6926130,17.08,9442.88,22.0472
2026-05-08,735.7251,735.6303,47227085,66.6606,66.6606,828313,91.7216,91.7316,4426291,17.19,9646.25,22.4001
2026-05-11,737.4007,737.311,44023951,66.4199,66.4396,1258042,91.7614,91.7813,4372678,18.38,9853.58,22.0182
2026-05-12,736.2836,736.3086,54185273,65.6045,65.6045,1340237,91.5625,91.5774,6548270,17.99,9852.42,23.2804
2026-05-13,740.403,740.3731,44200203,66.0761,66.0859,2453790,92.5869,92.6118,5348340,17.87,9650.76,21.8945
2026-05-14,746.248,746.1682,45307603,66.1056,66.1006,894718,91.5625,91.5874,7047521,17.26,9571.55,21.1732
2026-05-15,737.2711,737.1963,60410771,64.7793,64.7695,2927581,90.5779,90.5878,5272000,18.43,9872.28,22.2768
2026-05-18,736.7524,736.6527,47843865,65.5947,65.6144,1060447,90.4287,90.4585,8364350,17.82,9946.49,23.2434
2026-05-19,731.845,731.8899,54255913,65.0446,65.02,991524,89.8021,89.807,4772822,18.06,9989.71,22.9573
2026-05-20,739.3457,739.3906,45768035,66.6361,66.6262,1380207,90.7171,90.7121,6144125,17.44,10187.78,22.3234
2026-05-21,740.812,740.8269,43332225,67.0683,67.0536,1478740,90.8762,90.8713,5616939,16.76,9719.53,21.7445
2026-05-22,743.7245,743.6846,41762006,66.8129,66.8374,939451,91.1149,91.1249,4032629,16.7,9821.09,21.1353
2026-05-25,743.7245,743.6846,41762006,66.8129,66.8374,939451,91.1149,91.1249,4032629,16.59,9870.05,19.8345
2026-05-26,748.6617,748.557,41123621,67.9426,67.923,1731801,92.398,92.4129,4636808,17.01,9786.56,19.9505
2026-05-27,748.5321,748.547,42106285,67.7756,67.7904,949924,91.7913,91.8062,4245335,16.29,9786.56,19.7449
2026-05-28,752.6614,752.6814,41562563,67.589,67.5792,1092606,92.199,92.204,4527726,15.74,9931.92,19.486
2026-05-29,754.5366,754.4668,55075739,67.5693,67.5988,1632691,92.4576,92.4427,5203989,15.32,9882.92,19.3171
2026-06-01,756.5913,756.4916,43634933,67.6283,67.6479,1144079,92.4278,92.4328,9666643,16.05,9811.55,20.1216
2026-06-02,757.6187,757.5189,31581852,68.1195,68.1146,793342,93.0743,93.0693,4434636,15.77,9800.02,19.223
2026-06-03,752.3024,752.2674,51402518,67.3434,67.309,1023135,93.4323,93.4373,5961242,16.06,9706.41,19.2502
2026-06-04,755.145,755.0952,49923036,68.09,68.0998,889161,93.6213,93.6163,3536795,15.4,9905.09,18.6564
2026-06-05,735.6552,735.5306,93989416,66.4396,66.4298,1078402,90.2297,90.2695,11554083,21.51,9898.61,18.5557
2026-06-08,737.3209,737.3908,49319144,66.8817,66.8915,788873,91.4531,91.4531,9131204,18.92,10144.92,19.4114
2026-06-09,735.1565,735.1665,87683517,67.2943,67.2943,1306826,90.4585,90.4685,8716570,19.87,10543.98,20.6502
2026-06-10,723.5664,723.5763,60341349,66.2529,66.2578,1016755,88.8075,88.7926,8157676,22.22,10703.08,21.505
2026-06-11,735.8647,735.75,86330522,68.6991,68.65,1863519,91.6819,91.6321,9304684,19.44,10561,21.2388
2026-06-12,739.8444,739.7297,57079533,68.6991,68.7089,1093146,92.209,92.2339,4938533,17.68,10667.64,18.7059
2026-06-15,752.8908,752.7163,60176425,69.28,69.295,2689742,94.06,94.085,4716160,16.2,10460.19,16.5474
2026-06-16,748.4024,748.4373,67093142,69.34,69.3,656054,94.12,94.135,5073116,16.41,10189.45,16.0999
2026-06-17,739.0565,739.0864,85945227,68.97,68.95,1426715,94.45,94.46,6044799,18.44,9946.22,16.6006
2026-06-18,746.74,746.565,80875657,69.31,69.505,698494,96.26,96.25,5965374,16.4,9986.13,16.2163
2026-06-19,746.74,746.565,80875657,69.31,69.505,698494,96.26,96.25,5965374,16.78,10246.14,16.2675
2026-06-22,744.39,744.33,46628074,69.35,69.32,606762,96.97,96.98,3231113,17.28,10171.68,16.2831
2026-06-23,733.58,733.705,66846780,67.99,67.945,784991,92.75,92.725,11166722,19.49,11148.29,18.2356
2026-06-24,733.24,733.015,57439507,67.52,67.6,1468811,92.61,92.63,4900229,18.63,10909.01,17.4046
2026-06-25,734.3,733.26,54128065,68.4,68.385,754105,93.39,93.415,4853543,18.89,10689.81,17.4587
2026-06-26,728.99,729.165,71033969,67.74,67.715,501534,92.8,92.795,4060790,18.41,11525.04,17.8378
2026-06-29,741,740.85,58035228,68.6,68.6,441261,93.21,93.205,6358873,17.65,11451.44,17.2181
2026-06-30,746.77,746.385,55626035,69.5,69.43,2042817,93.27,93.26,3669911,16.45,11055.46,16.5923
2026-07-01,745.76,745.66,47100878,68.35,68.355,704362,93.05,93.07,8458272,16.59,10939.48,16.1444
2026-07-02,744.78,744.855,57505953,69.22,69.25,1204105,93.14,93.13,7935073,16.15,11223.98,16.0747
2026-07-03,744.78,744.855,57505953,69.22,69.25,1204105,93.14,93.13,7935073,15.81,10943.63,15.5388
2026-07-06,751.28,751.315,50673310,69.88,69.875,988558,95.27,95.265,4368952,15.57,10742.91,15.8669
2026-07-07,747.71,747.65,43721494,68.84,68.845,962626,93.07,93.065,6034195,16.13,10864.47,16.7892
2026-07-08,745.4,745.3,43767393,68.19,68.205,726789,92.54,92.52,5290571,16.9,10931.3,20.2763
2026-07-09,751.71,751.645,41441718,68.51,68.525,752870,93.52,93.525,5665057,15.84,11012.69,17.5637
2026-07-10,754.95,754.885,42191313,68.56,68.555,466727,94.55,94.545,3208681,15.03,10808.72,16.8471
2026-07-13,749.17,749.11,44013628,67.9,67.905,513685,92.72,92.725,3741616,17.16,10943.18,17.649
2026-07-14,751.83,751.88,35143138,68.33,68.315,542986,93.89,93.855,4475744,16.5,10695.32,17.4524
2026-07-15,754.81,754.73,43844769,68.76,68.815,860337,93.5,93.515,4838238,15.67,10162,17.4233
2026-07-16,750.72,750.805,46409814,68.24,68.325,692985,91.91,91.915,3334892,16.73,10436,16.5737
2026-07-17,743.29,743.17,62650961,67.97,67.985,781833,90.49,90.495,8287544,18.77,10960.85,17.3005
2026-07-20,742.09,742.125,50422324,67.48,67.435,1019115,90.43,90.44,3362686,18.65,10960.85,17.4958
2026-07-21,748.28,748.295,34324262,68.54,68.54,801604,92.74,92.735,6375560,17.05,10794.77,16.6668
2026-07-22,747.41,747.35,32836200,68.82,68.815,807640,92.19,92.21,3433638,16.64,10542.44,16.9233
2026-07-23,738.18,738.235,55437332,67.6,67.61,1116726,91.1,91.12,4430549,18.7,10590.63,20.3751
2026-07-24,738.93,738.84,44781983,67.93,67.93,864544,91.21,91.225,3092111,18.58,10921.96,18.0637
2026-07-27,739.09,739.04,41461194,68.26,68.24,653441,91.51,91.52,2493134,18.67,10690.72,18.6427
2026-07-28,740.86,740.77,47322247,68.17,68.15,892086,89.83,89.835,5323500,18.21,11174.27,17.925
