Dates,EURUSD25R1M BGN Curncy (R1),USDJPY25R1M BGN Curncy (R2),EURJPY25R1M BGN Curncy (L1)
2003-10-02,0.85,-3.2,-1.7
2003-10-03,0.7,-3.3,-1.8
2003-10-06,0.7,-2.7,-1.75
2003-10-07,0.8,-3.1,-1.8
2003-10-08,0.8,-3.1,-1.8
2003-10-09,0.77500000000000002,-3,-2
2003-10-10,0.75,-3,-2
2003-10-13,0.65,-2.65,-2
2003-10-14,0.65,-2.35,-2.15
2003-10-15,0.55000000000000004,-2.4249999999999998,-1.85
2003-10-16,0.45,-1.575,-1.7
2003-10-17,0.4,-1.5,-1.55
2003-10-20,0.45,-1.375,-1.6
2003-10-21,0.35,-1.4,-1.4
2003-10-22,0.45,-1.5,-1.4
2003-10-23,0.57499999999999996,-1.45,-1.2250000000000001
2003-10-24,0.52500000000000002,-1.4,-1.1000000000000001
2003-10-27,0.45,-1.8,-1.5
2003-10-28,0.35,-1.9,-1.6
2003-10-29,0.35,-1.55,-1.6
2003-10-30,0.32500000000000001,-1.175,-1.4
2003-10-31,,-1,-1.4
2003-11-03,-7.4999999999999997E-2,-0.8,-1.25
2003-11-04,0,-1,-1.45
2003-11-05,0,-0.85,-1.6
2003-11-06,0,-0.85,-1.45
2003-11-07,-0.05,-1,-1.45
2003-11-10,,-1.5,-1.45
2003-11-11,,-1.3,-1.45
2003-11-12,0.5,-1.05,-1.1499999999999999
2003-11-13,0.5,-1.35,-1.1000000000000001
2003-11-14,0.55000000000000004,-1.4,-0.95
2003-11-17,0.55000000000000004,-1.05,-1
2003-11-18,0.75,-1.2,-0.875
2003-11-19,0.7,,-0.7
2003-11-20,0.7,,-0.7
2003-11-21,0.65,,-0.7
2003-11-24,0.55000000000000004,-0.75,-0.7
2003-11-25,0.55000000000000004,-0.6,-0.7
2003-11-26,0.6,-0.65,-0.7
2003-11-27,0.75,-0.55000000000000004,-0.6
2003-11-28,0.8,-0.65,-0.42499999999999999
2003-12-01,0.85,,
2003-12-02,0.8,,
2003-12-03,0.8,-0.85,
2003-12-04,0.7,-1.05,
2003-12-05,0.75,-1.2,
2003-12-08,0.75,-1.35,-0.8
2003-12-09,0.6,-1.35,-0.65
2003-12-10,0.6,-0.85,-0.65
2003-12-11,0.45,-0.9,-0.6
2003-12-12,0.5,-0.9,-0.52500000000000002
2003-12-15,0.42499999999999999,-0.75,
2003-12-16,0.4,-0.7,
2003-12-17,0.5,-0.65,
2003-12-18,0.45,-0.6,
2003-12-19,0.35,-0.5,
2003-12-22,0.35,-0.55000000000000004,
2003-12-23,0.35,-0.55000000000000004,
2003-12-24,0.35,-0.5,
2003-12-25,0.35,-0.5,
2003-12-26,0.35,-0.65,
2003-12-29,0.4,-0.75,-0.27500000000000002
2003-12-30,0.4,-0.8,-0.32500000000000001
2003-12-31,0.5,-0.8,
2004-01-01,0.5,-0.8,
2004-01-02,0.5,-0.7,-0.3
2004-01-05,0.45,-0.85,-0.2
2004-01-06,0.4,-1.05,-0.1
2004-01-07,0.35,-0.9,
2004-01-08,0.3,-0.85,
2004-01-09,0.35,-0.75,
2004-01-12,0.3,,-0.35
2004-01-13,0.3,,-0.4
2004-01-14,0.25,-0.72499999999999998,-0.7
2004-01-15,,-0.95,-0.75
2004-01-16,-0.05,-1,-1
2004-01-19,,-0.7,-1.05
2004-01-20,0.35,-0.57499999999999996,-0.7
2004-01-21,0.35,-0.6,-0.7
2004-01-22,0.45,-0.8,-0.6
2004-01-23,0.375,-0.85,-0.8
2004-01-26,,-0.9,-0.8
2004-01-27,,-1.1499999999999999,-1.1000000000000001
2004-01-28,,-1.25,-1.1000000000000001
2004-01-29,,-1.25,-1.35
2004-01-30,,-1.25,-1.35
2004-02-02,0.17499999999999999,-1.5,-1.3
2004-02-03,0.35,-1.5,-1.1499999999999999
2004-02-04,0.3,-1.65,-1.3
2004-02-05,0.35,-1.5,-1.3
2004-02-06,0.55000000000000004,-0.95,-0.95
2004-02-09,0.4,-0.8,
2004-02-10,0.4,-0.75,
2004-02-11,0.55000000000000004,-1,
2004-02-12,0.5,-0.8,
2004-02-13,0.42499999999999999,-1,
2004-02-16,,-0.8,-0.7
2004-02-17,,-0.65,-0.6
2004-02-18,0.3,-0.42499999999999999,-0.6
2004-02-19,,,-0.65
2004-02-20,,,-0.5
2004-02-23,-0.05,,
2004-02-24,,0,
2004-02-25,,0.2,
2004-02-26,-7.4999999999999997E-2,,
2004-03-01,-2.5000000000000001E-2,0.22500000000000001,-0.5
2004-03-02,-0.15,0.3,-0.57499999999999996
2004-03-03,,,-1.1000000000000001
2004-03-04,,,-0.9
2004-03-05,0.15,,
2004-03-08,,0.375,
2004-03-10,-0.05,,-0.85
2004-03-11,-2.5000000000000001E-2,-0.55000000000000004,-0.8
2004-03-12,0,-0.45,-0.8
2004-03-15,0,-0.6,-1
2004-03-16,0,,-1.2
2004-03-17,0,,-1.5
2004-03-18,0.22500000000000001,-2.0499999999999998,-1.75
2004-03-19,,-1.6,-1.5
2004-03-22,0.17499999999999999,-1.55,-1.4
2004-03-23,-0.1,-1.55,-1.5
2004-03-24,-0.05,-1.9,-1.6
2004-03-25,,-2.0499999999999998,-1.7
2004-03-26,,-2,-1.7
2004-03-29,-0.25,-2.15,-1.7
2004-03-30,0,-2.0499999999999998,-1.5
2004-03-31,-0.05,-2.4500000000000002,-1.7
2004-04-01,,-2,-1.7
2004-04-02,,-1.65,-1.35
2004-04-05,-0.2,-1.5,-1.65
2004-04-06,0,-1,-1.3
2004-04-07,-0.05,-1.25,-1.3
2004-04-08,-7.4999999999999997E-2,-1.1499999999999999,-1.3
2004-04-09,,-1,-1.1499999999999999
2004-04-12,-0.2,-1.1000000000000001,-1.2
2004-04-13,-0.25,-0.9,-1.35
2004-04-14,-0.25,-0.6,-1.25
2004-04-15,-0.22500000000000001,-0.55000000000000004,-0.75
2004-04-16,,-0.9,-0.9
2004-04-19,0,-0.7,-0.9
2004-04-20,-0.15,-0.9,-0.85
2004-04-21,,-0.55000000000000004,-1
2004-04-22,,-0.55000000000000004,-1
2004-04-23,,-0.85,-1
2004-04-26,-7.4999999999999997E-2,-1,-1
2004-04-27,0,-0.8,-0.7
2004-04-28,0,-0.82499999999999996,-0.7
2004-04-29,-2.5000000000000001E-2,,-0.6
2004-04-30,,,-0.7
2004-05-03,,,-0.7
2004-05-04,,-0.85,-0.6
2004-05-05,,-1.05,-0.6
2004-05-06,,-1.1000000000000001,-0.6
2004-05-07,0,-0.57499999999999996,-0.6
2004-05-10,-7.4999999999999997E-2,,-0.52500000000000002
2004-05-11,,,-0.5
2004-05-12,,-0.6,-0.5
2004-05-13,,-0.45,-0.45
2004-05-14,,-0.45,
2004-05-17,-0.05,-0.7,-0.5
2004-05-18,,,-0.65
2004-05-19,,-1,-0.8
2004-05-20,,-1,-0.95
2004-05-21,,-1.1000000000000001,-0.95
2004-05-24,,-0.9,-0.9
2004-05-25,0.3,-0.85,-0.6
2004-05-26,0.3,-1.1000000000000001,-0.7
2004-05-27,0.4,-1.5,-0.7
2004-05-28,0.35,-1.2,-0.9
2004-05-31,0.35,-1.2,-0.8
2004-06-01,0.45,-1.5,-1
2004-06-02,0.35,-1.1000000000000001,-0.8
2004-06-03,0.35,-1.2,-0.8
2004-06-07,0.3,-1.2,-0.8
2004-06-08,0.25,-1.2,-0.8
2004-06-09,-0.05,-1.5,-1
2004-06-10,-0.05,-1.05,-1.1000000000000001
2004-06-11,-0.1,-1,-1
2004-06-14,-0.05,-0.8,-1
2004-06-15,0.22500000000000001,-0.9,-1
2004-06-16,,-0.9,-1
2004-06-17,0,-0.9,-0.95
2004-06-18,0,-0.95,-1
2004-06-21,0,-1.05,-1
2004-06-22,-0.05,-1,-0.9
2004-06-23,,-0.9,-0.9
2004-06-24,-0.05,-1.05,-0.9
2004-06-25,-0.05,-1.05,-0.85
2004-06-28,-0.05,-0.9,-0.85
2004-06-29,-0.05,-0.9,-0.7
2004-06-30,0,-0.65,-0.6
2004-07-01,0,-0.8,-0.8
2004-07-02,0.22500000000000001,-0.7,-0.7
2004-07-05,,-0.65,-0.7
2004-07-06,,-0.5,-0.5
2004-07-07,,-0.55000000000000004,-0.5
2004-07-08,,-0.5,-0.45
2004-07-09,,-0.6,-0.45
2004-07-12,,-0.6,-0.45
2004-07-13,,-0.4,-0.4
2004-07-14,,-0.4,-0.3
2004-07-15,-0.05,-0.32500000000000001,-0.3
2004-07-16,-0.1,-0.35,-0.35
2004-07-19,-0.1,-0.15,-0.4
2004-07-20,-0.1,-0.45,-0.4
2004-07-21,-0.05,-0.1,-0.4
2004-07-22,0,-0.3,-0.4
2004-07-23,-0.1,-0.1,-0.3
2004-07-26,-0.1,-0.15,
2004-07-27,-0.1,-0.15,
2004-07-28,-0.1,-0.1,
2004-07-29,-0.1,-0.1,
2004-07-30,-0.125,-0.25,
2004-08-02,-0.05,-0.4,-0.3
2004-08-03,-0.1,-0.45,-0.5
2004-08-04,-0.1,-0.3,-0.4
2004-08-05,-0.125,-0.35,-0.4
2004-08-06,-0.05,-0.4,0
2004-08-09,-0.05,-0.4,-0.15
2004-08-10,,-0.4,
2004-08-11,,-0.4,
2004-08-12,,-0.45,
2004-08-13,0.25,-0.35,
2004-08-16,0.3,-0.4,
2004-08-17,0.25,-0.45,
2004-08-18,0.2,-0.55000000000000004,
2004-08-19,0.2,-0.65,
2004-08-20,0.17499999999999999,-0.5,
2004-08-23,0.2,-0.65,
2004-08-24,0,-0.55000000000000004,
2004-08-25,-0.05,-0.55000000000000004,
2004-08-26,0,-0.55000000000000004,
2004-08-27,0,-0.6,
2004-09-01,-0.05,-0.65,
2004-09-02,-0.05,-0.65,
2004-09-03,0,-0.4,
2004-09-06,-0.1,-0.4,
2004-09-07,-0.05,-0.65,
2004-09-08,0.05,-0.5,-0.5
2004-09-09,0.05,-0.5,-0.5
2004-09-10,,-0.5,-0.5
2004-09-13,,-0.5,-0.45
2004-09-14,,-0.5,-0.45
2004-09-15,,-0.5,-0.45
2004-09-16,0.1,-0.45,-0.5
2004-09-17,0.1,-0.5,-0.45
2004-09-20,0.05,-0.45,-0.45
2004-09-21,0.25,-0.45,-0.45
2004-09-22,0.2,-0.35,-0.35
2004-09-23,0.25,-0.35,-0.25
2004-09-24,0.3,-0.35,-0.25
2004-09-27,0.2,-0.4,-0.3
2004-09-28,0.3,-0.3,
2004-09-29,0.3,-0.55000000000000004,-0.5
2004-09-30,0.45,-0.65,-0.6
2004-10-01,0.3,-0.6,-0.6
2004-10-04,0.3,-0.55000000000000004,-0.3
2004-10-05,0.25,-0.55000000000000004,-0.3
2004-10-06,0.25,-0.5,-0.3
2004-10-07,0.25,-0.4,-0.3
2004-10-08,0.3,-0.65,-0.3
2004-10-11,0.25,-0.65,-0.3
2004-10-12,0.2,-0.6,-0.3
2004-10-13,0.2,-0.45,-0.3
2004-10-14,0.3,-0.55000000000000004,-0.3
2004-10-15,0.45,-0.7,-0.3
2004-10-18,0.3,-0.7,-0.4
2004-10-19,0.35,-0.95,-0.4
2004-10-20,0.45,-0.95,-0.4
2004-10-21,0.4,-1.2,-0.4
2004-10-22,0.4,-1.2,-0.4
2004-10-25,0.5,-1.55,-0.4
2004-10-26,0.45,-1.35,-0.35
2004-10-27,0.5,-1.55,-0.5
2004-10-28,0.35,-1.5,-0.5
2004-10-29,0.5,-1.75,-0.5
2004-11-01,0.55000000000000004,-1.4,-0.5
2004-11-02,0.5,-1.35,-0.5
2004-11-03,0.4,-1.25,-0.5
2004-11-04,0.5,-1.45,-0.5
2004-11-05,0.5,-1.3,-0.45
2004-11-08,0.6,-1.4,-0.45
2004-11-09,0.5,-1.35,-0.45
2004-11-10,0.6,-0.9,-0.2
2004-11-11,0.45,-0.9,-0.2
2004-11-12,0.55000000000000004,-1.25,-0.3
2004-11-15,0.45,-1.25,-0.3
2004-11-16,0.45,-1.25,-0.3
2004-11-17,0.5,-1.2,-0.3
2004-11-18,0.45,-1.35,-0.4
2004-11-19,0.45,-1.65,-0.8
2004-11-22,0.4,-1.55,-0.8
2004-11-23,0.5,-1.5,-0.7
2004-11-24,0.4,-1.4,-0.7
2004-11-25,0.5,-1.5,-0.7
2004-11-26,0.5,-1.65,-0.7
2004-11-29,0.5,-1.6,-0.7
2004-11-30,0.45,-1.35,-0.65
2004-12-01,0.45,-1.35,-0.65
2004-12-02,0.3,-1.25,-0.7
2004-12-03,0.35,-1.25,-0.65
2004-12-06,0.25,-1.25,-0.6
2004-12-07,0.25,-1.25,-0.5
2004-12-08,-0.05,-0.8,-0.55000000000000004
2004-12-09,0,-0.7,-0.55000000000000004
2004-12-10,-0.2,-0.55000000000000004,-0.5
2004-12-13,0,-0.65,-0.5
2004-12-14,0,-0.6,-0.5
2004-12-15,0.05,-0.75,-0.55000000000000004
2004-12-16,-0.1,-0.75,-0.55000000000000004
2004-12-17,0,-0.9,-0.65
2004-12-20,0.1,-0.85,-0.65
2004-12-21,0.05,-0.8,-0.65
2004-12-22,0.05,-0.8,-0.65
2004-12-23,0.1,-0.85,-0.65
2004-12-24,0.1,-0.85,-0.65
2004-12-27,0.1,-1.1000000000000001,-0.65
2004-12-28,0.1,-1.05,-0.65
2004-12-29,0,-0.95,-0.65
2004-12-30,0.05,-0.8,-0.65
2004-12-31,0.05,-0.95,-0.75
2005-01-03,0,-0.8,-0.75
2005-01-04,,-0.8,-0.75
2005-01-05,-0.1,-0.7,-0.75
2005-01-06,,-0.75,-0.7
2005-01-07,-0.25,-0.7,-0.7
2005-01-10,-0.1,-0.6,-0.8
2005-01-11,-0.1,-0.65,-0.75
2005-01-12,0.1,-1,-0.85
2005-01-13,0,-0.95,-0.85
2005-01-14,-0.05,-1.1499999999999999,-1
2005-01-17,-0.1,-1.25,-0.9
2005-01-18,-0.1,-1.25,-0.9
2005-01-19,0,-1,-0.85
2005-01-20,-0.1,-0.8,-0.7
2005-01-21,-0.1,-0.75,-0.65
2005-01-24,0,-0.8,-0.8
2005-01-25,-0.1,-0.65,-0.75
2005-01-26,0,-0.7,-0.75
2005-01-27,0.05,-0.8,-0.75
2005-01-28,0.05,-0.9,-0.75
2005-01-31,0.05,-0.8,-0.75
2005-02-01,0.05,-0.8,-0.75
2005-02-02,0.05,-0.75,-0.75
2005-02-03,0,-0.65,-0.75
2005-02-04,-0.05,-0.7,-0.8
2005-02-07,-0.2,-0.6,-0.8
2005-02-08,-0.2,-0.4,-0.7
2005-02-09,-0.05,-0.45,-0.7
2005-02-10,0.1,-0.2,-0.7
2005-02-11,0.05,-0.2,-0.7
2005-02-14,0.1,-0.5,-0.6
2005-02-15,,-0.5,-0.6
2005-02-16,0.1,-0.55000000000000004,-0.65
2005-02-17,0.1,-0.4,-0.65
2005-02-18,0.1,-0.35,-0.65
2005-02-21,0.1,-0.35,-0.65
2005-02-22,0.25,-0.8,-0.55000000000000004
2005-02-23,0.2,-0.7,-0.55000000000000004
2005-02-24,,-0.45,-0.55000000000000004
2005-02-25,,-0.5,-0.45
2005-02-28,,-0.65,-0.5
2005-03-01,,-0.7,-0.5
2005-03-02,0.1,-0.65,-0.5
2005-03-03,0.1,-0.55000000000000004,-0.5
2005-03-04,0.1,-0.55000000000000004,-0.5
2005-03-07,0.1,-0.6,-0.5
2005-03-08,0.2,-0.65,-0.5
2005-03-09,0.3,-0.8,-0.7
2005-03-10,0.35,-0.8,-0.7
2005-03-11,0.35,-0.7,-0.65
2005-03-14,0.3,-0.5,-0.5
2005-03-15,0.25,-0.6,-0.5
2005-03-16,0.2,-0.7,-0.6
2005-03-17,0.25,-0.8,-0.6
2005-03-18,,-0.7,-0.6
2005-03-21,0.05,-0.5,-0.6
2005-03-22,0,-0.6,-0.6
2005-03-23,0,-0.55000000000000004,-0.65
2005-03-24,0,-0.5,-0.65
2005-03-25,0,-0.5,-0.65
2005-03-28,,-0.45,-0.65
2005-03-29,-0.05,-0.45,-0.65
2005-03-30,0,-0.5,-0.45
2005-03-31,0.05,-0.5,-0.45
2005-04-01,0.05,-0.5,-0.45
2005-04-04,-0.1,-0.4,-0.45
2005-04-05,-0.1,-0.35,-0.45
2005-04-06,-0.05,-0.45,-0.3
2005-04-07,0,-0.35,-0.25
2005-04-08,0,-0.4,-0.25
2005-04-11,0.05,-0.4,-0.25
2005-04-12,0.05,-0.35,-0.25
2005-04-13,0.05,-0.4,-0.4
2005-04-14,-0.1,-0.4,-0.4
2005-04-15,-0.05,-0.35,-0.4
2005-04-18,0.1,-0.45,-0.4
2005-04-19,0.17499999999999999,-0.5,-0.4
2005-04-20,0.1,-0.5,-0.4
2005-04-21,0.1,-0.5,-0.4
2005-04-22,0.05,-0.6,-0.6
2005-04-25,0.1,-0.65,-0.6
2005-04-26,0.1,-0.65,-0.6
2005-04-27,-0.05,-0.6,-0.65
2005-04-28,-0.05,-0.6,-0.75
2005-04-29,0,-1.1000000000000001,-0.85
2005-05-02,-0.05,-1.05,-0.85
2005-05-03,-0.05,-0.95,-0.85
2005-05-04,-0.05,-1,-0.85
2005-05-05,0,-1.05,-0.9
2005-05-06,-0.1,-1.05,-0.9
2005-05-09,-0.2,-0.75,-0.85
2005-05-10,-0.125,-0.75,-0.8
2005-05-11,-0.1,-0.8,-0.8
2005-05-12,-0.2,-0.7,-0.75
2005-05-13,-0.35,-0.55000000000000004,-0.75
2005-05-16,-0.35,-0.5,-0.75
2005-05-17,-0.3,-0.75,-0.8
2005-05-18,-0.3,-0.75,-0.8
2005-05-19,-0.25,-0.75,-0.8
2005-05-20,-0.35,-0.6,-0.75
2005-05-23,-0.3,-0.55000000000000004,-0.75
2005-05-24,-0.25,-0.55000000000000004,-0.65
2005-05-25,-0.2,-0.6,-0.65
2005-05-26,-0.3,-0.6,-0.65
2005-05-27,-0.25,-0.6,-0.65
2005-05-30,-0.25,-0.55000000000000004,-0.8
2005-05-31,-0.35,-0.55000000000000004,-0.9
2005-06-01,-0.55000000000000004,-0.45,-0.9
2005-06-02,-0.4,-0.45,-0.9
2005-06-03,-0.45,-0.45,-0.75
2005-06-06,-0.45,-0.6,-0.85
2005-06-07,-0.4,-0.6,-0.9
2005-06-08,-0.35,-0.6,-0.85
2005-06-09,-0.4,-0.6,-0.85
2005-06-10,-0.55000000000000004,-0.55000000000000004,-0.85
2005-06-13,-0.6,-0.35,-0.7
2005-06-14,-0.6,-0.35,-0.65
2005-06-15,-0.6,-0.35,-0.8
2005-06-16,-0.6,-0.3,-0.65
2005-06-17,-0.5,-0.3,-0.65
2005-06-20,-0.5,-0.45,-0.55000000000000004
2005-06-21,-0.55000000000000004,-0.45,-0.7
2005-06-22,-0.6,-0.4,-0.7
2005-06-23,-0.65,-0.4,-0.8
2005-06-24,-0.6,-0.35,-0.8
2005-06-27,-0.6,-0.35,-0.8
2005-06-28,-0.6,-0.25,-0.75
2005-06-29,-0.6,-0.2,-0.75
2005-06-30,-0.6,-0.2,-0.75
2005-07-01,-0.65,-0.2,-0.75
2005-07-04,-0.7,-0.05,-0.75
2005-07-05,-0.6,-0.1,-0.75
2005-07-06,-0.55000000000000004,-0.1,-0.6
2005-07-07,-0.5,-0.3,-0.6
2005-07-08,-0.5,-0.2,-0.6
2005-07-11,-0.3,-0.2,-0.6
2005-07-12,-0.3,-0.55000000000000004,-0.6
2005-07-13,-0.3,-0.5,-0.6
2005-07-14,-0.35,-0.45,-0.6
2005-07-15,-0.35,-0.45,-0.6
2005-07-18,-0.35,-0.4,-0.6
2005-07-19,-0.45,-0.4,-0.6
2005-07-20,-0.35,-0.15,-0.6
2005-07-21,-0.25,-1,-0.8
2005-07-22,-0.25,-0.7,-0.7
2005-07-25,-0.3,-0.6,-0.7
2005-07-26,-0.35,-0.45,-0.7
2005-07-27,-0.35,-0.35,-0.65
2005-07-28,-0.35,-0.35,-0.65
2005-07-29,-0.35,-0.35,-0.65
2005-08-01,-0.25,-0.4,-0.6
2005-08-02,-0.2,-0.55000000000000004,-0.6
2005-08-03,-0.1,-0.7,-0.55000000000000004
2005-08-04,-0.1,-0.7,-0.55000000000000004
2005-08-05,-0.15,-0.7,-0.55000000000000004
2005-08-08,-0.15,-0.45,-0.55000000000000004
2005-08-09,-0.1,-0.6,-0.55000000000000004
2005-08-10,-0.1,-0.8,-0.6
2005-08-11,0,-0.8,-0.65
2005-08-12,-0.1,-0.8,-0.6
2005-08-15,-0.1,-0.8,-0.6
2005-08-16,-0.1,-0.85,-0.6
2005-08-17,-0.15,-0.7,-0.6
2005-08-18,-0.25,-0.7,-0.6
2005-08-19,-0.3,-0.6,-0.6
2005-08-22,-0.3,-0.65,-0.6
2005-08-23,-0.3,-0.6,-0.6
2005-08-24,-0.3,-0.5,-0.6
2005-08-25,-0.25,-0.6,-0.6
2005-08-26,-0.15,-0.65,-0.6
2005-08-29,-0.15,-0.65,-0.6
2005-08-30,-0.3,-0.55000000000000004,-0.6
2005-08-31,-0.25,-0.55000000000000004,-0.6
2005-09-01,0.05,-0.7,-0.6
2005-09-02,0.3,-0.7,-0.6
2005-09-05,0.2,-0.85,-0.6
2005-09-06,0.1,-0.75,-0.5
2005-09-07,0.1,-0.75,-0.45
2005-09-08,0.1,-0.7,-0.45
2005-09-09,0.1,-0.7,-0.45
2005-09-12,0.1,-0.7,-0.45
2005-09-13,,-0.6,-0.45
2005-09-14,-0.05,-0.65,-0.45
2005-09-15,-0.1,-0.65,-0.47499999999999998
2005-09-16,-0.1,-0.6,-0.45
2005-09-19,-0.25,-0.5,-0.55000000000000004
2005-09-20,-0.25,-0.5,-0.55000000000000004
2005-09-21,-0.15,-0.5,-0.55000000000000004
2005-09-22,-0.15,-0.5,-0.5
2005-09-23,-0.3,-0.45,-0.5
2005-09-26,-0.3,-0.4,-0.6
2005-09-27,-0.3,-0.4,-0.4
2005-09-28,-0.3,-0.45,-0.4
2005-09-29,-0.3,-0.45,-0.4
2005-09-30,-0.3,-0.5,-0.6
2005-10-03,-0.3,-0.45,-0.6
2005-10-04,-0.3,-0.4,-0.45
2005-10-05,-0.25,-0.4,-0.45
2005-10-06,-0.25,-0.45,-0.35
2005-10-07,-0.3,-0.45,-0.52500000000000002
2005-10-10,-0.1,-0.45,-0.35
2005-10-11,-0.1,-0.35,-0.35
2005-10-12,,-0.35,-0.35
2005-10-13,-0.25,-0.35,-0.35
2005-10-14,-0.25,-0.35,-0.35
2005-10-17,-0.3,-0.3,-0.35
2005-10-18,-0.2,-0.25,-0.35
2005-10-19,-0.3,-0.35,-0.5
2005-10-20,-0.25,-0.2,-0.3
2005-10-21,-0.35,-0.3,-0.2
2005-10-24,-0.2,-0.25,-0.2
2005-10-25,-0.2,-0.27500000000000002,-0.22
2005-10-26,-0.2,-0.3,-0.22
2005-10-27,-3.7499999999999999E-2,-0.3,-0.25
2005-10-28,-0.1,-0.3,-0.35
2005-10-31,-0.1,-0.35,-0.2
2005-11-01,-2.5000000000000001E-2,-0.35,-0.2
2005-11-02,-0.2,-0.3,-0.17
2005-11-03,-0.2,-0.25,-0.17
2005-11-04,-0.25,-0.25,-0.17
2005-11-07,-0.35,-0.2,-0.3
2005-11-08,-0.4,-0.25,-0.25
2005-11-09,-0.4,-0.25,-0.35
2005-11-10,-0.35,-0.25,-0.35
2005-11-11,-0.4,-0.3,-0.4
2005-11-14,-0.35,-0.25,-0.35
2005-11-15,-0.4,-0.25,-0.3
2005-11-16,-0.35,-0.25,-0.35
2005-11-17,-0.35,-0.25,-0.35
2005-11-18,-0.35,-0.25,-0.35
2005-11-21,-0.25,-0.3,-0.27500000000000002
2005-11-22,-0.2,-0.3,-0.27500000000000002
2005-11-23,-0.25,-0.35,-0.25
2005-11-24,-0.05,-0.4,-0.27500000000000002
2005-11-25,-0.05,-0.4,-0.27500000000000002
2005-11-28,-0.05,-0.4,-0.3
2005-11-29,-0.05,-0.4,-0.3
2005-11-30,0.05,-0.4,-0.3
2005-12-01,-0.1,-0.35,-0.3
2005-12-02,0.1,-0.3,-0.3
2005-12-05,0.1,-0.32500000000000001,-0.27500000000000002
2005-12-06,0.1,-0.3,-0.3
2005-12-07,0.1,-0.3,-0.3
2005-12-08,0.1,-0.4,-0.3
2005-12-09,0.1,-0.4,-0.3
2005-12-12,0.1,-0.45,-0.3
2005-12-13,0.1,-0.4,-0.3
2005-12-14,0.2,-0.45,-0.3
2005-12-15,0.15,-0.55000000000000004,
2005-12-16,0.125,-1.05,-0.7
2005-12-19,0.1,-0.95,-0.7
2005-12-20,0.15,-0.75,-0.65
2005-12-21,-0.05,-0.75,-0.65
2005-12-22,0.05,-0.75,-0.55000000000000004
2005-12-23,0.05,-0.75,-0.55000000000000004
2005-12-26,0.05,,-0.55000000000000004
2005-12-27,0.05,-0.75,-0.55000000000000004
2005-12-28,0.05,-0.7,-0.55000000000000004
2005-12-29,0.125,-0.6,-0.55000000000000004
2005-12-30,0.1,-0.6,-0.55000000000000004
2006-01-02,0.1,-0.6,-0.55000000000000004
2006-01-03,0.1,-0.5,-0.55000000000000004
2006-01-04,0.2,-0.65649999999999997,-0.6
2006-01-05,0.2,-0.60599999999999998,-0.6
2006-01-06,0.25,-0.8,-0.55000000000000004
2006-01-09,0.15,-0.9,-0.65649999999999997
2006-01-10,0.25919999999999999,-0.85,-0.65
2006-01-11,0.17,-0.85,-0.65
2006-01-12,0.2,-0.95,-0.75
2006-01-13,0.2,-1,-0.7
2006-01-16,0.2,-0.85850000000000004,-0.7
2006-01-17,0.2,-0.6,-0.6
2006-01-18,0.17499999999999999,-0.7,-0.45
2006-01-19,0.17499999999999999,-0.65,-0.55000000000000004
2006-01-20,0.15,-0.7,-0.45
2006-01-23,0.2,-0.75,-0.45
2006-01-24,0.17499999999999999,-0.7,-0.4
2006-01-25,0.17499999999999999,-0.6,-0.4
2006-01-26,0.1,-0.7,-0.4
2006-01-27,0.05,-0.55000000000000004,-0.3
2006-01-30,0,-0.5,-0.4
2006-01-31,0,-0.4,-0.3
2006-02-01,0,-0.35,-0.3
2006-02-02,0,-0.35,-0.3
2006-02-03,-0.05,-0.25,-0.27500000000000002
2006-02-06,-0.05,-0.25,-0.27500000000000002
2006-02-07,-0.05,-0.45,-0.27500000000000002
2006-02-08,-0.05,-0.55000000000000004,-0.27500000000000002
2006-02-09,-0.05,-0.5,-0.32500000000000001
2006-02-10,0,-0.7,-0.4
2006-02-13,0,-0.45,-0.35
2006-02-14,0,-0.67500000000000004,-0.5
2006-02-15,0,-0.65649999999999997,-0.4
2006-02-16,0,-0.5,-0.5
2006-02-17,0,-0.5,-0.35
2006-02-20,0.05,-0.5,-0.35
2006-02-21,0.05,-0.55000000000000004,-0.5
2006-02-22,0.10970000000000001,-0.5,-0.35
2006-02-23,0.05,-0.65,-0.41410000000000002
2006-02-24,0.08,-0.7,-0.505
2006-02-27,0.12479999999999999,-0.85,-0.6
2006-02-28,0.1,-0.82499999999999996,-0.65
2006-03-01,0.1,-0.75,-0.55000000000000004
2006-03-02,0.17499999999999999,-0.875,-0.6
2006-03-03,0.2,-0.6,-0.4
2006-03-06,0.23,-0.75,-0.4
2006-03-07,0.17499999999999999,-0.67500000000000004,-0.4
2006-03-08,0.17499999999999999,-0.65,-0.4
2006-03-09,0.17499999999999999,-0.6,-0.45
2006-03-10,0.15,-0.5,-0.4
2006-03-13,0.15,-0.5,-0.45
2006-03-14,0.25,-0.65,-0.45
2006-03-15,0.25,-0.65,-0.45
2006-03-16,0.3,-0.65,-0.45
2006-03-17,0.375,-0.72499999999999998,-0.45
2006-03-20,0.27500000000000002,-0.8,-0.5
2006-03-21,0.25,-0.75,-0.5
2006-03-22,0.25,-0.65,-0.5
2006-03-23,0.17480000000000001,-0.6,-0.35
2006-03-24,0.2,-0.7,-0.45
2006-03-27,0.2,-0.7,-0.45
2006-03-28,0.27500000000000002,-0.6,-0.65
2006-03-29,0.22500000000000001,-0.67500000000000004,-0.45
2006-03-30,0.35,-0.7,-0.45
2006-03-31,0.27500000000000002,-0.67500000000000004,-0.45
2006-04-03,0.27500000000000002,-0.7,-0.45
2006-04-04,0.35,-0.75,-0.45
2006-04-05,0.4,-0.7,-0.45
2006-04-06,0.3125,-0.8,-0.45
2006-04-07,0.27500000000000002,-0.8,-0.45
2006-04-10,0.22500000000000001,-0.55000000000000004,-0.32500000000000001
2006-04-11,0.3,-0.5,-0.3
2006-04-12,0.3,-0.625,-0.375
2006-04-13,0.22500000000000001,-0.6,-0.375
2006-04-14,0.22500000000000001,-0.6,-0.45450000000000002
2006-04-17,0.27500000000000002,-0.55000000000000004,-0.375
2006-04-18,0.35,-0.75,-0.375
2006-04-19,0.4,-0.7,-0.4
2006-04-20,0.4,-0.7,-0.35
2006-04-21,0.43,-0.9,-0.5
2006-04-24,0.4,-1.25,-0.5
2006-04-25,0.4,-1.05,-0.6
2006-04-26,0.4,-0.875,-0.55000000000000004
2006-04-27,0.375,-1.25,-0.55000000000000004
2006-04-28,0.375,-1.1000000000000001,-0.55000000000000004
2006-05-01,0.4,-1.25,-0.55000000000000004
2006-05-02,0.35,-1.1499999999999999,-0.55000000000000004
2006-05-03,0.4,-1.1499999999999999,-0.55000000000000004
2006-05-04,0.4,-1.1000000000000001,-0.55000000000000004
2006-05-05,0.35,-1.2,-0.60599999999999998
2006-05-08,0.4,-1.3,-0.65
2006-05-09,0.375,-1.2749999999999999,-0.65
2006-05-10,0.4,-1.55,-0.75
2006-05-11,0.4,-1.45,-0.65
2006-05-12,0.4,-1.6,-0.65
2006-05-15,0.42499999999999999,-1.6,-0.77500000000000002
2006-05-16,0.4,-1.5,-0.6
2006-05-17,0.3,-1.4,-0.75
2006-05-18,0.27500000000000002,-1.45,-0.7
2006-05-19,0.3,-1.3,-0.625
2006-05-22,0.35,-1.4,-0.6
2006-05-23,0.4,-1.4,-0.7
2006-05-24,0.35,-1.35,-0.7
2006-05-25,0.35,-1.3,-0.71709999999999996
2006-05-26,0.35,-1.2625,-0.7
2006-05-29,0.35,-1.35,-0.7
2006-05-30,0.4,-1.35,-0.7
2006-05-31,0.35,-1.25,-0.625
2006-06-01,0.3,-1.2,-0.5
2006-06-02,0.4,-1.3129999999999999,-0.5353
2006-06-05,0.4,-1.325,-0.5
2006-06-06,0.4,-1.1499999999999999,-0.5
2006-06-07,0.3,-0.95,-0.5
2006-06-08,0.22500000000000001,-0.77500000000000002,-0.5
2006-06-09,0.22500000000000001,-0.77500000000000002,-0.5
2006-06-12,0.22500000000000001,-0.77500000000000002,-0.5
2006-06-13,0.2,-0.75,-0.5
2006-06-14,0.22500000000000001,-0.75,-0.55000000000000004
2006-06-15,0.17499999999999999,-0.8,-0.55000000000000004
2006-06-16,0.22500000000000001,-0.75,-0.55000000000000004
2006-06-19,0.22500000000000001,-0.7,-0.55000000000000004
2006-06-20,0.22500000000000001,-0.7,-0.5
2006-06-21,0.22500000000000001,-0.7,-0.5
2006-06-22,0.25,-0.77500000000000002,-0.5
2006-06-23,0.2,-0.72499999999999998,-0.5
2006-06-26,0.22500000000000001,-0.67500000000000004,-0.52500000000000002
2006-06-27,0.15,-0.75,-0.52500000000000002
2006-06-28,0.2,-0.72499999999999998,-0.55000000000000004
2006-06-29,0.25,-0.85,-0.55000000000000004
2006-06-30,0.27500000000000002,-0.875,-0.55000000000000004
2006-07-03,0.27500000000000002,-1.0249999999999999,-0.55000000000000004
2006-07-04,0.3,-1,-0.52500000000000002
2006-07-05,0.3,-0.92500000000000004,-0.52500000000000002
2006-07-06,0.27500000000000002,-0.9,-0.45
2006-07-07,0.35,-0.95,-0.52500000000000002
2006-07-10,0.32500000000000001,-1.05,-0.65
2006-07-11,0.27500000000000002,-0.9,-0.67500000000000004
2006-07-12,0.25,-0.82499999999999996,-0.67500000000000004
2006-07-13,0.25,-0.82499999999999996,-0.625
2006-07-14,0.25,-0.8,-0.625
2006-07-17,0.15,-0.55000000000000004,-0.5
2006-07-18,0.17499999999999999,-0.52500000000000002,-0.5
2006-07-19,0.1,-0.52500000000000002,-0.45
2006-07-20,0.2,-0.67500000000000004,-0.45
2006-07-21,0.2,-0.625,-0.45
2006-07-24,0.18,-0.625,-0.45
2006-07-25,0.2,-0.55000000000000004,-0.45
2006-07-26,0.15,-0.6,-0.45450000000000002
2006-07-27,0.25,-0.6,-0.5
2006-07-28,0.25,-0.8,-0.48480000000000001
2006-07-31,0.25,-0.92500000000000004,-0.55549999999999999
2006-08-01,0.3488,-0.95,-0.6
2006-08-02,0.32,-0.95,-0.6
2006-08-03,0.35,-0.9,-0.5
2006-08-04,0.3125,-0.85,-0.6
2006-08-07,0.32500000000000001,-0.95,-0.6
2006-08-08,0.32500000000000001,-0.82499999999999996,-0.6
2006-08-09,0.32500000000000001,-0.875,-0.6
2006-08-10,0.32500000000000001,-0.82499999999999996,-0.6
2006-08-11,0.27500000000000002,-0.77500000000000002,-0.6
2006-08-14,0.27500000000000002,-0.625,-0.52500000000000002
2006-08-15,0.3,-0.65,-0.45
2006-08-16,0.3,-0.65,-0.52500000000000002
2006-08-17,0.32500000000000001,-0.67500000000000004,-0.52500000000000002
2006-08-18,0.25,-0.72499999999999998,-0.5
2006-08-21,0.32500000000000001,-0.72499999999999998,-0.52500000000000002
2006-08-22,0.27500000000000002,-0.72499999999999998,-0.52500000000000002
2006-08-23,0.25,-0.67500000000000004,-0.52500000000000002
2006-08-24,0.25,-0.67500000000000004,-0.52500000000000002
2006-08-25,0.26250000000000001,-0.67500000000000004,-0.52500000000000002
2006-08-28,0.22500000000000001,-0.625,-0.55000000000000004
2006-08-29,0.25,-0.625,-0.52500000000000002
2006-08-30,0.3,-0.625,-0.52500000000000002
2006-08-31,0.27500000000000002,-0.625,-0.52500000000000002
2006-09-01,0.2,-0.625,-0.52500000000000002
2006-09-04,0.26250000000000001,-0.625,-0.52500000000000002
2006-09-05,0.22500000000000001,-0.82499999999999996,-0.52500000000000002
2006-09-06,0.22500000000000001,-0.82499999999999996,-0.52500000000000002
2006-09-07,0.17499999999999999,-0.82499999999999996,-0.7
2006-09-08,0.17499999999999999,-0.82499999999999996,-0.7
2006-09-11,0.17499999999999999,-0.85,-0.7
2006-09-12,0.2,-0.82499999999999996,-0.7
2006-09-13,0.15,-0.82499999999999996,-0.8
2006-09-14,0.16250000000000001,-0.8,-0.8
2006-09-15,0.17499999999999999,-0.82499999999999996,-0.8
2006-09-18,0.17499999999999999,-0.72499999999999998,-0.8
2006-09-19,0.05,-0.72499999999999998,-0.8
2006-09-20,9.9000000000000005E-2,-0.72499999999999998,-0.8
2006-09-21,2.5000000000000001E-2,-0.75,-0.8
2006-09-22,0.17499999999999999,-0.85,-0.8
2006-09-25,0.17499999999999999,-0.82499999999999996,-0.8
2006-09-26,0.15,-0.8,-0.77500000000000002
2006-09-27,0.125,-0.67500000000000004,-0.77500000000000002
2006-09-28,0.16250000000000001,-0.67500000000000004,-0.77500000000000002
2006-09-29,0.125,-0.7,-0.8
2006-10-02,7.4999999999999997E-2,-0.67500000000000004,-0.75
2006-10-03,0.1,-0.72499999999999998,-0.67500000000000004
2006-10-04,0.1,-0.72499999999999998,-0.75
2006-10-05,6.93E-2,-0.65339999999999998,-0.75
2006-10-06,-2.5000000000000001E-2,-0.5,-0.75
2006-10-09,0,-0.35,-0.75
2006-10-10,-0.125,-0.35,-0.77500000000000002
2006-10-11,-0.15,-0.2,-0.77500000000000002
2006-10-12,-0.2,-0.125,-0.55000000000000004
2006-10-13,-0.22500000000000001,-0.17499999999999999,-0.55000000000000004
2006-10-16,-0.25,-0.17499999999999999,-0.55000000000000004
2006-10-17,-0.2,-0.22500000000000001,-0.55000000000000004
2006-10-18,-0.22500000000000001,-0.22500000000000001,-0.55000000000000004
2006-10-19,-0.17499999999999999,-0.25,-0.5
2006-10-20,-0.125,-0.3,-0.5
2006-10-23,-0.125,-0.35,-0.5
2006-10-24,-0.22500000000000001,-0.35,-0.5
2006-10-25,-0.16830000000000001,-0.27500000000000002,-0.5
2006-10-26,-0.14849999999999999,-0.27500000000000002,-0.5
2006-10-27,0.05,-0.55000000000000004,-0.5
2006-10-30,9.9000000000000005E-2,-0.57499999999999996,-0.5
2006-10-31,9.9000000000000005E-2,-0.52500000000000002,-0.55000000000000004
2006-11-01,0.125,-0.67500000000000004,-0.55000000000000004
2006-11-02,0.2,-0.72499999999999998,-0.55000000000000004
2006-11-03,0.23749999999999999,-0.72499999999999998,-0.55000000000000004
2006-11-06,0.15,-0.5,-0.55000000000000004
2006-11-07,0.3,-0.44550000000000001,-0.5
2006-11-08,0.25,-0.52500000000000002,-0.5
2006-11-09,0.3,-0.45,-0.45
2006-11-10,0.47499999999999998,-0.52500000000000002,-0.45
2006-11-13,0.4,-0.52500000000000002,-0.45
2006-11-14,0.4,-0.7,-0.45
2006-11-15,0.33750000000000002,-0.55000000000000004,-0.45
2006-11-16,0.35,-0.6,-0.42499999999999999
2006-11-17,0.3,-0.57499999999999996,-0.42499999999999999
2006-11-20,0.375,-0.55000000000000004,-0.45
2006-11-21,0.35,-0.55000000000000004,-0.45
2006-11-22,0.45,-0.67500000000000004,-0.45
2006-11-23,0.51249999999999996,-0.77500000000000002,-0.45
2006-11-24,0.75,-0.85,-0.55000000000000004
2006-11-27,0.76249999999999996,-1.1499999999999999,-0.6
2006-11-28,0.75,-1.125,-0.6
2006-11-29,0.7,-1.075,-0.6
2006-11-30,0.67500000000000004,-1.075,-0.4
2006-12-01,0.66249999999999998,-1.25,-0.4
2006-12-04,0.67500000000000004,-1.35,-0.4
2006-12-05,0.625,-1.4,-0.45
2006-12-06,0.6,-1.375,-0.45
2006-12-07,0.6,-1.325,-0.5
2006-12-08,0.6,-1.325,-0.5
2006-12-11,0.3,-1.075,-0.51249999999999996
2006-12-12,0.375,-0.92500000000000004,-0.51249999999999996
2006-12-13,0.35,-1.0249999999999999,-0.51249999999999996
2006-12-14,0.2,-1.0249999999999999,-0.51249999999999996
2006-12-15,0.25,-0.75,-0.51249999999999996
2006-12-18,0.15,-0.75,-0.51249999999999996
2006-12-19,0.25,-0.75,-0.51249999999999996
2006-12-20,0.35,-0.77500000000000002,-0.51249999999999996
2006-12-21,0.35,-0.67500000000000004,-0.51249999999999996
2006-12-22,0.35,-0.67500000000000004,-0.51249999999999996
2006-12-25,0.35,-0.67500000000000004,-0.51249999999999996
2006-12-26,0.35,-0.51480000000000004,-0.51249999999999996
2006-12-27,0.35,-0.52500000000000002,-0.51249999999999996
2006-12-28,0.375,-0.65,-0.55000000000000004
2006-12-29,0.375,-0.65,-0.55000000000000004
2007-01-01,0.375,-0.65,-0.55000000000000004
2007-01-02,0.4,-0.57499999999999996,-0.5
2007-01-03,0.45,-0.57499999999999996,-0.5
2007-01-04,0.25,-0.495,-0.5
2007-01-05,0.12870000000000001,-0.65,-0.5
2007-01-08,0.1,-0.625,-0.5
2007-01-09,0.125,-0.57499999999999996,-0.5
2007-01-10,4.9500000000000002E-2,-0.57499999999999996,-0.5
2007-01-11,0.02,-0.45,-0.65
2007-01-12,0,-0.3,-0.55000000000000004
2007-01-15,,-0.27500000000000002,-0.55000000000000004
2007-01-16,4.9500000000000002E-2,-0.33750000000000002,-0.47499999999999998
2007-01-17,0.05,-0.27500000000000002,-0.47499999999999998
2007-01-18,0.05,-0.32500000000000001,-0.57499999999999996
2007-01-19,4.9500000000000002E-2,-0.25,-0.57499999999999996
2007-01-22,0.1,-0.25,-0.57499999999999996
2007-01-23,0.1,-0.2,-0.57499999999999996
2007-01-24,0.1,-0.5,-0.57499999999999996
2007-01-25,0.05,-1.05,-1.0249999999999999
2007-01-26,0,-0.85,-0.95
2007-01-29,2.5000000000000001E-2,-0.67500000000000004,-0.95
2007-01-30,0.05,-0.72499999999999998,-0.82499999999999996
2007-01-31,0.05,-1.1000000000000001,-0.82499999999999996
2007-02-01,0.14849999999999999,-1.2672000000000001,-1.1499999999999999
2007-02-02,0.14849999999999999,-1.2,-1.1499999999999999
2007-02-05,4.9500000000000002E-2,-1.2250000000000001,-1.17
2007-02-06,4.9500000000000002E-2,-1.325,-1.1499999999999999
2007-02-07,4.9500000000000002E-2,-1.2749999999999999,-1.2
2007-02-08,4.9500000000000002E-2,-1.2250000000000001,-1.075
2007-02-09,4.9500000000000002E-2,-1.125,-1.075
2007-02-12,0.1245,-0.8,-0.85
2007-02-13,9.9000000000000005E-2,-0.875,-0.85
2007-02-14,0.1875,-1,-0.85
2007-02-15,0.1875,-1.4750000000000001,-0.85
2007-02-16,0.13750000000000001,-1.325,-0.85
2007-02-19,0.1782,-1.1879999999999999,-1.1484000000000001
2007-02-20,0.1782,-1.0395000000000001,-1.0197000000000001
2007-02-21,0.1782,-0.69299999999999995,-0.75239999999999996
2007-02-22,0.17499999999999999,-0.72499999999999998,-0.75
2007-02-23,0.17499999999999999,-0.7,-0.7
2007-02-26,0.17499999999999999,-0.7,-0.7
2007-02-27,0.2475,-1.2869999999999999,-0.7
2007-02-28,0.17499999999999999,-1.35,-1.25
2007-03-01,0.14849999999999999,-1.35,-1.25
2007-03-02,0.1125,-1.5,-1.25
2007-03-05,0.05,-1.9,-2
2007-03-06,0.05,-1.7250000000000001,-1.65
2007-03-07,-4.9500000000000002E-2,-1.7250000000000001,-1.65
2007-03-08,4.9500000000000002E-2,-1.85,-1.7250000000000001
2007-03-09,6.25E-2,-1.5,-1.65
2007-03-12,2.5000000000000001E-2,-1.3365,-1.2
2007-03-13,0.15,-1.55,-1.2
2007-03-14,0.17499999999999999,-1.782,-1.75
2007-03-15,0.32500000000000001,-1.75,-1.52
2007-03-16,0.45,-1.6,-1.6
2007-03-19,0.45,-1.65,-1.6
2007-03-20,0.33750000000000002,-1.7,-1.6
2007-03-21,0.35,-1.6434,-1.6
2007-03-22,0.47499999999999998,-1.7,-1.6
2007-03-23,0.4,-1.55,-1.2
2007-03-26,0.26250000000000001,-1.5249999999999999,-1.2
2007-03-27,0.33750000000000002,-1.5249999999999999,-1.2
2007-03-28,0.32500000000000001,-1.7,-1.3
2007-03-29,0.25,-1.85,-1.6
2007-03-30,0.25,-1.75,-1.4750000000000001
2007-04-02,0.35,-1.85,-1.5
2007-04-03,0.34649999999999997,-1.6136999999999999,-1.2474000000000001
2007-04-04,0.34649999999999997,-1.5543,-1.1484000000000001
2007-04-05,0.42499999999999999,-1.65,-1.2
2007-04-06,0.42499999999999999,-1.65,-1.25
2007-04-09,0.42499999999999999,-1.6,-1.2
2007-04-10,0.42499999999999999,-1.55,-1.2
2007-04-11,0.4,-1.5840000000000001,-1.3
2007-04-12,0.4,-1.5,-1.3
2007-04-13,0.4,-1.5,-1.3
2007-04-16,0.48749999999999999,-1.5,-1.2
2007-04-17,0.48749999999999999,-1.4,-1.2
2007-04-18,0.48749999999999999,-1.6,-1.4
2007-04-19,0.375,-1.7,-1.6
2007-04-20,0.4,-1.65,-1.5
2007-04-23,0.4,-1.65,-1.5
2007-04-24,0.3,-1.65,-1.5
2007-04-25,0.33750000000000002,-1.55,-1.5
2007-04-26,0.3,-1.55,-1.5
2007-04-27,0.22500000000000001,-1.5249999999999999,-1.4
2007-04-30,0.22500000000000001,-1.5249999999999999,-1.4
2007-05-01,0.19800000000000001,-1.4948999999999999,-1.25
2007-05-02,0.19800000000000001,-1.35,-1.25
2007-05-03,,-1.25,-1.25
2007-05-04,4.9500000000000002E-2,-1.25,-1.25
2007-05-07,4.9500000000000002E-2,-1.3167,-1.1484000000000001
2007-05-08,4.9500000000000002E-2,-1.25,-1.1000000000000001
2007-05-09,,-1.3,-1.2177
2007-05-10,0.05,-1.25,-1.1879999999999999
2007-05-11,0.05,-1.3,-1.25
2007-05-14,7.4999999999999997E-2,-1.25,-1.4
2007-05-15,,-1.175,-1.4
2007-05-16,7.4999999999999997E-2,-1.0249999999999999,-1.4
2007-05-17,7.5300000000000006E-2,-1.075,-1.4
2007-05-18,-0.05,-1.0249999999999999,-1.4
2007-05-21,-0.05,-1.0249999999999999,-1.125
2007-05-22,-0.125,-0.99,-1.1000000000000001
2007-05-23,-0.14849999999999999,-0.875,-1.1000000000000001
2007-05-24,-9.9000000000000005E-2,-0.9405,-1.1484000000000001
2007-05-25,-0.125,-1.1499999999999999,-1.1000000000000001
2007-05-28,-0.125,-1.1499999999999999,-1.25
2007-05-29,-0.125,-1.2,-1.25
2007-05-30,-9.9000000000000005E-2,-1.2,-1.25
2007-05-31,-9.9000000000000005E-2,-1.2,-1.25
2007-06-01,-0.15,-1.05,-1.1499999999999999
2007-06-04,-0.15,-1.1000000000000001,-1.1499999999999999
2007-06-05,-0.15,-0.9405,-0.99
2007-06-06,-0.15,-1,-1.1499999999999999
2007-06-07,-0.15,-1.2,-1.2
2007-06-08,-0.22500000000000001,-1.25,-1.45
2007-06-11,-0.22500000000000001,-1.3,-1.35
2007-06-12,-0.25,-1.3,-1.35
2007-06-13,-0.25,-1.25,-1.4
2007-06-14,-0.25,-1.2,-1.3
2007-06-15,-0.25,-1.1000000000000001,-1.2
2007-06-18,-0.17499999999999999,-1,-1
2007-06-19,-0.16830000000000001,-1,-1
2007-06-20,-0.17499999999999999,-0.9,-1
2007-06-21,-9.9000000000000005E-2,-0.875,-1
2007-06-22,-2.5000000000000001E-2,-0.875,-1
2007-06-25,-2.5000000000000001E-2,-0.85,-0.85
2007-06-26,-2.5000000000000001E-2,-1.125,-0.9
2007-06-27,-2.5000000000000001E-2,-1.6,-1.35
2007-06-28,-1.9800000000000002E-2,-1.6,-1.65
2007-06-29,2.5000000000000001E-2,-1.425,-1.65
2007-07-02,2.5000000000000001E-2,-1.425,-1.65
2007-07-03,4.9500000000000002E-2,-1.7,-1.65
2007-07-04,4.9500000000000002E-2,-1.7,-1.4
2007-07-05,4.9500000000000002E-2,-1.55,-1.4
2007-07-06,9.98E-2,-1.55,-1.4
2007-07-09,0.15,-1.2250000000000001,-1.325
2007-07-10,0.2,-1.35,-1.25
2007-07-11,0.32500000000000001,-1.85,-1.6
2007-07-12,0.3,-1.65,-1.5
2007-07-13,0.32500000000000001,-1.75,-1.55
2007-07-16,0.22500000000000001,-1.75,-1.55
2007-07-17,0.22500000000000001,-1.75,-1.55
2007-07-18,0.28749999999999998,-1.7749999999999999,-1.55
2007-07-19,0.27500000000000002,-1.7749999999999999,-1.55
2007-07-20,0.25,-1.7749999999999999,-1.55
2007-07-23,0.27500000000000002,-2.0249999999999999,-1.8
2007-07-24,0.25,-2.0790000000000002,-1.8
2007-07-25,0.2,-2.25,-1.95
2007-07-26,0.1,-2.2000000000000002,-1.95
2007-07-27,0,-2.4,-2.25
2007-07-30,,-2.3264999999999998,-2.25
2007-07-31,-4.9500000000000002E-2,-2.0295000000000001,-2.25
2007-08-01,-4.9500000000000002E-2,-2.2770000000000001,-2.4
2007-08-02,-4.9500000000000002E-2,-2.2999999999999998,-2.2000000000000002
2007-08-03,-4.9500000000000002E-2,-2.3264999999999998,-2.1
2007-08-06,0.05,-2.3264999999999998,-2.4500000000000002
2007-08-07,0.3,-2.3250000000000002,-2.25
2007-08-08,0.15,-2.35,-2.25
2007-08-09,-0.1,-2.4750000000000001,-1.95
2007-08-10,-0.1,-2.6,-2.4500000000000002
2007-08-13,-0.1,-2.95,-2.7250000000000001
2007-08-14,-0.1,-2.9205000000000001,-2.8
2007-08-15,-0.45,-3.4649999999999999,-3.2
2007-08-16,-0.7,-5.1974999999999998,-3.85
2007-08-17,-0.5,-6.5,-6.5
2007-08-20,-0.4,-4.5999999999999996,-5.5
2007-08-21,-0.5,-5.5,-5
2007-08-22,-0.35,-5,-5.25
2007-08-23,-0.2,-4,-3.75
2007-08-24,-0.2,-4,-3.75
2007-08-27,-0.2,-4,-3.75
2007-08-28,-0.22500000000000001,-4.4000000000000004,-4.3
2007-08-29,-0.22500000000000001,-4.4000000000000004,-4.5
2007-08-30,-0.22500000000000001,-4.4000000000000004,-4.5
2007-08-31,-0.22500000000000001,-4.4000000000000004,-4.5
2007-09-03,-0.25,-4.4000000000000004,-4.5
2007-09-04,-0.3,-4.4000000000000004,-4.5
2007-09-05,-0.3,-4.4000000000000004,-4.5
2007-09-06,-0.23749999999999999,-4.4000000000000004,-4.5
2007-09-07,-0.2,-4.3499999999999996,-4
2007-09-10,0.25,-4.875,-4.5
2007-09-11,0.25,-4.875,-4.5
2007-09-12,0.2,-3.75,-3.5
2007-09-13,0.2,-3.4,-3.5
2007-09-14,0.25,-2.7,-2.5
2007-09-17,0.05,-2.7,-2.5
2007-09-18,0,-2.6,-2.5
2007-09-19,0.2,-2.1,-2.1
2007-09-20,0.32500000000000001,-1.875,-2.1
2007-09-21,0.32500000000000001,-2.5249999999999999,-2.1
2007-09-24,0.35,-2.2999999999999998,-2.1
2007-09-25,0.27500000000000002,-2.2999999999999998,-2.1
2007-09-26,0.27500000000000002,-2.75,-2.1
2007-09-27,0.1125,-2.5750000000000002,-2.1
2007-09-28,0.15,-2.5750000000000002,-2.1
2007-10-01,0.1,-2.8,-2
2007-10-02,0.1,-2.8,-2
2007-10-03,0.1,-2.5,-2
2007-10-04,-0.2,-2.4,-2
2007-10-05,-0.2,-2.0499999999999998,-2
2007-10-08,-0.2,-2.0499999999999998,-2
2007-10-09,-0.2,-1.7,-1.625
2007-10-10,-0.22500000000000001,-1.7,-1.625
2007-10-11,-0.15,-1.6,-1.45
2007-10-12,-0.22500000000000001,-1.6,-1.45
2007-10-15,-0.22500000000000001,-1.6,-1.45
2007-10-16,-0.29699999999999999,-1.7,-1.45
2007-10-17,-0.28749999999999998,-2.375,-2.25
2007-10-18,-0.22500000000000001,-2.9799000000000002,-2.25
2007-10-19,-0.19800000000000001,-3.5,-3
2007-10-22,-0.22500000000000001,-3.75,-3.5
2007-10-23,-0.29699999999999999,-3.55,-3.5
2007-10-24,-0.45,-3.15,-3.5
2007-10-25,-0.42499999999999999,-3.15,-3.5
2007-10-26,-0.33750000000000002,-3.15,-3.5
2007-10-29,-0.14849999999999999,-2.7719999999999998,-3.5
2007-10-30,-0.2,-3,-3
2007-10-31,-0.14849999999999999,-3,-2.85
2007-11-01,-0.22500000000000001,-2.6,-2.5
2007-11-02,-0.22500000000000001,-2.6,-2.5499999999999998
2007-11-05,-0.25,-2.6,-2.5499999999999998
2007-11-06,-0.25,-2.6,-2.5499999999999998
2007-11-07,0.2,-2.9,-2.5499999999999998
2007-11-08,0.22500000000000001,-3.2,-2.8
2007-11-09,0.32500000000000001,-3.4,-3.5
2007-11-12,-0.4,-5,-4.5
2007-11-13,-0.35,-5,-4.5
2007-11-14,-0.25,-3.9798,-4
2007-11-15,-0.47499999999999998,-3.95,-4
2007-11-16,-0.5,-4.2668999999999997,-4
2007-11-19,-0.42499999999999999,-4.25,-4
2007-11-20,-0.42499999999999999,-4.25,-4.1749999999999998
2007-11-21,-0.42499999999999999,-4.5,-4.5
2007-11-22,-0.42499999999999999,-4.5,-4.5
2007-11-23,-0.42499999999999999,-4.5,-4.5
2007-11-26,-0.32500000000000001,-4.5,-4.5
2007-11-27,-0.32500000000000001,-4.5,-4.5
2007-11-28,-0.35,-3.5,-4.5
2007-11-29,-0.54449999999999998,-3,-4.5
2007-11-30,-0.35,-2.5,-4.5
2007-12-03,-0.6,-2.5,-2.75
2007-12-04,-0.6,-2.5,-2.75
2007-12-05,-0.52500000000000002,-2.625,-2.75
2007-12-06,-0.52500000000000002,-2.625,-2.75
2007-12-07,-0.65,-2.375,-2.75
2007-12-10,-0.625,-2.1749999999999998,-2.375
2007-12-11,-0.625,-2.2000000000000002,-2.375
2007-12-12,-0.625,-2.35,-2.4500000000000002
2007-12-13,-0.52500000000000002,-2.4500000000000002,-2.4500000000000002
2007-12-14,-0.52500000000000002,-2.4500000000000002,-2.4500000000000002
2007-12-17,-0.67500000000000004,-2.2000000000000002,-2.4500000000000002
2007-12-18,-0.7,-2.2869000000000002,-2.4500000000000002
2007-12-19,-0.7,-2.4,-2.4500000000000002
2007-12-20,-0.7,-2.4,-2.4500000000000002
2007-12-21,-0.7,-2.4,-2.4500000000000002
2007-12-24,-0.7,-2.4,-2.4500000000000002
2007-12-25,-0.7,-2.0499999999999998,-2.4500000000000002
2007-12-26,-0.7,-2.0499999999999998,-2.4500000000000002
2007-12-27,-0.7,-2.0499999999999998,-2.1
2007-12-28,-0.7,-2.65,-2.1
2007-12-31,-0.7,-2.65,-2.1
2008-01-01,-0.495,-2.65,-2.1
2008-01-02,-0.55000000000000004,-2.9,-2.1
2008-01-03,-0.45,-2.9,-3.35
2008-01-04,-0.45,-3.4750000000000001,-3.35
2008-01-07,-0.4,-3.5,-3.35
2008-01-08,-0.29699999999999999,-3.0888,-3.35
2008-01-09,-0.35,-3.0750000000000002,-3.35
2008-01-10,-0.35,-2.9,-2.9
2008-01-11,-0.29699999999999999,-3.2250000000000001,-2.9
2008-01-14,-0.1,-3.4,-2.9
2008-01-15,-0.125,-3.4,-2.9
2008-01-16,-0.15,-3.85,-2.9
2008-01-17,-0.375,-3.4,-3.55
2008-01-18,-0.45,-3.7,-3.55
2008-01-21,-0.55000000000000004,-3.7,-3.65
2008-01-22,-0.42499999999999999,-4.0750000000000002,-4.1500000000000004
2008-01-23,-0.45,-3.9798,-4.1500000000000004
2008-01-24,-0.45,-3.6,-4.1500000000000004
2008-01-25,-0.45,-3.35,-4.1500000000000004
2008-01-28,-0.42499999999999999,-3.3264,-4.1500000000000004
2008-01-29,-0.375,-2.9,-4.1500000000000004
2008-01-30,-0.375,-2.75,-3.1
2008-01-31,-0.375,-3.25,-3.5
2008-02-01,-0.375,-2.8,-3.5
2008-02-04,-0.375,-2.4500000000000002,-2.625
2008-02-05,-0.375,-2.15,-2.5
2008-02-06,-0.375,-2.4249999999999998,-2.5
2008-02-07,-0.6,-2.35,-2.5
2008-02-08,-0.65,-2.35,-2.5
2008-02-11,-0.72499999999999998,-2.2000000000000002,-2.5
2008-02-12,-0.72499999999999998,-2.2000000000000002,-2.5
2008-02-13,-0.72499999999999998,-2.1749999999999998,-2.5
2008-02-14,-0.72499999999999998,-2.1749999999999998,-2.5
2008-02-15,-0.72499999999999998,-1.95,-2.5
2008-02-18,-0.65,-1.95,-2.5
2008-02-19,-0.57499999999999996,-2.0750000000000002,-2.5
2008-02-20,-0.59399999999999997,-2.25,-2.5
2008-02-21,-0.625,-2.25,-2.0499999999999998
2008-02-22,-0.52500000000000002,-2.25,-2.0499999999999998
2008-02-25,-0.59399999999999997,-2.25,-2.0499999999999998
2008-02-26,-0.52500000000000002,-2,-2.0499999999999998
2008-02-27,-0.4,-2.1,-2.0499999999999998
2008-02-28,-0.4,-2.4354,-2.0499999999999998
2008-02-29,-0.15,-2.95,-2.375
2008-03-03,-0.27500000000000002,-3.35,-2.375
2008-03-04,-0.3,-3.55,-2.375
2008-03-05,-0.19800000000000001,-3.4,-2.375
2008-03-06,-0.35,-3.5,-3.15
2008-03-07,-0.2243,-4.5250000000000004,-3.55
2008-03-10,-0.25,-4.2,-3.8708999999999998
2008-03-11,-0.25,-3.9,-3.7719
2008-03-12,-0.25,-4.1500000000000004,-3.55
2008-03-13,-0.14849999999999999,-4.75,-3.65
2008-03-14,-0.05,-4.75,-3.65
2008-03-17,-0.249,-6.25,-5
2008-03-18,-0.13270000000000001,-5.3573000000000004,-4.6261999999999999
2008-03-19,-0.55000000000000004,-4.9000000000000004,
2008-03-20,-0.59240000000000004,-4.6048999999999998,-3.8889
2008-03-21,-0.58550000000000002,-4.5083000000000002,-3.7965
2008-03-24,-0.60040000000000004,-4.3266999999999998,-3.7486999999999999
2008-03-25,-0.56000000000000005,-4.2649999999999997,-3.69
2008-03-26,-0.505,-4.2324999999999999,-3.6875
2008-03-27,-0.42749999999999999,-4.2625000000000002,-3.7524999999999999
2008-03-28,-0.4425,-4.2474999999999996,-3.6074999999999999
2008-03-31,-0.42,-4.2125000000000004,-3.7050000000000001
2008-04-01,-0.6,-4.0575000000000001,-3.4275000000000002
2008-04-02,-0.59250000000000003,-3.6475,-3.16
2008-04-03,-0.60250000000000004,-3.5775000000000001,-3.2374999999999998
2008-04-04,-0.60250000000000004,-3.5175000000000001,-3.1175000000000002
2008-04-07,-0.59499999999999997,-3.45,-3.0550000000000002
2008-04-08,-0.61499999999999999,-3.0350000000000001,-2.7425000000000002
2008-04-09,-0.5625,-2.9975000000000001,-2.4700000000000002
2008-04-10,-0.48249999999999998,-3.5724999999999998,-2.7324999999999999
2008-04-11,-0.44,-3.3824999999999998,-2.7625000000000002
2008-04-14,-0.40250000000000002,-3.4049999999999998,-2.9049999999999998
2008-04-15,-0.41499999999999998,-3.4775,-2.9125000000000001
2008-04-16,-0.32750000000000001,-3.4175,-2.8224999999999998
2008-04-17,-0.3725,-3.2875000000000001,-2.82
2008-04-18,-0.45750000000000002,-2.9075000000000002,-2.4224999999999999
2008-04-21,-0.435,-2.9175,-2.4849999999999999
2008-04-22,-0.35749999999999998,-2.7625000000000002,-2.4249999999999998
2008-04-23,-0.375,-2.7475000000000001,-2.4550000000000001
2008-04-24,-0.505,-2.6074999999999999,-2.4725000000000001
2008-04-25,-0.53500000000000003,-2.5724999999999998,-2.5
2008-04-28,-0.52,-2.5125000000000002,-2.5225
2008-04-29,-0.5,-2.5775000000000001,-2.5550000000000002
2008-04-30,-0.48749999999999999,-2.6475,-2.5299999999999998
2008-05-01,-0.52,-2.5625,-2.5625
2008-05-02,-0.51749999999999996,-2.2675000000000001,-2.37
2008-05-05,-0.51249999999999996,-2.1675,-2.4075000000000002
2008-05-06,-0.42499999999999999,-2.2374999999999998,-2.11
2008-05-07,-0.47249999999999998,-2.0975000000000001,-2.0449999999999999
2008-05-08,-0.44,-2.3824999999999998,-2.4325000000000001
2008-05-09,-0.45250000000000001,-2.8925000000000001,-2.68
2008-05-12,-0.42,-2.9449999999999998,-2.73
2008-05-13,-0.42499999999999999,-2.7774999999999999,-2.7275
2008-05-14,-0.38500000000000001,-2.4424999999999999,-2.4550000000000001
2008-05-15,-0.32500000000000001,-2.25,-2.3925000000000001
2008-05-16,-0.29499999999999998,-2.3224999999999998,-2.3325
2008-05-19,-0.28249999999999997,-2.4375,-2.2949999999999999
2008-05-20,-0.1525,-2.4275000000000002,-2.3075000000000001
2008-05-21,-0.105,-2.7374999999999998,-2.4700000000000002
2008-05-22,-4.4999999999999998E-2,-2.7925,-2.42
2008-05-23,-1.4999999999999999E-2,-2.68,-2.3975
2008-05-26,-2.5000000000000001E-2,-2.8174999999999999,-2.4275000000000002
2008-05-27,-7.2499999999999995E-2,-2.8025000000000002,-2.4375
2008-05-28,-7.2499999999999995E-2,-2.4874999999999998,-2.3250000000000002
2008-05-29,-0.16,-2.2174999999999998,-2.0950000000000002
2008-05-30,-0.17249999999999999,-2.1825000000000001,-2.0325000000000002
2008-06-02,-0.16750000000000001,-2.2574999999999998,-2.0449999999999999
2008-06-03,-0.14499999999999999,-2.4674999999999998,-2.2075
2008-06-04,-0.21249999999999999,-2.5175000000000001,-2.2799999999999998
2008-06-05,-0.16500000000000001,-2.2174999999999998,-2.2050000000000001
2008-06-06,6.25E-2,-2.2875000000000001,-2.1324999999999998
2008-06-09,0.125,-2.2574999999999998,-2.0350000000000001
2008-06-10,-2.75E-2,-1.9325000000000001,-1.9225000000000001
2008-06-11,-0.05,-1.8425,-1.845
2008-06-12,-0.1575,-1.8174999999999999,-1.7375
2008-06-13,-0.4425,-1.8225,-1.7675000000000001
2008-06-16,-0.4,-1.7350000000000001,-1.78
2008-06-17,-0.33250000000000002,-1.71,-1.6825000000000001
2008-06-18,-0.2525,-1.7549999999999999,-1.6775
2008-06-19,-0.255,-2.0249999999999999,-1.7450000000000001
2008-06-20,-0.19,-2.0975000000000001,-1.7050000000000001
2008-06-23,-0.20749999999999999,-2.1625000000000001,-1.81
2008-06-24,-0.16750000000000001,-2.14,-1.7625
2008-06-25,-0.155,-2.1949999999999998,-1.7925
2008-06-26,-9.2499999999999999E-2,-2.2725,-1.7549999999999999
2008-06-27,-4.7500000000000001E-2,-2.8374999999999999,-2.2149999999999999
2008-06-30,-4.4999999999999998E-2,-3.12,-2.54
2008-07-01,-0.03,-3.2250000000000001,-2.6074999999999999
2008-07-02,1.2500000000000001E-2,-3.0924999999999998,-2.5274999999999999
2008-07-03,-3.2500000000000001E-2,-2.94,-2.4550000000000001
2008-07-04,-4.2500000000000003E-2,-2.7149999999999999,-2.4049999999999998
2008-07-07,-0.05,-2.6349999999999998,-2.2825000000000002
2008-07-08,-6.5000000000000002E-2,-2.7774999999999999,-2.3475000000000001
2008-07-09,-5.7500000000000002E-2,-2.7875000000000001,-2.29
2008-07-10,-2.5000000000000001E-2,-2.78,-2.3149999999999999
2008-07-11,0.09,-2.9375,-2.3450000000000002
2008-07-14,0.2225,-3.1775000000000002,-2.3824999999999998
2008-07-15,0.29749999999999999,-3.7574999999999998,-2.6724999999999999
2008-07-16,0.27250000000000002,-3.9925000000000002,-3.27
2008-07-17,0.19,-3.5274999999999999,-2.68
2008-07-18,0.19500000000000001,-3.4474999999999998,-2.64
2008-07-21,0.26250000000000001,-3.2725,-2.54
2008-07-22,0.31,-3.27,-2.5724999999999998
2008-07-23,0.20250000000000001,-3.1074999999999999,-2.4525000000000001
2008-07-24,0.14000000000000001,-3.0474999999999999,-2.4375
2008-07-25,8.2500000000000004E-2,-3.3125,-2.69
2008-07-28,0.1825,-3.0975000000000001,-2.5924999999999998
2008-07-29,0.21,-3.0350000000000001,-2.5474999999999999
2008-07-30,5.7500000000000002E-2,-3,-2.4849999999999999
2008-07-31,9.2499999999999999E-2,-2.9325000000000001,-2.3725000000000001
2008-08-01,9.7500000000000003E-2,-3.1274999999999999,-2.4950000000000001
2008-08-04,1.2500000000000001E-2,-3.0225,-2.4249999999999998
2008-08-05,-0.125,-2.9925000000000002,-2.4975000000000001
2008-08-06,-0.14000000000000001,-2.6274999999999999,-2.23
2008-08-07,-0.29499999999999998,-2.3975,-2.1274999999999999
2008-08-08,-0.86750000000000005,-2.25,-2.7450000000000001
2008-08-11,-0.76749999999999996,-2.375,-2.67
2008-08-12,-0.77749999999999997,-2.3824999999999998,-2.99
2008-08-13,-0.77,-2.86,-3.2149999999999999
2008-08-14,-0.66749999999999998,-2.6225000000000001,-3.1625000000000001
2008-08-15,-0.84499999999999997,-2.3849999999999998,-3.24
2008-08-18,-0.73250000000000004,-2.3574999999999999,-3.1074999999999999
2008-08-19,-0.61750000000000005,-2.4075000000000002,-3.125
2008-08-20,-0.52500000000000002,-2.3975,-2.9975000000000001
2008-08-21,-0.36499999999999999,-2.5575000000000001,-3.0625
2008-08-22,-0.27250000000000002,-2.4525000000000001,-2.7725
2008-08-25,-0.34499999999999997,-2.5049999999999999,-2.7124999999999999
2008-08-26,-0.47499999999999998,-2.4474999999999998,-2.83
2008-08-27,-0.40250000000000002,-2.5950000000000002,-2.7925
2008-08-28,-0.34250000000000003,-2.5575000000000001,-2.7124999999999999
2008-08-29,-0.30499999999999999,-2.6225000000000001,-2.7324999999999999
2008-09-01,-0.36499999999999999,-2.8925000000000001,-3.0525000000000002
2008-09-02,-0.47749999999999998,-2.69,-2.9224999999999999
2008-09-03,-0.5625,-2.7374999999999998,-2.87
2008-09-04,-0.54,-2.9024999999999999,-2.9750000000000001
2008-09-05,-0.83,-3.4325000000000001,-3.5325000000000002
2008-09-08,-0.89500000000000002,-2.835,-3.0724999999999998
2008-09-09,-1.0125,-2.9424999999999999,-3.2425000000000002
2008-09-10,-1.06,-2.9550000000000001,-3.2225000000000001
2008-09-11,-1.2175,-3.1924999999999999,-3.395
2008-09-12,-0.9375,-3.01,-3.105
2008-09-15,-0.66500000000000004,-3.7825000000000002,-3.5474999999999999
2008-09-16,-0.58750000000000002,-4.2699999999999996,-3.9350000000000001
2008-09-17,-0.3775,-4.1100000000000003,-3.8824999999999998
2008-09-18,0.115,-4.1950000000000003,-3.9550000000000001
2008-09-19,0.20250000000000001,-3.6425000000000001,-3.4849999999999999
2008-09-22,0.47749999999999998,-3.6575000000000002,-3.3025000000000002
2008-09-23,0.60250000000000004,-3.7625000000000002,-3.2749999999999999
2008-09-24,0.36249999999999999,-3.6724999999999999,-3.22
2008-09-25,0.27750000000000002,-3.7275,-3.1875
2008-09-26,0.1525,-4.1224999999999996,-3.45
2008-09-29,-0.18,-4.2975000000000003,-3.3925000000000001
2008-09-30,-0.39750000000000002,-4.54,-4.0750000000000002
2008-10-01,-0.45750000000000002,-4.5125000000000002,-4.0274999999999999
2008-10-02,-0.91749999999999998,-4.6524999999999999,-4.47
2008-10-03,-0.86250000000000004,-4.5075000000000003,-4.37
2008-10-06,-1.2324999999999999,-5.3425000000000002,-5.3250000000000002
2008-10-07,-1.07,-5.6150000000000002,-5.5
2008-10-08,-0.97250000000000003,-6.4725000000000001,-6.0274999999999999
2008-10-09,-0.67249999999999999,-6.4050000000000002,-6.0149999999999997
2008-10-10,-0.88,-7.43,-7.1074999999999999
2008-10-13,-0.71250000000000002,-6.65,-6.47
2008-10-14,-0.57250000000000001,-6.25,-6.0374999999999996
2008-10-15,-0.63249999999999995,-6.6574999999999998,-6.4375
2008-10-16,-1.02,-7,-6.8624999999999998
2008-10-17,-0.96750000000000003,-6.81,-6.7850000000000001
2008-10-20,-0.9,-6.2824999999999998,-6.4349999999999996
2008-10-21,-1.3274999999999999,-6.4874999999999998,-6.7474999999999996
2008-10-22,-1.845,-7.3775000000000004,-7.3550000000000004
2008-10-23,-1.85,-7.7024999999999997,-7.67
2008-10-24,-2.86,-9.5050000000000008,-9.44
2008-10-27,-2.9075000000000002,-9.7174999999999994,-9.3524999999999991
2008-10-28,-2.67,-9.3849999999999998,-9.8249999999999993
2008-10-29,-2.2075,-9.2249999999999996,-9.32
2008-10-30,-1.835,-8.9924999999999997,-9.0474999999999994
2008-10-31,-1.9775,-9.2650000000000006,-9.5425000000000004
2008-11-03,-1.75,-8.7550000000000008,-8.9075000000000006
2008-11-04,-1.4350000000000001,-8.7774999999999999,-8.8699999999999992
2008-11-05,-1.1599999999999999,-8.9,-8.8550000000000004
2008-11-06,-1.3,-9.1425000000000001,-9.14
2008-11-07,-1.2925,-9.2050000000000001,-9.2675000000000001
2008-11-10,-1.1274999999999999,-9.0024999999999995,-9.2449999999999992
2008-11-11,-1.4025000000000001,-9.4600000000000009,-9.5975000000000001
2008-11-12,-1.655,-9.6549999999999994,-10.067500000000001
2008-11-13,-1.6975,-10.07,-10.35
2008-11-14,-1.5525,-10.102499999999999,-10.36
2008-11-17,-1.4125000000000001,-9.9350000000000005,-10.045
2008-11-18,-1.4750000000000001,-9.8774999999999995,-10.2125
2008-11-19,-1.43,-9.76,-10.077500000000001
2008-11-20,-1.5275000000000001,-10.2475,-10.435
2008-11-21,-1.5125,-10.029999999999999,-10.220000000000001
2008-11-24,-1.2250000000000001,-9.5775000000000006,-9.8874999999999993
2008-11-25,-0.97750000000000004,-9.6425000000000001,-9.9949999999999992
2008-11-26,-0.89,-9.4,-9.6999999999999993
2008-11-27,-0.86499999999999999,-9.0500000000000007,-9.3224999999999998
2008-11-28,-0.96,-8.7524999999999995,-9.1074999999999999
2008-12-01,-1.08,-8.86,-9.2349999999999994
2008-12-02,-1.33,-9.1449999999999996,-9.5649999999999995
2008-12-03,-1.3574999999999999,-9.0850000000000009,-9.4450000000000003
2008-12-04,-1.3374999999999999,-8.9875000000000007,-9.2799999999999994
2008-12-05,-0.99250000000000005,-8.9450000000000003,-9.1974999999999998
2008-12-08,-1.18,-8.3000000000000007,-8.8149999999999995
2008-12-09,-1.1525000000000001,-7.9349999999999996,-8.4700000000000006
2008-12-10,-0.98499999999999999,-7.915,-8.3825000000000003
2008-12-11,-0.54,-7.9225000000000003,-8.1649999999999991
2008-12-12,-0.3175,-8.5350000000000001,-8.5950000000000006
2008-12-15,0.08,-7.7850000000000001,-8.1074999999999999
2008-12-16,0.36499999999999999,-7.6475,-7.77
2008-12-17,0.62,-8.16,-7.6375000000000002
2008-12-18,0.73,-7.7874999999999996,-7
2008-12-19,0.35,-7.6025,-7.07
2008-12-22,0.4,-7.3150000000000004,-6.75
2008-12-23,0.35249999999999998,-7.1425000000000001,-6.6124999999999998
2008-12-24,0.32500000000000001,-6.9850000000000003,-6.65
2008-12-25,0.32250000000000001,-7.0475000000000003,-6.6875
2008-12-26,0.36749999999999999,-6.8375000000000004,-6.72
2008-12-29,0.40250000000000002,-6.4725000000000001,-6.1624999999999996
2008-12-30,0.4325,-6.4974999999999996,-6.4
2008-12-31,0.35,-6.5274999999999999,-6.2850000000000001
2009-01-01,0.37,-6.4850000000000003,-6.49
2009-01-02,0.35749999999999998,-6.4275000000000002,-6.1924999999999999
2009-01-05,6.25E-2,-5.5350000000000001,-5.6025
2009-01-06,-0.19500000000000001,-5.1725000000000003,-5.3324999999999996
2009-01-07,2.5000000000000001E-3,-5.0350000000000001,-5.3025000000000002
2009-01-08,-1.7500000000000002E-2,-5.33,-5.2874999999999996
2009-01-09,-7.0000000000000007E-2,-5.5025000000000004,-5.4424999999999999
2009-01-12,-0.26,-5.7625000000000002,-5.89
2009-01-13,-0.4,-5.9974999999999996,-6.17
2009-01-14,-0.4975,-6.3250000000000002,-6.78
2009-01-15,-0.48499999999999999,-6.2850000000000001,-6.9225000000000003
2009-01-16,-0.25750000000000001,-5.7149999999999999,-6.4824999999999999
2009-01-19,-0.26750000000000002,-5.2525000000000004,-6.06
2009-01-20,-0.55249999999999999,-5.7350000000000003,-6.8624999999999998
2009-01-21,-0.56000000000000005,-6.31,-7.4850000000000003
2009-01-22,-0.40250000000000002,-6.2675000000000001,-7.4974999999999996
2009-01-23,-0.53249999999999997,-6.22,-7.6574999999999998
2009-01-26,-0.32,-5.9574999999999996,-6.98
2009-01-27,-0.13500000000000001,-5.5125000000000002,-6.6924999999999999
2009-01-28,-9.2499999999999999E-2,-4.8975,-6.1375000000000002
2009-01-29,-0.17249999999999999,-4.8174999999999999,-5.9524999999999997
2009-01-30,-0.25750000000000001,-4.9649999999999999,-6.25
2009-02-02,-0.27750000000000002,-4.8925000000000001,-6.16
2009-02-03,-0.2525,-4.9074999999999998,-6.0674999999999999
2009-02-04,-0.23499999999999999,-4.7874999999999996,-6.0025000000000004
2009-02-05,-0.1925,-4.4124999999999996,-5.6
2009-02-06,-0.215,-3.5975000000000001,-5.0125000000000002
2009-02-09,-0.17,-3.6675,-4.6174999999999997
2009-02-10,-0.105,-3.5825,-4.2874999999999996
2009-02-11,-0.13750000000000001,-3.7025000000000001,-4.18
2009-02-12,-0.23749999999999999,-3.75,-4.3075000000000001
2009-02-13,-0.22750000000000001,-3.3624999999999998,-4.1449999999999996
2009-02-16,-0.2175,-3.3725000000000001,-4.46
2009-02-17,-0.49,-2.8849999999999998,-4
2009-02-18,-0.505,-2.4125000000000001,-3.6949999999999998
2009-02-19,-0.29749999999999999,-1.905,-3.07
2009-02-20,-0.3175,-1.81,-2.72
2009-02-23,-0.16,-2.1375000000000002,-3.0074999999999998
2009-02-24,-0.14499999999999999,-1.635,-2.71
2009-02-25,-0.115,-1.52,-2.0449999999999999
2009-02-26,-0.2,-1.43,-1.6375
2009-02-27,-0.1525,-1.9750000000000001,-2.105
2009-03-02,-0.14749999999999999,-2.0125000000000002,-2.09
2009-03-03,-0.14000000000000001,-1.89,-1.9924999999999999
2009-03-04,-0.1825,-1.855,-1.9175
2009-03-05,-0.2,-1.9875,-2.0074999999999998
2009-03-06,-9.5000000000000001E-2,-2.5175000000000001,-2.3050000000000002
2009-03-09,-0.16750000000000001,-2.6124999999999998,-2.1825000000000001
2009-03-10,-8.5000000000000006E-2,-2.6475,-2.1225000000000001
2009-03-11,0.13750000000000001,-2.9375,-2.3925000000000001
2009-03-12,0.16750000000000001,-3.5775000000000001,-2.7949999999999999
2009-03-13,0.26750000000000002,-3.16,-2.69
2009-03-16,0.35249999999999998,-3.0625,-2.7225000000000001
2009-03-17,0.37,-2.7075,-2.4
2009-03-18,0.67249999999999999,-3.2925,-2.355
2009-03-19,1.0674999999999999,-3.99,-2.5649999999999999
2009-03-20,1.0525,-3.6924999999999999,-2.3374999999999999
2009-03-23,1.0449999999999999,-3.5024999999999999,-2.2725
2009-03-24,0.70250000000000001,-3.3149999999999999,-2.23
2009-03-25,0.80249999999999999,-3.3050000000000002,-2.35
2009-03-26,0.63,-3.0575000000000001,-2.77
2009-03-27,0.59,-3.01,-2.4325000000000001
2009-03-30,0.39750000000000002,-3.3374999999999999,-2.79
2009-03-31,0.45,-2.7974999999999999,-2.4375
2009-04-01,0.44500000000000001,-2.5674999999999999,-2.36
2009-04-02,0.54249999999999998,-2.3050000000000002,-2.29
2009-04-03,0.6825,-2.2324999999999999,-2.2574999999999998
2009-04-06,0.57250000000000001,-1.9724999999999999,-2.1475
2009-04-07,0.35499999999999998,-1.9950000000000001,-2.1274999999999999
2009-04-08,0.35749999999999998,-2.2725,-2.0775000000000001
2009-04-09,0.36499999999999999,-2.1349999999999998,-2.0375000000000001
2009-04-10,0.30249999999999999,-2.1475,-2.0649999999999999
2009-04-13,0.35249999999999998,-2.31,-2.2925
2009-04-14,0.34499999999999997,-2.4300000000000002,-2.1850000000000001
2009-04-15,0.3175,-2.4500000000000002,-2.3374999999999999
2009-04-16,0.26250000000000001,-2.5099999999999998,-2.31
2009-04-17,5.0000000000000001E-3,-2.4725000000000001,-2.3424999999999998
2009-04-20,-0.1275,-2.665,-2.4900000000000002
2009-04-21,-0.17499999999999999,-2.6949999999999998,-2.5924999999999998
2009-04-22,-0.17749999999999999,-2.585,-2.5425
2009-04-23,4.7500000000000001E-2,-2.5674999999999999,-2.5049999999999999
2009-04-24,0.3775,-2.7349999999999999,-2.4700000000000002
2009-04-27,0.29249999999999998,-2.81,-2.6175000000000002
2009-04-28,0.26500000000000001,-2.92,-2.6074999999999999
2009-04-29,0.45500000000000002,-2.6625000000000001,-2.4624999999999999
2009-04-30,0.53,-2.3475000000000001,-2.34
2009-05-01,0.54,-2.0550000000000002,-2.2949999999999999
2009-05-04,0.56499999999999995,-1.6924999999999999,-1.9724999999999999
2009-05-05,0.56499999999999995,-1.6725000000000001,-1.8125
2009-05-06,0.4975,-1.76,-1.89
2009-05-07,0.42249999999999999,-1.6625000000000001,-1.7324999999999999
2009-05-08,0.55500000000000005,-1.585,-1.6575
2009-05-11,0.5,-2.0775000000000001,-1.74
2009-05-12,0.63249999999999995,-2.4525000000000001,-2.0575000000000001
2009-05-13,0.61,-2.71,-2.3075000000000001
2009-05-14,0.58250000000000002,-2.6575000000000002,-2.5049999999999999
2009-05-15,0.6,-2.6425000000000001,-2.4849999999999999
2009-05-18,0.4425,-2.4624999999999999,-2.4649999999999999
2009-05-19,0.55000000000000004,-2.1324999999999998,-2.1524999999999999
2009-05-20,0.58499999999999996,-2.2174999999999998,-2.1850000000000001
2009-05-21,0.8175,-2.4950000000000001,-2.1850000000000001
2009-05-22,1.1200000000000001,-2.5099999999999998,-2.27
2009-05-25,0.97,-2.7349999999999999,-2.15
2009-05-26,1.0375000000000001,-2.1349999999999998,-2.1724999999999999
2009-05-27,0.95,-2.17,-1.9675
2009-05-28,0.98750000000000004,-1.8875,-1.5974999999999999
2009-05-29,1.1924999999999999,-1.9750000000000001,-1.7775000000000001
2009-06-01,1.3125,-2.0625,-1.7124999999999999
2009-06-02,1.1725000000000001,-2.0474999999999999,-1.6375
2009-06-03,0.46250000000000002,-2.145,-1.6775
2009-06-04,0.42249999999999999,-2.1225000000000001,-1.7575000000000001
2009-06-05,0.27250000000000002,-1.9475,-1.7324999999999999
2009-06-08,0.23499999999999999,-1.6924999999999999,-1.7675000000000001
2009-06-09,0.53249999999999997,-1.855,-1.7875000000000001
2009-06-10,0.52,-1.925,-1.7825
2009-06-11,0.51749999999999996,-1.895,-1.7625
2009-06-12,0.49,-1.8774999999999999,-1.6725000000000001
2009-06-15,0.29749999999999999,-1.9575,-1.7424999999999999
2009-06-16,0.33250000000000002,-2.1974999999999998,-2.0074999999999998
2009-06-17,0.34,-2.5225,-2.2725
2009-06-18,0.34250000000000003,-2.4449999999999998,-2.0674999999999999
2009-06-19,0.30249999999999999,-2.4300000000000002,-2.2425000000000002
2009-06-22,0.34499999999999997,-2.4024999999999999,-2.2574999999999998
2009-06-23,0.51,-2.6524999999999999,-2.4750000000000001
2009-06-24,0.60499999999999998,-2.5924999999999998,-2.4249999999999998
2009-06-25,0.45250000000000001,-2.3174999999999999,-2.2400000000000002
2009-06-26,0.51749999999999996,-2.3199999999999998,-2.1274999999999999
2009-06-29,0.52249999999999996,-2.3250000000000002,-2.145
2009-06-30,0.54500000000000004,-2.08,-1.9350000000000001
2009-07-01,0.60750000000000004,-1.84,-1.7475000000000001
2009-07-02,0.54500000000000004,-1.76,-1.8025
2009-07-03,0.45750000000000002,-1.92,-1.9424999999999999
2009-07-06,0.36499999999999999,-1.855,-1.9975000000000001
2009-07-07,0.36749999999999999,-2.0350000000000001,-2.0175000000000001
2009-07-08,5.7500000000000002E-2,-2.625,-2.6225000000000001
2009-07-09,0.11,-2.7774999999999999,-2.7174999999999998
2009-07-10,6.25E-2,-2.91,-2.8525
2009-07-13,4.7500000000000001E-2,-2.8725000000000001,-2.6949999999999998
2009-07-14,0.125,-2.8125,-2.6025
2009-07-15,0.31,-2.5649999999999999,-2.5225
2009-07-16,0.34749999999999998,-2.4725000000000001,-2.4775
2009-07-17,0.32250000000000001,-2.4700000000000002,-2.4849999999999999
2009-07-20,0.46250000000000002,-2.2675000000000001,-2.4125000000000001
2009-07-21,0.47249999999999998,-2.3849999999999998,-2.4649999999999999
2009-07-22,0.47499999999999998,-2.4925000000000002,-2.5924999999999998
2009-07-23,0.48,-2.19,-2.3224999999999998
2009-07-24,0.50249999999999995,-2.1850000000000001,-2.2524999999999999
2009-07-27,0.51,-1.9775,-2.0150000000000001
2009-07-28,0.38,-2.0150000000000001,-2.0225
2009-07-29,0.31,-2.0674999999999999,-2.1675
2009-07-30,0.25750000000000001,-1.83,-1.9624999999999999
2009-07-31,0.31,-1.75,-1.9125000000000001
2009-08-03,0.42249999999999999,-1.7324999999999999,-1.7925
2009-08-04,0.47249999999999998,-1.69,-1.7524999999999999
2009-08-05,0.61,-1.6025,-1.6675
2009-08-06,0.59,-1.34,-1.415
2009-08-07,0.38250000000000001,-0.91500000000000004,-1.1125
2009-08-10,0.2175,-0.97750000000000004,-1.22
2009-08-11,0.26250000000000001,-1.3125,-1.6375
2009-08-12,0.17749999999999999,-1.54,-1.8174999999999999
2009-08-13,0.27500000000000002,-1.42,-1.7725
2009-08-14,0.26250000000000001,-1.59,-1.885
2009-08-17,6.7500000000000004E-2,-1.73,-2.0499999999999998
2009-08-18,0.06,-1.58,-1.9524999999999999
2009-08-19,7.7499999999999999E-2,-1.6325000000000001,-1.99
2009-08-20,7.0000000000000007E-2,-1.5649999999999999,-1.9450000000000001
2009-08-21,0.215,-1.6725000000000001,-1.9624999999999999
2009-08-24,0.17749999999999999,-1.5024999999999999,-2.0425
2009-08-25,0.20749999999999999,-1.5125,-1.9724999999999999
2009-08-26,0.17499999999999999,-1.4950000000000001,-1.9650000000000001
2009-08-27,0.1825,-1.5525,-1.9650000000000001
2009-08-28,0.215,-1.5249999999999999,-1.9550000000000001
2009-08-31,0.20499999999999999,-1.46,-1.9850000000000001
2009-09-01,0.1225,-1.4850000000000001,-2.0375000000000001
2009-09-02,0.05,-1.3875,-2.1324999999999998
2009-09-03,0.03,-1.5249999999999999,-2.2774999999999999
2009-09-04,0.04,-1.2150000000000001,-2.2450000000000001
2009-09-07,0.12,-1.4025000000000001,-2.0874999999999999
2009-09-08,0.35749999999999998,-1.4375,-2.1349999999999998
2009-09-09,0.39,-1.39,-2.1475
2009-09-10,0.39,-1.57,-2.0474999999999999
2009-09-11,0.35749999999999998,-1.7524999999999999,-2.13
2009-09-14,0.315,-1.9,-2.16
2009-09-15,0.25,-1.8049999999999999,-1.94
2009-09-16,0.3,-1.97,-2.0249999999999999
2009-09-17,0.29749999999999999,-1.9650000000000001,-2.0249999999999999
2009-09-18,0.26500000000000001,-2.0350000000000001,-2.0125000000000002
2009-09-21,0.14749999999999999,-1.68,-1.82
2009-09-22,0.25,-1.7324999999999999,-1.78
2009-09-23,0.22500000000000001,-1.68,-1.655
2009-09-24,7.0000000000000007E-2,-1.5549999999999999,-1.66
2009-09-25,0.02,-1.8425,-1.9325000000000001
2009-09-28,1.2500000000000001E-2,-1.82,-2.36
2009-09-29,2.5000000000000001E-3,-2.1949999999999998,-2.31
2009-09-30,-8.2500000000000004E-2,-2.145,-2.2774999999999999
2009-10-01,-0.1875,-1.9924999999999999,-2.09
2009-10-02,-0.22750000000000001,-2.0775000000000001,-2.1524999999999999
2009-10-05,-0.21249999999999999,-1.8025,-2.02
2009-10-06,-0.19500000000000001,-1.9424999999999999,-2.1825000000000001
2009-10-07,-0.23250000000000001,-2.1724999999999999,-2.2000000000000002
2009-10-08,-0.185,-2.2000000000000002,-2.1724999999999999
2009-10-09,-0.19,-2.0150000000000001,-2
2009-10-12,-0.16500000000000001,-1.8875,-1.9175
2009-10-13,-7.0000000000000007E-2,-1.7124999999999999,-1.7475000000000001
2009-10-14,8.2500000000000004E-2,-1.8474999999999999,-1.6725000000000001
2009-10-15,7.0000000000000007E-2,-1.6775,-1.615
2009-10-16,5.5E-2,-1.5225,-1.4524999999999999
2009-10-19,5.5E-2,-1.4550000000000001,-1.36
2009-10-20,-7.4999999999999997E-3,-1.41,-1.29
2009-10-21,-0.19750000000000001,-1.3225,-1.22
2009-10-22,-0.21,-1.23,-1.105
2009-10-23,-0.28999999999999998,-1.0575000000000001,-1.0425
2009-10-26,-0.47,-0.95,-0.97
2009-10-27,-0.62250000000000005,-0.98499999999999999,-1.2024999999999999
2009-10-28,-0.73250000000000004,-1.27,-1.5475000000000001
2009-10-29,-0.79749999999999999,-1.0925,-1.4650000000000001
2009-10-30,-0.76500000000000001,-1.0974999999999999,-1.5475000000000001
2009-11-02,-0.86,-1.3274999999999999,-1.7975000000000001
2009-11-03,-1.0475000000000001,-1.3425,-1.86
2009-11-04,-0.96499999999999997,-1.1950000000000001,-1.7475000000000001
2009-11-05,-0.99250000000000005,-1.075,-1.7375
2009-11-06,-0.96250000000000002,-1.0525,-1.7324999999999999
2009-11-09,-0.74,-1.0325,-1.6975
2009-11-10,-0.74750000000000005,-0.99750000000000005,-1.5925
2009-11-11,-0.745,-1.0649999999999999,-1.75
2009-11-12,-0.89749999999999996,-0.94,-1.6575
2009-11-13,-0.85750000000000004,-0.89,-1.68
2009-11-16,-0.82250000000000001,-0.89500000000000002,-1.6875
2009-11-17,-0.83499999999999996,-0.93500000000000005,-1.845
2009-11-18,-0.76749999999999996,-0.84750000000000003,-1.8049999999999999
2009-11-19,-0.83,-0.90500000000000003,-1.97
2009-11-20,-0.91249999999999998,-0.97750000000000004,-1.98
2009-11-23,-0.89,-0.97499999999999998,-1.8875
2009-11-24,-0.90500000000000003,-0.97250000000000003,-2
2009-11-25,-0.79749999999999999,-1.375,-2.3174999999999999
2009-11-26,-0.89500000000000002,-2.1225000000000001,-2.84
2009-11-27,-1.2450000000000001,-2.4024999999999999,-3.01
2009-11-30,-1.1675,-2.2250000000000001,-2.7625000000000002
2009-12-01,-1.1875,-1.7075,-2.35
2009-12-02,-1.1074999999999999,-1.47,-2.15
2009-12-03,-1.1399999999999999,-1.2450000000000001,-1.95
2009-12-04,-1.2024999999999999,-0.73499999999999999,-1.4550000000000001
2009-12-07,-1.2024999999999999,-0.8175,-1.605
2009-12-08,-1.1975,-1.165,-1.9175
2009-12-09,-1.2350000000000001,-1.18,-2.085
2009-12-10,-1.17,-1.1000000000000001,-1.96
2009-12-11,-1.2,-0.83499999999999996,-1.7475000000000001
2009-12-14,-1.2749999999999999,-0.96250000000000002,-1.865
2009-12-15,-1.4025000000000001,-0.69750000000000001,-1.66
2009-12-16,-1.43,-0.63749999999999996,-1.575
2009-12-17,-1.5575000000000001,-0.62,-1.68
2009-12-18,-1.355,-0.55500000000000005,-1.65
2009-12-21,-1.2324999999999999,-0.505,-1.6225000000000001
2009-12-22,-1.3125,-0.48,-1.5349999999999999
2009-12-23,-1.3149999999999999,-0.36249999999999999,-1.45
2009-12-24,-1.3425,-0.34250000000000003,-1.4675
2009-12-25,-1.3075000000000001,-0.34250000000000003,-1.59
2009-12-28,-1.3374999999999999,-0.39,-1.61
2009-12-29,-1.2549999999999999,-0.33750000000000002,-1.3925000000000001
2009-12-30,-1.2324999999999999,-0.33750000000000002,-1.36
2009-12-31,-1.2524999999999999,-0.33,-1.4175
2010-01-01,-1.2875000000000001,-0.315,-1.5125
2010-01-04,-1.2375,-0.32250000000000001,-1.4375
2010-01-05,-1.1225000000000001,-0.64749999999999996,-1.5825
2010-01-06,-1.1174999999999999,-0.6825,-1.5425
2010-01-07,-1.07,-0.48749999999999999,-1.375
2010-01-08,-0.97250000000000003,-0.58750000000000002,-1.3525
2010-01-11,-0.71250000000000002,-0.64249999999999996,-1.3774999999999999
2010-01-12,-0.71750000000000003,-0.84,-1.5125
2010-01-13,-0.72250000000000003,-0.72499999999999998,-1.4675
2010-01-14,-0.74250000000000005,-0.77249999999999996,-1.47
2010-01-15,-0.88500000000000001,-0.86499999999999999,-1.93
2010-01-18,-0.88,-0.92500000000000004,-1.6625000000000001
2010-01-19,-1.1725000000000001,-0.875,-1.72
2010-01-20,-1.17,-0.91249999999999998,-1.8325
2010-01-21,-1.47,-1.0049999999999999,-2.0975000000000001
2010-01-22,-1.38,-1.2450000000000001,-2.2000000000000002
2010-01-25,-1.2725,-1.2350000000000001,-2.1124999999999998
2010-01-26,-1.3049999999999999,-1.3875,-2.29
2010-01-27,-1.3625,-1.5149999999999999,-2.23
2010-01-28,-1.3125,-1.19,-1.97
2010-01-29,-1.335,-1.1174999999999999,-1.9850000000000001
2010-02-01,-1.2949999999999999,-1.075,-1.9125000000000001
2010-02-02,-1.2150000000000001,-1.0349999999999999,-1.8149999999999999
2010-02-03,-1.1525000000000001,-0.89,-1.7275
2010-02-04,-1.4650000000000001,-1.37,-2.2250000000000001
2010-02-05,-1.7050000000000001,-1.5049999999999999,-2.6775000000000002
2010-02-08,-1.69,-1.4875,-2.7149999999999999
2010-02-09,-1.5024999999999999,-1.4,-2.6349999999999998
2010-02-10,-1.4275,-1.2124999999999999,-2.4550000000000001
2010-02-11,-1.6174999999999999,-1.2250000000000001,-2.35
2010-02-12,-1.6975,-1.0974999999999999,-2.3374999999999999
2010-02-15,-1.6325000000000001,-0.98,-2.2675000000000001
2010-02-16,-1.5475000000000001,-0.90500000000000003,-2.2225000000000001
2010-02-17,-1.5024999999999999,-0.70250000000000001,-2.02
2010-02-18,-1.5275000000000001,-0.63,-2.0225
2010-02-19,-1.6125,-0.58750000000000002,-1.9850000000000001
2010-02-22,-1.5024999999999999,-0.61250000000000004,-1.905
2010-02-23,-1.4524999999999999,-0.53500000000000003,-2.17
2010-02-24,-1.4775,-0.6825,-2.1850000000000001
2010-02-25,-1.645,-0.88500000000000001,-2.4350000000000001
2010-02-26,-1.53,-0.88500000000000001,-2.4649999999999999
2010-03-01,-1.5049999999999999,-0.86750000000000005,-2.33
2010-03-02,-1.4924999999999999,-0.86,-2.2599999999999998
2010-03-03,-1.4325000000000001,-0.87250000000000005,-2.1800000000000002
2010-03-04,-1.4775,-0.78,-2.0750000000000002
2010-03-05,-1.4475,-0.65,-1.91
2010-03-08,-1.22,-0.42,-1.6375
2010-03-09,-1.2849999999999999,-0.43,-1.625
2010-03-10,-1.26,-0.36499999999999999,-1.5325
2010-03-11,-1.2275,-0.29249999999999998,-1.4750000000000001
2010-03-12,-1.0075000000000001,-0.3175,-1.425
2010-03-15,-1.0175000000000001,-0.435,-1.385
2010-03-16,-1.0349999999999999,-0.49,-1.49
2010-03-17,-0.91,-0.51500000000000001,-1.37
2010-03-18,-1.0525,-0.40250000000000002,-1.325
2010-03-19,-1.1950000000000001,-0.39250000000000002,-1.2749999999999999
2010-03-22,-1.31,-0.51,-1.4350000000000001
2010-03-23,-1.2975000000000001,-0.49,-1.4675
2010-03-24,-1.5425,-0.30249999999999999,-1.4
2010-03-25,-1.57,-0.14249999999999999,-1.23
2010-03-26,-1.5375000000000001,-6.5000000000000002E-2,-1.2549999999999999
2010-03-29,-1.41,-8.7499999999999994E-2,-1.2424999999999999
2010-03-30,-1.2350000000000001,-0.13250000000000001,-1.2250000000000001
2010-03-31,-1.2424999999999999,-7.0000000000000007E-2,-1.1575
2010-04-01,-1.1950000000000001,-0.1925,-1.1200000000000001
2010-04-02,-1.165,-0.14249999999999999,-1.06
2010-04-05,-1.18,-0.22,-1.23
2010-04-06,-1.2825,-0.41249999999999998,-1.52
2010-04-07,-1.37,-0.55249999999999999,-1.595
2010-04-08,-1.3525,-0.72499999999999998,-1.85
2010-04-09,-1.2575000000000001,-0.71250000000000002,-1.6274999999999999
2010-04-12,-1.01,-0.74750000000000005,-1.5249999999999999
2010-04-13,-0.98499999999999999,-0.83250000000000002,-1.5149999999999999
2010-04-14,-0.88,-0.79749999999999999,-1.5149999999999999
2010-04-15,-1.0175000000000001,-0.8075,-1.575
2010-04-16,-1.0475000000000001,-0.99250000000000005,-1.7150000000000001
2010-04-19,-1.1875,-1.1599999999999999,-1.8975
2010-04-20,-1.1525000000000001,-0.99750000000000005,-1.7775000000000001
2010-04-21,-1.165,-0.96250000000000002,-1.67
2010-04-22,-1.4,-0.99250000000000005,-1.86
2010-04-23,-1.5149999999999999,-0.86499999999999999,-1.7649999999999999
2010-04-26,-1.4675,-0.79,-1.67
2010-04-27,-1.6225000000000001,-0.91,-2.0724999999999998
2010-04-28,-1.925,-0.91,-2.2149999999999999
2010-04-29,-1.7875000000000001,-0.88,-2.0649999999999999
2010-04-30,-1.6924999999999999,-0.78,-1.9975000000000001
2010-05-03,-1.8474999999999999,-0.67,-1.9675
2010-05-04,-1.905,-0.72,-2.3925000000000001
2010-05-05,-2.1625000000000001,-0.84,-2.6575000000000002
2010-05-06,-2.7275,-2.1124999999999998,-4.0824999999999996
2010-05-07,-2.9525000000000001,-2.5525000000000002,-4.1275000000000004
2010-05-10,-2.8125,-2.2025000000000001,-3.4874999999999998
2010-05-11,-3,-2.1,-3.64
2010-05-12,-2.5924999999999998,-1.7725,-3.3250000000000002
2010-05-13,-2.33,-1.575,-3.4224999999999999
2010-05-14,-2.46,-1.8825000000000001,-3.9775
2010-05-17,-2.7275,-2.0674999999999999,-4.1524999999999999
2010-05-18,-2.62,-2.0375000000000001,-4.1449999999999996
2010-05-19,-2.8650000000000002,-2.5325000000000002,-4.6574999999999998
2010-05-20,-2.73,-3.4575,-4.9400000000000004
2010-05-21,-2.5950000000000002,-3.51,-4.8224999999999998
2010-05-24,-2.6175000000000002,-3.1825000000000001,-4.6150000000000002
2010-05-25,-2.9649999999999999,-3.4024999999999999,-4.6974999999999998
2010-05-26,-2.9575,-3.13,-4.5175000000000001
2010-05-27,-2.9249999999999998,-2.7450000000000001,-4.1849999999999996
2010-05-28,-2.9175,-2.4624999999999999,-4.0650000000000004
2010-05-31,-2.9325000000000001,-2.3224999999999998,-4.0750000000000002
2010-06-01,-3.06,-2.4350000000000001,-4.22
2010-06-02,-3.0350000000000001,-1.9724999999999999,-4.0374999999999996
2010-06-03,-2.9424999999999999,-1.7,-4.0650000000000004
2010-06-04,-3.145,-1.7875000000000001,-4.3550000000000004
2010-06-07,-3.0550000000000002,-2.0024999999999999,-4.8899999999999997
2010-06-08,-2.7450000000000001,-1.9750000000000001,-4.8600000000000003
2010-06-09,-2.5350000000000001,-1.925,-4.6449999999999996
2010-06-10,-2.13,-1.7875000000000001,-4.3949999999999996
2010-06-11,-1.9424999999999999,-1.7324999999999999,-4.2175000000000002
2010-06-14,-1.5549999999999999,-1.5674999999999999,-3.8075000000000001
2010-06-15,-1.615,-1.4450000000000001,-3.8275000000000001
2010-06-16,-1.6025,-1.2925,-3.5049999999999999
2010-06-17,-1.5475000000000001,-1.3325,-3.5775000000000001
2010-06-18,-1.4924999999999999,-1.3049999999999999,-3.5225
2010-06-21,-1.3274999999999999,-1.1850000000000001,-3.4049999999999998
2010-06-22,-1.4275,-1.165,-3.34
2010-06-23,-1.54,-1.2675000000000001,-3.4550000000000001
2010-06-24,-1.5625,-1.42,-3.58
2010-06-25,-1.5625,-1.71,-3.6625000000000001
2010-06-28,-1.5375000000000001,-1.6850000000000001,-3.63
2010-06-29,-1.7250000000000001,-1.9575,-4.1574999999999998
2010-06-30,-1.6625000000000001,-2.0825,-4.0475000000000003
2010-07-01,-1.36,-2.3725000000000001,-4.0674999999999999
2010-07-02,-1.1200000000000001,-2.33,-3.9624999999999999
2010-07-05,-1.0649999999999999,-2.2524999999999999,-3.9049999999999998
2010-07-06,-0.95499999999999996,-2.1625000000000001,-3.9024999999999999
2010-07-07,-0.97250000000000003,-2.3050000000000002,-3.8675000000000002
2010-07-08,-0.96499999999999997,-2.04,-3.5625
2010-07-09,-1.1475,-1.855,-3.38
2010-07-12,-1.1875,-1.76,-3.3774999999999999
2010-07-13,-1.1675,-1.67,-3.3424999999999998
2010-07-14,-1.1074999999999999,-1.5475000000000001,-3.1425000000000001
2010-07-15,-1.075,-1.7224999999999999,-3.145
2010-07-16,-1.115,-2.0125000000000002,-3.125
2010-07-19,-1.1975,-2.0299999999999998,-3.21
2010-07-20,-1.2875000000000001,-1.7925,-3.1549999999999998
2010-07-21,-1.4450000000000001,-1.7,-2.7124999999999999
2010-07-22,-1.61,-1.825,-2.8275000000000001
2010-07-23,-1.59,-1.7350000000000001,-2.7974999999999999
2010-07-26,-1.4225000000000001,-1.58,-2.4700000000000002
2010-07-27,-1.2949999999999999,-1.385,-2.4224999999999999
2010-07-28,-1.19,-1.345,-2.1850000000000001
2010-07-29,-1.085,-1.3049999999999999,-2.0950000000000002
2010-07-30,-1.0774999999999999,-1.4650000000000001,-2.2200000000000002
2010-08-02,-0.86,-1.335,-1.9750000000000001
2010-08-03,-0.78500000000000003,-1.575,-1.9850000000000001
2010-08-04,-0.87,-1.6975,-1.9575
2010-08-05,-0.95499999999999996,-1.585,-1.93
2010-08-06,-0.84250000000000003,-1.6575,-1.9624999999999999
2010-08-09,-0.82750000000000001,-1.5674999999999999,-1.7625
2010-08-10,-0.87749999999999995,-1.5575000000000001,-1.7524999999999999
2010-08-11,-1.2350000000000001,-1.65,-2.0249999999999999
2010-08-12,-1.5325,-1.5575000000000001,-2.09
2010-08-13,-1.5525,-1.4750000000000001,-2.0150000000000001
2010-08-16,-1.5425,-1.4650000000000001,-2.0225
2010-08-17,-1.4624999999999999,-1.49,-1.9924999999999999
2010-08-18,-1.4350000000000001,-1.4524999999999999,-1.9450000000000001
2010-08-19,-1.4125000000000001,-1.4524999999999999,-1.99
2010-08-20,-1.5125,-1.4650000000000001,-2.1274999999999999
2010-08-23,-1.6025,-1.4575,-2.1324999999999998
2010-08-24,-1.7975000000000001,-1.7224999999999999,-2.6324999999999998
2010-08-25,-1.77,-1.6525000000000001,-2.4849999999999999
2010-08-26,-1.7224999999999999,-1.7324999999999999,-2.4300000000000002
2010-08-27,-1.675,-1.4675,-2.1324999999999998
2010-08-30,-1.6924999999999999,-1.3025,-2.0350000000000001
2010-08-31,-1.7050000000000001,-1.335,-2.2124999999999999
2010-09-01,-1.4750000000000001,-1.345,-2.0125000000000002
2010-09-02,-1.4550000000000001,-1.2524999999999999,-1.9775
2010-09-03,-1.24,-1.1525000000000001,-1.96
2010-09-06,-1.1525000000000001,-1.0425,-1.905
2010-09-07,-1.2949999999999999,-1.2649999999999999,-1.9275
2010-09-08,-1.35,-1.3975,-2.0649999999999999
2010-09-09,-1.31,-1.3674999999999999,-2.0575000000000001
2010-09-10,-1.19,-1.2450000000000001,-1.96
2010-09-13,-1.0825,-1.24,-1.9475
2010-09-14,-0.89,-1.4775,-2.1274999999999999
2010-09-15,-0.84499999999999997,-0.77500000000000002,-1.5049999999999999
2010-09-16,-0.7,-0.70499999999999996,-1.2475000000000001
2010-09-17,-0.73,-0.6825,-1.2549999999999999
2010-09-20,-0.6825,-0.6875,-1.1375
2010-09-21,-0.6825,-0.71499999999999997,-1.0625
2010-09-22,-0.53749999999999998,-0.77500000000000002,-1.17
2010-09-23,-0.55249999999999999,-0.72499999999999998,-1.1475
2010-09-24,-0.4425,-0.72,-1.0974999999999999
2010-09-27,-0.36249999999999999,-0.74,-1.1000000000000001
2010-09-28,-0.40749999999999997,-0.81499999999999995,-1.2324999999999999
2010-09-29,-0.27,-0.90249999999999997,-1.25
2010-09-30,-0.35249999999999998,-0.99750000000000005,-1.2375
2010-10-01,-0.32500000000000001,-0.96,-1.24
2010-10-04,-0.45,-0.95499999999999996,-1.1850000000000001
2010-10-05,-0.39250000000000002,-0.94,-1.165
2010-10-06,-0.22750000000000001,-0.9325,-1.17
2010-10-07,-0.155,-1.0974999999999999,-1.27
2010-10-08,-0.23,-1.1625000000000001,-1.2625
2010-10-11,-0.23,-1.2224999999999999,-1.3725000000000001
2010-10-12,-0.40250000000000002,-1.2324999999999999,-1.3975
2010-10-13,-0.33500000000000002,-1.2375,-1.4075
2010-10-14,-0.16500000000000001,-1.3574999999999999,-1.4924999999999999
2010-10-15,-0.2,-1.3225,-1.36
2010-10-18,-0.48249999999999998,-1.29,-1.54
2010-10-19,-0.70499999999999996,-1.2350000000000001,-1.5349999999999999
2010-10-20,-0.57999999999999996,-1.25,-1.605
2010-10-21,-0.57250000000000001,-1.1825000000000001,-1.4975000000000001
2010-10-22,-0.58499999999999996,-1.2250000000000001,-1.48
2010-10-25,-0.61499999999999999,-1.2150000000000001,-1.5275000000000001
2010-10-26,-0.69499999999999995,-1.1675,-1.4724999999999999
2010-10-27,-0.90749999999999997,-0.97499999999999998,-1.41
2010-10-28,-0.84250000000000003,-0.97750000000000004,-1.47
2010-10-29,-0.86250000000000004,-0.97250000000000003,-1.585
2010-11-01,-0.84,-0.92249999999999999,-1.54
2010-11-02,-0.84499999999999997,-0.9375,-1.4350000000000001
2010-11-03,-0.89,-0.93,-1.4375
2010-11-04,-0.81499999999999995,-0.85750000000000004,-1.3075000000000001
2010-11-05,-1.0674999999999999,-0.8075,-1.2925
2010-11-08,-1.2350000000000001,-0.83250000000000002,-1.4950000000000001
2010-11-09,-1.4650000000000001,-0.74750000000000005,-1.68
2010-11-10,-1.5,-0.56499999999999995,-1.6074999999999999
2010-11-11,-1.5175000000000001,-0.47249999999999998,-1.7925
2010-11-12,-1.5249999999999999,-0.50249999999999995,-1.9424999999999999
2010-11-15,-1.5149999999999999,-0.215,-2.04
2010-11-16,-1.595,-0.22500000000000001,-1.91
2010-11-17,-1.51,-0.24249999999999999,-1.92
2010-11-18,-1.21,-0.21249999999999999,-1.7949999999999999
2010-11-19,-1.1399999999999999,-0.21249999999999999,-1.7625
2010-11-22,-1.1675,-0.22,-1.76
2010-11-23,-1.51,-0.32250000000000001,-2.0724999999999998
2010-11-24,-1.6174999999999999,-0.3175,-2.1225000000000001
2010-11-25,-1.6575,-0.32250000000000001,-2.2200000000000002
2010-11-26,-1.89,-0.2475,-2.2275
2010-11-29,-2.2275,-0.23749999999999999,-2.3050000000000002
2010-11-30,-2.38,-0.27750000000000002,-2.5150000000000001
2010-12-01,-2.14,-0.21249999999999999,-2.36
2010-12-02,-2.11,-0.28000000000000003,-2.4550000000000001
2010-12-03,-1.875,-0.37,-2.3925000000000001
2010-12-06,-1.925,-0.42749999999999999,-2.34
2010-12-07,-1.7849999999999999,-0.3775,-2.29
2010-12-08,-1.9325000000000001,-0.29249999999999998,-2.2625000000000002
2010-12-09,-1.9850000000000001,-0.26,-2.08
2010-12-10,-1.875,-0.23499999999999999,-2.0350000000000001
2010-12-13,-1.7075,-0.3125,-1.98
2010-12-14,-1.64,-0.32250000000000001,-1.91
2010-12-15,-1.7949999999999999,-0.21,-1.89
2010-12-16,-1.9750000000000001,-0.1875,-1.88
2010-12-17,-1.9450000000000001,-0.17,-1.83
2010-12-20,-1.93,-0.17,-1.895
2010-12-21,-1.87,-0.1925,-1.9
2010-12-22,-1.845,-0.15,-1.95
2010-12-23,-1.865,-0.23250000000000001,-1.9450000000000001
2010-12-24,-1.835,-0.215,-1.9475
2010-12-27,-1.83,-0.25,-1.9375
2010-12-28,-1.65,-0.29249999999999998,-2.0225
2010-12-29,-1.67,-0.34250000000000003,-1.96
2010-12-30,-1.595,-0.34499999999999997,-1.9650000000000001
2010-12-31,-1.56,-0.3175,-2.02
2011-01-03,-1.5249999999999999,-0.37,-1.9850000000000001
2011-01-04,-1.4750000000000001,-0.28749999999999998,-1.9450000000000001
2011-01-05,-1.5149999999999999,-0.2,-1.89
2011-01-06,-1.57,-0.13750000000000001,-1.8049999999999999
2011-01-07,-1.6074999999999999,-0.155,-1.7749999999999999
2011-01-10,-1.5049999999999999,-0.16250000000000001,-1.7549999999999999
2011-01-11,-1.23,-0.16500000000000001,-1.5449999999999999
2011-01-12,-0.93500000000000005,-0.35249999999999998,-1.44
2011-01-13,-0.64500000000000002,-0.2,-1.2024999999999999
2011-01-14,-0.71499999999999997,-0.26250000000000001,-1.24
2011-01-17,-0.89500000000000002,-0.26500000000000001,-1.1599999999999999
2011-01-18,-0.9,-0.3,-1.1599999999999999
2011-01-19,-0.85,-0.4425,-0.97
2011-01-20,-1.07,-0.28249999999999997,-0.89749999999999996
2011-01-21,-0.97499999999999998,-0.28249999999999997,-0.89500000000000002
2011-01-24,-0.91,-0.3,-0.88500000000000001
2011-01-25,-0.91,-0.26750000000000002,-0.89
2011-01-26,-0.97,-0.26750000000000002,-0.87749999999999995
2011-01-27,-1.145,-0.11749999999999999,-0.84499999999999997
2011-01-28,-1.355,-0.22750000000000001,-0.78249999999999997
2011-01-31,-1.365,-0.35249999999999998,-0.99
2011-02-01,-1.35,-0.36499999999999999,-0.99250000000000005
2011-02-02,-1.3474999999999999,-0.40749999999999997,-0.94499999999999995
2011-02-03,-1.3925000000000001,-0.40250000000000002,-0.90500000000000003
2011-02-04,-1.3474999999999999,-0.36,-0.94499999999999995
2011-02-07,-1.3174999999999999,-0.35249999999999998,-0.9425
2011-02-08,-1.0175000000000001,-0.3725,-0.9
2011-02-09,-1,-0.2475,-0.8
2011-02-10,-1.0900000000000001,-0.185,-0.70499999999999996
2011-02-11,-1.145,-9.7500000000000003E-2,-0.73
2011-02-14,-1.155,-0.315,-0.72499999999999998
2011-02-15,-1.1299999999999999,-9.7500000000000003E-2,-0.69499999999999995
2011-02-16,-1.1225000000000001,-3.5000000000000003E-2,-0.69499999999999995
2011-02-17,-1.0874999999999999,-7.7499999999999999E-2,-0.68
2011-02-18,-1.0625,-0.11749999999999999,-0.6825
2011-02-21,-0.96750000000000003,-0.1575,-0.66249999999999998
2011-02-22,-1.1225000000000001,-0.29249999999999998,-0.81
2011-02-23,-1.0325,-0.495,-1.02
2011-02-24,-1.0575000000000001,-0.86750000000000005,-1.2050000000000001
2011-02-25,-1.0125,-0.89500000000000002,-1.2975000000000001
2011-02-28,-0.9,-0.89500000000000002,-1.29
2011-03-01,-0.91249999999999998,-0.81499999999999995,-1.2849999999999999
2011-03-02,-0.88749999999999996,-0.8125,-1.3049999999999999
2011-03-03,-0.84750000000000003,-0.67749999999999999,-1.32
2011-03-04,-0.8175,-0.57250000000000001,-1.2649999999999999
2011-03-07,-0.79749999999999999,-0.57499999999999996,-1.21
2011-03-08,-0.99750000000000005,-0.47499999999999998,-1.1850000000000001
2011-03-09,-1.0325,-0.41,-1.19
2011-03-10,-1.2825,-0.32250000000000001,-1.18
2011-03-11,-1.2949999999999999,-0.75,-1.26
2011-03-14,-1.165,-1.1399999999999999,-1.9175
2011-03-15,-1.335,-1.4650000000000001,-2.11
2011-03-16,-1.33,-1.57,-2.4049999999999998
2011-03-17,-1.3625,-2.0950000000000002,-2.8650000000000002
2011-03-18,-1.3025,-1.04,-2.21
2011-03-21,-1.2875000000000001,-1.1850000000000001,-2.1549999999999998
2011-03-22,-1.2949999999999999,-1.19,-2.1749999999999998
2011-03-23,-1.385,-1.0325,-2.0474999999999999
2011-03-24,-1.3225,-1.0549999999999999,-2.16
2011-03-25,-1.41,-1.0349999999999999,-2.165
2011-03-28,-1.3875,-0.93500000000000005,-2.1150000000000002
2011-03-29,-1.3225,-0.78,-2.0474999999999999
2011-03-30,-1.325,-0.48,-1.7675000000000001
2011-03-31,-1.2549999999999999,-0.505,-1.7375
2011-04-01,-1.24,-0.47499999999999998,-1.65
2011-04-04,-1.2375,-0.41499999999999998,-1.6425000000000001
2011-04-05,-1.2324999999999999,-0.38750000000000001,-1.5325
2011-04-06,-1.0275000000000001,-0.28000000000000003,-1.43
2011-04-07,-1.0049999999999999,-0.3,-1.5149999999999999
2011-04-08,-0.93500000000000005,-0.41499999999999998,-1.3725000000000001
2011-04-11,-0.9375,-0.41499999999999998,-1.4975000000000001
2011-04-12,-0.98499999999999999,-0.71,-1.5674999999999999
2011-04-13,-0.96499999999999997,-0.77249999999999996,-1.58
2011-04-14,-1.02,-0.96499999999999997,-1.6074999999999999
2011-04-15,-1.0049999999999999,-1.0024999999999999,-1.625
2011-04-18,-1.2350000000000001,-1.1174999999999999,-1.8425
2011-04-19,-1.2,-1.1825000000000001,-1.95
2011-04-20,-1.01,-0.97750000000000004,-1.8875
2011-04-21,-0.89,-0.99,-1.9125000000000001
2011-04-22,-0.90500000000000003,-0.99250000000000005,-1.7749999999999999
2011-04-25,-0.94750000000000001,-0.99250000000000005,-1.78
2011-04-26,-0.96250000000000002,-1.0349999999999999,-1.96
2011-04-27,-0.96750000000000003,-0.91,-1.9275
2011-04-28,-0.9375,-0.67249999999999999,-1.9
2011-04-29,-0.9375,-0.64500000000000002,-1.8925000000000001
2011-05-02,-0.93500000000000005,-0.60250000000000004,-1.875
2011-05-03,-1.0275000000000001,-0.64749999999999996,-1.835
2011-05-04,-1.1074999999999999,-0.6825,-1.8925000000000001
2011-05-05,-1.2175,-0.79749999999999999,-2.21
2011-05-06,-1.4724999999999999,-0.79249999999999998,-2.25
2011-05-09,-1.6875,-0.78249999999999997,-2.2000000000000002
2011-05-10,-1.54,-0.79500000000000004,-2.2374999999999998
2011-05-11,-1.6375,-0.6825,-2.165
2011-05-12,-1.6875,-0.7,-2.2475000000000001
2011-05-13,-1.7775000000000001,-0.72499999999999998,-2.3374999999999999
2011-05-16,-1.73,-0.70499999999999996,-2.31
2011-05-17,-1.6825000000000001,-0.64500000000000002,-2.2850000000000001
2011-05-18,-1.6475,-0.63500000000000001,-2.2675000000000001
2011-05-19,-1.625,-0.4325,-2.1575000000000002
2011-05-20,-1.6950000000000001,-0.3,-1.9850000000000001
2011-05-23,-1.85,-0.36,-1.9475
2011-05-24,-1.7825,-0.39,-2.08
2011-05-25,-1.8625,-0.29499999999999998,-2.04
2011-05-26,-1.94,-0.36,-2.0175000000000001
2011-05-27,-1.91,-0.48,-2.0525000000000002
2011-05-30,-1.91,-0.47749999999999998,-2.0350000000000001
2011-05-31,-1.7625,-0.41,-2
2011-06-01,-1.75,-0.41749999999999998,-1.95
2011-06-02,-1.7549999999999999,-0.53500000000000003,-1.9
2011-06-03,-1.64,-0.48,-1.875
2011-06-06,-1.6074999999999999,-0.495,-1.835
2011-06-07,-1.5225,-0.64500000000000002,-1.7649999999999999
2011-06-08,-1.7549999999999999,-0.75249999999999995,-1.835
2011-06-09,-1.8149999999999999,-0.80500000000000005,-1.8925000000000001
2011-06-10,-1.85,-0.77,-1.895
2011-06-13,-2.0499999999999998,-0.745,-1.88
2011-06-14,-2,-0.66749999999999998,-1.83
2011-06-15,-2.5649999999999999,-0.5675,-1.81
2011-06-16,-2.7075,-0.57750000000000001,-2.4249999999999998
2011-06-17,-2.7025000000000001,-0.58250000000000002,-2.5074999999999998
2011-06-20,-2.7625000000000002,-0.63500000000000001,-2.5099999999999998
2011-06-21,-2.7749999999999999,-0.67,-2.4700000000000002
2011-06-22,-2.5575000000000001,-0.66749999999999998,-2.3224999999999998
2011-06-23,-2.98,-0.65500000000000003,-2.2225000000000001
2011-06-24,-2.88,-0.65,-2.2650000000000001
2011-06-27,-2.9750000000000001,-0.495,-2.2450000000000001
2011-06-28,-2.8675000000000002,-0.45750000000000002,-2.25
2011-06-29,-2.7875000000000001,-0.33750000000000002,-2.2949999999999999
2011-06-30,-2.48,-0.35,-2.1150000000000002
2011-07-01,-2.1825000000000001,-0.38500000000000001,-2.0125000000000002
2011-07-04,-2.1150000000000002,-0.40250000000000002,-1.96
2011-07-05,-2.1749999999999998,-0.35499999999999998,-1.99
2011-07-06,-2.38,-0.3775,-1.9275
2011-07-07,-2.29,-0.35,-1.915
2011-07-08,-2.3875000000000002,-0.37,-1.865
2011-07-11,-2.875,-0.39250000000000002,-2.605
2011-07-12,-3.04,-0.88,-3.43
2011-07-13,-2.8450000000000002,-1.105,-3.22
2011-07-14,-2.7625000000000002,-1.365,-3.3275000000000001
2011-07-15,-2.8424999999999998,-1.395,-3.415
2011-07-18,-2.9775,-1.43,-3.7949999999999999
2011-07-19,-2.8050000000000002,-1.3049999999999999,-3.7149999999999999
2011-07-20,-2.8174999999999999,-1.37,-3.62
2011-07-21,-2.64,-1.57,-3.49
2011-07-22,-2.2050000000000001,-1.57,-3.27
2011-07-25,-2.0699999999999998,-1.66,-3.2475000000000001
2011-07-26,-1.7825,-1.64,-3.2250000000000001
2011-07-27,-1.8574999999999999,-1.7549999999999999,-3.2850000000000001
2011-07-28,-1.9550000000000001,-1.79,-3.5550000000000002
2011-07-29,-2.0024999999999999,-1.9375,-3.5225
2011-08-01,-2.165,-1.8075000000000001,-3.43
2011-08-02,-2.6425000000000001,-1.7250000000000001,-3.76
2011-08-03,-2.6825000000000001,-1.72,-3.7349999999999999
2011-08-04,-2.9575,-0.82750000000000001,-3.0350000000000001
2011-08-05,-3.2349999999999999,-1.39,-3.3525
2011-08-08,-3.2650000000000001,-1.6950000000000001,-3.8325
2011-08-09,-3.24,-2.1,-4.1074999999999999
2011-08-10,-3.21,-2.0150000000000001,-4.1025
2011-08-11,-3.4175,-2.1850000000000001,-4.4349999999999996
2011-08-12,-3.3325,-2.0699999999999998,-4.1974999999999998
2011-08-15,-3.1575000000000002,-1.77,-4.2249999999999996
2011-08-16,-3.1324999999999998,-1.7250000000000001,-4.1849999999999996
2011-08-17,-3.0950000000000002,-1.655,-4.2350000000000003
2011-08-18,-3.1875,-1.69,-4.2549999999999999
2011-08-19,-3.2174999999999998,-1.655,-4.5274999999999999
2011-08-22,-3.2324999999999999,-1.56,-4.5149999999999997
2011-08-23,-3.14,-1.4650000000000001,-4.4850000000000003
2011-08-24,-3.2050000000000001,-1.395,-4.4924999999999997
2011-08-25,-3.2374999999999998,-1.115,-4.4749999999999996
2011-08-26,-3.1675,-1.125,-4.51
2011-08-29,-3.0525000000000002,-1.1100000000000001,-4.4424999999999999
2011-08-30,-2.9725000000000001,-0.9375,-4.4000000000000004
2011-08-31,-2.8774999999999999,-0.95499999999999996,-4.3899999999999997
2011-09-01,-2.8925000000000001,-0.88,-4.45
2011-09-02,-3.0274999999999999,-0.84499999999999997,-4.4850000000000003
2011-09-05,-3.3824999999999998,-0.81,-4.8624999999999998
2011-09-06,-4.0250000000000004,-0.79500000000000004,-4.91
2011-09-07,-3.7324999999999999,-0.42,-4.8274999999999997
2011-09-08,-3.6,-0.39500000000000002,-4.7225000000000001
2011-09-09,-3.75,-0.4,-5.2450000000000001
2011-09-12,-3.9024999999999999,-0.64500000000000002,-5.6150000000000002
2011-09-13,-3.3675000000000002,-0.64,-5.8875000000000002
2011-09-14,-3.1775000000000002,-0.66500000000000004,-5.8624999999999998
2011-09-15,-2.75,-0.73,-5.7474999999999996
2011-09-16,-2.6175000000000002,-0.64500000000000002,-5.6224999999999996
2011-09-19,-2.9750000000000001,-0.69499999999999995,-6.165
2011-09-20,-3.0649999999999999,-0.77500000000000002,-6
2011-09-21,-3.125,-0.61499999999999999,-5.7975000000000003
2011-09-22,-3.7149999999999999,-0.63,-6.0075000000000003
2011-09-23,-3.4725000000000001,-0.67,-6.0650000000000004
2011-09-26,-3.4775,-0.67,-6
2011-09-27,-3.1425000000000001,-0.62,-5.7649999999999997
2011-09-28,-3.165,-0.54500000000000004,-5.7850000000000001
2011-09-29,-2.9550000000000001,-0.56499999999999995,-5.5650000000000004
2011-09-30,-3.0950000000000002,-0.57499999999999996,-5.5049999999999999
2011-10-03,-3.2250000000000001,-0.55000000000000004,-5.7949999999999999
2011-10-04,-3.24,-0.56499999999999995,-5.89
2011-10-05,-3.0674999999999999,-0.495,-5.19
2011-10-06,-2.9449999999999998,-0.47,-4.5625
2011-10-07,-2.7925,-0.45750000000000002,-4.2725
2011-10-10,-2.61,-0.41249999999999998,-3.8574999999999999
2011-10-11,-2.72,-0.41749999999999998,-3.8624999999999998
2011-10-12,-2.63,-8.2500000000000004E-2,-3.8574999999999999
2011-10-13,-2.6675,-0.155,-3.4
2011-10-14,-2.6375000000000002,-3.5000000000000003E-2,-3.42
2011-10-17,-2.8325,-3.2500000000000001E-2,-3.3574999999999999
2011-10-18,-3.1274999999999999,-0.13250000000000001,-3.8250000000000002
2011-10-19,-3.1150000000000002,-0.14499999999999999,-3.78
2011-10-20,-3.34,-0.16750000000000001,-3.7825000000000002
2011-10-21,-3.4175,-0.31,-3.7875000000000001
2011-10-24,-3.3149999999999999,-0.53,-4.0075000000000003
2011-10-25,-3.3424999999999998,-0.6,-3.9375
2011-10-26,-3.3025000000000002,-0.5625,-3.84
2011-10-27,-2.9824999999999999,-0.59499999999999997,-3.61
2011-10-28,-3.01,-0.54500000000000004,-3.4874999999999998
2011-10-31,-3.1875,-0.18,-3.1074999999999999
2011-11-01,-3.6225000000000001,-0.23,-3.8824999999999998
2011-11-02,-3.7075,-0.315,-4.0724999999999998
2011-11-03,-3.86,-0.33750000000000002,-4.29
2011-11-04,-3.625,-0.2,-4.4175000000000004
2011-11-07,-3.7025000000000001,-0.255,-4.3274999999999997
2011-11-08,-3.68,-0.28249999999999997,-4.1775000000000002
2011-11-09,-4.1924999999999999,-0.32750000000000001,-4.5125000000000002
2011-11-10,-4.03,-0.32750000000000001,-5.0949999999999998
2011-11-11,-3.7949999999999999,-0.64500000000000002,-5.0449999999999999
2011-11-14,-3.8,-0.215,-5.0324999999999998
2011-11-15,-3.85,-0.60499999999999998,-5.0525000000000002
2011-11-16,-3.8574999999999999,-0.65500000000000003,-5.3
2011-11-17,-3.5775000000000001,-0.255,-5.3150000000000004
2011-11-18,-3.3975,-0.20499999999999999,-4.9524999999999997
2011-11-21,-3.3624999999999998,-0.66,-4.8025000000000002
2011-11-22,-3.27,-0.1225,-4.7024999999999997
2011-11-23,-3.2450000000000001,-0.16250000000000001,-4.4725000000000001
2011-11-24,-3.1949999999999998,-0.1225,-4.32
2011-11-25,-3.1025,0.115,-4.1025
2011-11-28,-3.0049999999999999,0.3,-3.51
2011-11-29,-2.8774999999999999,0.36749999999999999,-3.1924999999999999
2011-11-30,-2.7549999999999999,0.1,-3.2149999999999999
2011-12-01,-2.4500000000000002,5.0000000000000001E-3,-2.87
2011-12-02,-2.34,0.08,-2.6175000000000002
2011-12-05,-2.12,3.5000000000000003E-2,-2.5499999999999998
2011-12-06,-2.1675,9.2499999999999999E-2,-2.5474999999999999
2011-12-07,-2.1800000000000002,9.7500000000000003E-2,-2.42
2011-12-08,-2.4350000000000001,6.25E-2,-2.5024999999999999
2011-12-09,-2.61,6.5000000000000002E-2,-2.8675000000000002
2011-12-12,-2.67,3.5000000000000003E-2,-2.7974999999999999
2011-12-13,-2.605,5.5E-2,-2.8849999999999998
2011-12-14,-2.6175000000000002,9.5000000000000001E-2,-2.8325
2011-12-15,-2.42,0.155,-2.8725000000000001
2011-12-16,-1.85,0.13500000000000001,-2.5074999999999998
2011-12-19,-1.7825,0.13250000000000001,-2.5375000000000001
2011-12-20,-1.6575,0.125,-2.0575000000000001
2011-12-21,-1.55,0.16750000000000001,-2.0175000000000001
2011-12-22,-1.58,0.16,-1.875
2011-12-23,-1.5625,0.37,-1.8425
2011-12-26,-1.5674999999999999,0.34,-1.895
2011-12-27,-1.575,0.37,-1.6375
2011-12-28,-1.6074999999999999,0.34,-1.6924999999999999
2011-12-29,-1.635,0.32250000000000001,-1.6475
2011-12-30,-1.5575000000000001,0.22750000000000001,-1.7024999999999999
2012-01-02,-1.5525,0.24,-1.65
2012-01-03,-1.4025000000000001,0.1575,-1.6850000000000001
2012-01-04,-1.2749999999999999,0.16750000000000001,-1.69
2012-01-05,-1.365,0.15,-1.6975
2012-01-06,-1.3049999999999999,0.17499999999999999,-1.7224999999999999
2012-01-09,-1.0549999999999999,0.17,-1.5275000000000001
2012-01-10,-0.70499999999999996,0.31,-1.0449999999999999
2012-01-11,-0.77249999999999996,0.3,-0.97250000000000003
2012-01-12,-0.745,0.32,-0.94499999999999995
2012-01-13,-0.83499999999999996,0.375,-0.91
2012-01-16,-0.875,0.3725,-1.21
2012-01-17,-0.79,0.38500000000000001,-1.2324999999999999
2012-01-18,-0.85,0.26500000000000001,-1.19
2012-01-19,-0.78500000000000003,0.38,-1.0649999999999999
2012-01-20,-0.9,0.28499999999999998,-1.1675
2012-01-23,-0.91249999999999998,0.47749999999999998,-1.8225
2012-01-24,-0.9425,0.74,-1.1599999999999999
2012-01-25,-1.04,0.77,-0.76
2012-01-26,-1.0575000000000001,0.58499999999999996,-0.71499999999999997
2012-01-27,-1.0225,0.3125,-0.75
2012-01-30,-1.2675000000000001,0.3,-0.88500000000000001
2012-01-31,-1.28,0.20499999999999999,-0.97499999999999998
2012-02-01,-1.3174999999999999,0.26,-1.2524999999999999
2012-02-02,-1.395,0.2225,-1.27
2012-02-03,-1.5449999999999999,0.3,-1.27
2012-02-06,-1.7549999999999999,0.38250000000000001,-1.2549999999999999
2012-02-07,-1.6775,0.45,-1.2224999999999999
2012-02-08,-1.6475,0.47,-1.0175000000000001
2012-02-09,-1.5549999999999999,0.48749999999999999,-0.92249999999999999
2012-02-10,-1.7649999999999999,0.56000000000000005,-1.0225
2012-02-13,-1.7450000000000001,0.53500000000000003,-1.0075000000000001
2012-02-14,-1.9424999999999999,0.59,-1.0175000000000001
2012-02-15,-2.12,0.53,-0.98499999999999999
2012-02-16,-2.19,0.56000000000000005,-1.37
2012-02-17,-2.0550000000000002,0.58750000000000002,-1.4225000000000001
2012-02-20,-1.9624999999999999,0.66249999999999998,-1.2524999999999999
2012-02-21,-1.7375,0.59,-1.3975
2012-02-22,-1.5549999999999999,0.59750000000000003,-1.2375
2012-02-23,-1.1825000000000001,0.51500000000000001,-1.1475
2012-02-24,-1.2150000000000001,0.53,-1.0575000000000001
2012-02-27,-1.2749999999999999,0.44,-1.155
2012-02-28,-1.3625,0.38,-1.31
2012-02-29,-1.5149999999999999,0.38250000000000001,-1.2324999999999999
2012-03-01,-1.7250000000000001,0.36,-1.2124999999999999
2012-03-02,-1.8174999999999999,0.42249999999999999,-1.2275
2012-03-05,-1.7250000000000001,0.35499999999999998,-1.27
2012-03-06,-1.7475000000000001,0.14000000000000001,-1.6475
2012-03-07,-1.6375,0.02,-1.9824999999999999
2012-03-08,-1.4424999999999999,7.4999999999999997E-2,-1.9225000000000001
2012-03-09,-1.36,0.51500000000000001,-1.8374999999999999
2012-03-12,-1.2925,0.34749999999999998,-1.7675000000000001
2012-03-13,-1.2350000000000001,0.32,-1.6575
2012-03-14,-1.175,0.27,-1.585
2012-03-15,-1.04,0.26250000000000001,-1.5
2012-03-16,-0.97,0.19,-1.4924999999999999
2012-03-19,-0.86,0.14499999999999999,-1.3525
2012-03-20,-0.88749999999999996,7.0000000000000007E-2,-1.1000000000000001
2012-03-21,-0.75,6.5000000000000002E-2,-1.07
2012-03-22,-0.82750000000000001,-0.11,-1.27
2012-03-23,-0.82499999999999996,-0.1525,-1.45
2012-03-26,-0.84250000000000003,-0.08,-1.4450000000000001
2012-03-27,-0.82250000000000001,-5.7500000000000002E-2,-1.3
2012-03-28,-0.77,-0.11,-1.1950000000000001
2012-03-29,-0.78749999999999998,-0.25,-1.4125000000000001
2012-03-30,-0.81499999999999995,-0.115,-1.4675
2012-04-02,-0.91749999999999998,-0.09,-1.4624999999999999
2012-04-03,-1.0075000000000001,-0.11749999999999999,-1.4924999999999999
2012-04-04,-1.3049999999999999,-0.05,-1.4724999999999999
2012-04-05,-1.3,-6.5000000000000002E-2,-1.6875
2012-04-06,-1.3,-0.105,-1.7324999999999999
2012-04-09,-1.3274999999999999,-0.11749999999999999,-1.7549999999999999
2012-04-10,-1.3525,-0.18,-1.655
2012-04-11,-1.4075,-9.5000000000000001E-2,-1.675
2012-04-12,-1.3574999999999999,6.25E-2,-1.635
2012-04-13,-1.4,0.15,-1.5649999999999999
2012-04-16,-1.5475000000000001,7.0000000000000007E-2,-1.53
2012-04-17,-1.4350000000000001,0.125,-1.665
2012-04-18,-1.345,0.28999999999999998,-1.6850000000000001
2012-04-19,-1.3474999999999999,0.33250000000000002,-1.635
2012-04-20,-1.29,0.35249999999999998,-1.5874999999999999
2012-04-23,-1.2849999999999999,0.1825,-1.825
2012-04-24,-1.33,0.25750000000000001,-2.0175000000000001
2012-04-25,-1.2575000000000001,0.44500000000000001,-1.6475
2012-04-26,-1.21,0.39250000000000002,-1.61
2012-04-27,-1.2549999999999999,0.32500000000000001,-1.67
2012-04-30,-1.28,0.17,-1.51
2012-05-01,-1.34,0.13250000000000001,-1.575
2012-05-02,-1.405,0.26,-1.9225000000000001
2012-05-03,-1.34,0.36249999999999999,-1.865
2012-05-04,-1.4450000000000001,0.44500000000000001,-1.5075000000000001
2012-05-07,-1.72,0.38,-1.97
2012-05-08,-1.8174999999999999,0.36499999999999999,-2.2599999999999998
2012-05-09,-1.9950000000000001,0.3125,-2.54
2012-05-10,-1.7350000000000001,0.32,-2.5099999999999998
2012-05-11,-1.7075,0.3,-2.2174999999999998
2012-05-14,-1.9450000000000001,0.36,-2.355
2012-05-15,-1.9350000000000001,0.36499999999999999,-2.3275000000000001
2012-05-16,-2.14,0.42,-2.4624999999999999
2012-05-17,-2.1475,0.26250000000000001,-2.4925000000000002
2012-05-18,-2.3824999999999998,0.18,-2.9
2012-05-21,-2.08,0.2,-2.92
2012-05-22,-1.8574999999999999,0.375,-2.6225000000000001
2012-05-23,-2.2000000000000002,0.27,-3.1324999999999998
2012-05-24,-2.17,0.23,-3.0225
2012-05-25,-2.2250000000000001,0.2,-2.94
2012-05-28,-2.0425,0.19,-2.8624999999999998
2012-05-29,-2.0074999999999998,0.23749999999999999,-2.86
2012-05-30,-2.06,7.0000000000000007E-2,-3.1175000000000002
2012-05-31,-1.9975000000000001,-9.5000000000000001E-2,-3.3075000000000001
2012-06-01,-2.0175000000000001,-2.75E-2,-3.4725000000000001
2012-06-04,-1.9375,0.22500000000000001,-3.335
2012-06-05,-1.94,0.3,-3.2625000000000002
2012-06-06,-1.88,0.32,-2.9975000000000001
2012-06-07,-1.5725,0.32,-2.7349999999999999
2012-06-08,-1.7050000000000001,0.14499999999999999,-2.7574999999999998
2012-06-11,-1.65,0.16500000000000001,-2.5750000000000002
2012-06-12,-1.8049999999999999,0.14499999999999999,-2.8325
2012-06-13,-1.81,0.18,-2.8075000000000001
2012-06-14,-1.7649999999999999,0.17499999999999999,-2.9125000000000001
2012-06-15,-1.7749999999999999,0.14000000000000001,-2.895
2012-06-18,-1.6025,0.14749999999999999,-2.5225
2012-06-19,-1.5225,8.5000000000000006E-2,-2.5924999999999998
2012-06-20,-1.4524999999999999,0.155,-2.4674999999999998
2012-06-21,-1.405,0.29749999999999999,-2.39
2012-06-22,-1.49,0.28499999999999998,-2.3475000000000001
2012-06-25,-1.385,0.28999999999999998,-2.3450000000000002
2012-06-26,-1.4675,0.16,-2.4024999999999999
2012-06-27,-1.3374999999999999,0.13500000000000001,-2.3774999999999999
2012-06-28,-1.3225,0.185,-2.2749999999999999
2012-06-29,-1.0725,0.115,-2.11
2012-07-02,-1.1074999999999999,0.1275,-2.085
2012-07-03,-1.0475000000000001,0.10249999999999999,-2.1074999999999999
2012-07-04,-0.98750000000000004,0.15,-2.04
2012-07-05,-1.0049999999999999,0.1275,-2.0550000000000002
2012-07-06,-1.0425,0.10249999999999999,-2
2012-07-09,-0.98,0.105,-1.9975000000000001
2012-07-10,-0.9375,0.09,-2.0175000000000001
2012-07-11,-0.87250000000000005,7.4999999999999997E-2,-1.94
2012-07-12,-0.91,9.5000000000000001E-2,-1.87
2012-07-13,-0.92249999999999999,9.5000000000000001E-2,-1.75
2012-07-16,-0.86499999999999999,0.10249999999999999,-1.6775
2012-07-17,-0.80249999999999999,7.0000000000000007E-2,-1.49
2012-07-18,-0.47249999999999998,-0.04,-1.26
2012-07-19,-0.375,-0.01,-1.155
2012-07-20,-0.4425,-0.05,-1.06
2012-07-23,-0.69499999999999995,0.185,-1.3925000000000001
2012-07-24,-0.91500000000000004,0.11,-1.39
2012-07-25,-1.0425,0.245,-1.41
2012-07-26,-0.84,0.27,-1.36
2012-07-27,-0.87749999999999995,0.3,-1.35
2012-07-30,-1.1074999999999999,0.32,-1.1975
2012-07-31,-1.125,0.33750000000000002,-1.3149999999999999
2012-08-01,-1.1274999999999999,0.39500000000000002,-1.1425000000000001
2012-08-02,-1.1725000000000001,0.33500000000000002,-1.19
2012-08-03,-0.85250000000000004,0.32500000000000001,-1.2050000000000001
2012-08-06,-0.78749999999999998,0.34,-1.105
2012-08-07,-0.76749999999999996,0.42749999999999999,-1.0649999999999999
2012-08-08,-0.8,0.45500000000000002,-0.97250000000000003
2012-08-09,-0.8125,0.44500000000000001,-0.99750000000000005
2012-08-10,-0.875,0.375,-1.0449999999999999
2012-08-13,-0.82,0.32500000000000001,-1.0449999999999999
2012-08-14,-0.84750000000000003,0.46500000000000002,-1.0525
2012-08-15,-0.88500000000000001,0.53500000000000003,-1.05
2012-08-16,-0.88749999999999996,0.57499999999999996,-1.0125
2012-08-17,-0.84,0.60499999999999998,-0.95499999999999996
2012-08-20,-0.84,0.61250000000000004,-0.95750000000000002
2012-08-21,-0.72750000000000004,0.51,-1.375
2012-08-22,-0.6875,0.39500000000000002,-0.98
2012-08-23,-0.67249999999999999,0.34499999999999997,-0.98499999999999999
2012-08-24,-0.72499999999999998,0.34,-0.89500000000000002
2012-08-27,-0.745,0.38250000000000001,-1
2012-08-28,-0.78749999999999998,0.39,-0.99250000000000005
2012-08-29,-0.83750000000000002,0.32500000000000001,-1.2849999999999999
2012-08-30,-0.86,0.375,-0.97250000000000003
2012-08-31,-0.86750000000000005,0.38500000000000001,-1.0449999999999999
2012-09-03,-0.84250000000000003,0.32,-1.03
2012-09-04,-0.83250000000000002,0.34499999999999997,-1.0325
2012-09-05,-0.875,0.375,-1.095
2012-09-06,-0.8125,0.4325,-1.0900000000000001
2012-09-07,-0.60750000000000004,0.36249999999999999,-0.88749999999999996
2012-09-10,-0.59250000000000003,0.38,-0.8
2012-09-11,-0.6,0.31,-0.80249999999999999
2012-09-12,-0.55500000000000005,0.43,-0.82250000000000001
2012-09-13,-0.45750000000000002,0.55000000000000004,-0.76
2012-09-14,-0.13,0.74,-0.42749999999999999
2012-09-17,-0.20250000000000001,0.75249999999999995,-0.50749999999999995
2012-09-18,-0.34,0.70499999999999996,-0.29749999999999999
2012-09-19,-0.34749999999999998,0.54,-0.44500000000000001
2012-09-20,-0.48,0.45,-0.65
2012-09-21,-0.45500000000000002,0.47499999999999998,-0.59499999999999997
2012-09-24,-0.46,0.52500000000000002,-0.61
2012-09-25,-0.52,0.5,-0.59750000000000003
2012-09-26,-0.63249999999999995,0.5675,-0.63249999999999995
2012-09-27,-0.63249999999999995,0.56499999999999995,-0.63249999999999995
2012-09-28,-0.61250000000000004,0.57499999999999996,-0.63249999999999995
2012-10-01,-0.46750000000000003,0.59,-0.67249999999999999
2012-10-02,-0.41249999999999998,0.58750000000000002,-0.61499999999999999
2012-10-03,-0.4375,0.60250000000000004,-0.61750000000000005
2012-10-04,-0.44,0.61250000000000004,-0.64
2012-10-05,-0.40749999999999997,0.59750000000000003,-0.60499999999999998
2012-10-08,-0.49,0.53500000000000003,-0.71750000000000003
2012-10-09,-0.50249999999999995,0.5575,-0.59
2012-10-10,-0.48499999999999999,0.55000000000000004,-0.60250000000000004
2012-10-11,-0.45750000000000002,0.60750000000000004,-0.63
2012-10-12,-0.4425,0.77500000000000002,-0.62
2012-10-15,-0.38750000000000001,0.78,-0.56499999999999995
2012-10-16,-0.39,0.72499999999999998,-0.44500000000000001
2012-10-17,-0.27,0.71,-0.39
2012-10-18,-0.27750000000000002,0.88500000000000001,-0.25
2012-10-19,-0.3075,0.77,-4.7500000000000001E-2
2012-10-22,-0.28749999999999998,0.69499999999999995,-0.26750000000000002
2012-10-23,-0.26750000000000002,0.67749999999999999,-0.3175
2012-10-24,-0.39500000000000002,0.62250000000000005,-0.28499999999999998
2012-10-25,-0.34250000000000003,0.64249999999999996,-0.28499999999999998
2012-10-26,-0.40250000000000002,0.62,-0.3125
2012-10-29,-0.40749999999999997,0.61499999999999999,-0.4375
2012-10-30,-0.35,0.56999999999999995,-0.45
2012-10-31,-0.34250000000000003,0.495,-0.44750000000000001
2012-11-01,-0.3725,0.5575,-0.46
2012-11-02,-0.39750000000000002,0.59499999999999997,-0.46
2012-11-05,-0.495,0.61750000000000005,-0.51500000000000001
2012-11-06,-0.44750000000000001,0.56499999999999995,-0.505
2012-11-07,-0.495,0.52249999999999996,-0.55249999999999999
2012-11-08,-0.52500000000000002,0.48499999999999999,-0.48
2012-11-09,-0.51249999999999996,0.44,-0.63
2012-11-12,-0.5,0.4325,-0.61
2012-11-13,-0.52500000000000002,0.41499999999999998,-0.76249999999999996
2012-11-14,-0.40749999999999997,0.71499999999999997,-0.64
2012-11-15,-0.36499999999999999,0.93500000000000005,-0.61499999999999999
2012-11-16,-0.31,0.79500000000000004,-0.505
2012-11-19,-0.33500000000000002,0.77500000000000002,-0.45
2012-11-20,-0.34749999999999998,0.8125,-0.33500000000000002
2012-11-21,-0.3725,1,-0.11749999999999999
2012-11-22,-0.28499999999999998,1.0149999999999999,0.1
2012-11-23,-0.28000000000000003,0.83,0.1125
2012-11-26,-0.17,0.81,0.14000000000000001
2012-11-27,-0.21,0.73499999999999999,5.5E-2
2012-11-28,-0.2175,0.74750000000000005,-2.5000000000000001E-3
2012-11-29,-0.14000000000000001,0.71,2.75E-2
2012-11-30,-0.2,0.8,-2.5000000000000001E-3
2012-12-03,-0.08,0.8125,-0.01
2012-12-04,-7.0000000000000007E-2,0.60750000000000004,-1.2500000000000001E-2
2012-12-05,-0.17249999999999999,0.68500000000000005,-0.105
2012-12-06,-0.23,0.69750000000000001,-0.01
2012-12-07,-0.23250000000000001,0.71750000000000003,-1.4999999999999999E-2
2012-12-10,-0.28749999999999998,0.6825,-5.7500000000000002E-2
2012-12-11,-0.2475,0.66749999999999998,5.0000000000000001E-3
2012-12-12,-0.27500000000000002,0.78500000000000003,7.4999999999999997E-3
2012-12-13,-0.255,0.89500000000000002,0.11749999999999999
2012-12-14,-0.255,0.78749999999999998,0.1275
2012-12-17,-0.19750000000000001,0.63500000000000001,0.1075
2012-12-18,-0.22500000000000001,0.61,0.1
2012-12-19,-0.22750000000000001,0.6,6.25E-2
2012-12-20,-0.20749999999999999,0.58499999999999996,1.4999999999999999E-2
2012-12-21,-0.23749999999999999,0.51749999999999996,-0.05
2012-12-24,-0.24249999999999999,0.495,-4.4999999999999998E-2
2012-12-25,-0.25750000000000001,0.5625,-5.2499999999999998E-2
2012-12-26,-0.25750000000000001,0.67,-5.5E-2
2012-12-27,-0.2175,0.63500000000000001,-4.4999999999999998E-2
2012-12-28,-0.29749999999999999,0.64500000000000002,-1.4999999999999999E-2
2012-12-31,-0.30249999999999999,0.625,-3.7499999999999999E-2
2013-01-01,-0.29249999999999998,0.61750000000000005,-4.2500000000000003E-2
2013-01-02,-0.26500000000000001,0.59250000000000003,-3.5000000000000003E-2
2013-01-03,-0.32500000000000001,0.57750000000000001,-0.11
2013-01-04,-0.41499999999999998,0.61499999999999999,-0.13250000000000001
2013-01-07,-0.35,0.58250000000000002,-0.215
2013-01-08,-0.29499999999999998,0.57999999999999996,-0.25750000000000001
2013-01-09,-0.3075,0.63249999999999995,-0.30249999999999999
2013-01-10,-0.24,0.88249999999999995,-0.26
2013-01-11,-0.1275,0.95,-5.5E-2
2013-01-14,-0.155,0.9,0.27500000000000002
2013-01-15,-0.17249999999999999,0.75749999999999995,0.20499999999999999
2013-01-16,-0.255,0.56999999999999995,-0.1
2013-01-17,-0.27,0.83250000000000002,6.7500000000000004E-2
2013-01-18,-0.24249999999999999,0.875,0.2
2013-01-21,-0.2525,0.75749999999999995,5.7500000000000002E-2
2013-01-22,-0.215,0.52749999999999997,6.7500000000000004E-2
2013-01-23,-0.19,0.42,-7.7499999999999999E-2
2013-01-24,-6.5000000000000002E-2,0.80500000000000005,-0.1075
2013-01-25,8.5000000000000006E-2,0.85,0.32250000000000001
2013-01-28,3.5000000000000003E-2,0.76749999999999996,0.27
2013-01-29,0.06,0.72499999999999998,0.20749999999999999
2013-01-30,8.2500000000000004E-2,0.73499999999999999,0.23250000000000001
2013-01-31,3.2500000000000001E-2,0.78,0.23499999999999999
2013-02-01,8.5000000000000006E-2,0.92500000000000004,0.4425
2013-02-04,-0.20250000000000001,0.89,0.35749999999999998
2013-02-05,-0.35499999999999998,0.92,0.255
2013-02-06,-0.3725,1.0375000000000001,0.34250000000000003
2013-02-07,-0.36749999999999999,0.88,0.33
2013-02-08,-0.38250000000000001,0.65,-0.25
2013-02-11,-0.39500000000000002,0.68,-6.25E-2
2013-02-12,-0.38750000000000001,0.62749999999999995,0.19750000000000001
2013-02-13,-0.34749999999999998,0.58750000000000002,-9.5000000000000001E-2
2013-02-14,-0.48749999999999999,0.51749999999999996,-0.33500000000000002
2013-02-15,-0.52249999999999996,0.3,-0.47
2013-02-18,-0.58250000000000002,0.45,-0.42249999999999999
2013-02-19,-0.61750000000000005,0.28749999999999998,-0.44500000000000001
2013-02-20,-0.62250000000000005,0.1525,-0.44
2013-02-21,-0.77500000000000002,-0.02,-0.73499999999999999
2013-02-22,-0.77249999999999996,0.16500000000000001,-0.91
2013-02-25,-0.86499999999999999,1.7500000000000002E-2,-0.93500000000000005
2013-02-26,-1.5475000000000001,-7.4999999999999997E-2,-1.2050000000000001
2013-02-27,-1.3149999999999999,-7.4999999999999997E-3,-1.3975
2013-02-28,-1.28,5.2499999999999998E-2,-1.5625
2013-03-01,-1.28,0.12,-1.335
2013-03-04,-1.2625,7.0000000000000007E-2,-1.3474999999999999
2013-03-05,-1.1399999999999999,0.06,-1.2825
2013-03-06,-1.1000000000000001,8.2500000000000004E-2,-1.2450000000000001
2013-03-07,-1.0874999999999999,0.45250000000000001,-1.0149999999999999
2013-03-08,-1.0425,0.39250000000000002,-0.87250000000000005
2013-03-11,-1.0575000000000001,0.16500000000000001,-0.89
2013-03-12,-1,-7.7499999999999999E-2,-0.98750000000000004
2013-03-13,-1.0475000000000001,-0.22750000000000001,-1.0475000000000001
2013-03-14,-1.02,-0.315,-1.2275
2013-03-15,-0.96250000000000002,-0.35,-1.1850000000000001
2013-03-18,-1.1200000000000001,-0.62749999999999995,-1.7275
2013-03-19,-1.2775000000000001,-0.435,-1.7424999999999999
2013-03-20,-1.1875,-0.29749999999999999,-1.8674999999999999
2013-03-21,-1.21,-0.28999999999999998,-1.7275
2013-03-22,-1.36,-0.4,-1.7450000000000001
2013-03-25,-1.2324999999999999,-0.32500000000000001,-1.78
2013-03-26,-1.2925,-0.35249999999999998,-1.7424999999999999
2013-03-27,-1.3149999999999999,-0.29499999999999998,-1.7775000000000001
2013-03-28,-1.2450000000000001,-0.3125,-1.905
2013-03-29,-1.2649999999999999,-0.32500000000000001,-1.9225000000000001
2013-04-01,-1.27,-0.32,-2.0699999999999998
2013-04-02,-1.1325000000000001,-0.23,-2.0225
2013-04-03,-1.05,6.25E-2,-1.7675000000000001
2013-04-04,-0.95499999999999996,0.14000000000000001,-1.2150000000000001
2013-04-05,-0.875,0.3175,-0.92500000000000004
2013-04-08,-0.755,0.6,-0.435
2013-04-09,-0.72,0.45500000000000002,-0.38250000000000001
2013-04-10,-0.76249999999999996,0.69,-0.29499999999999998
2013-04-11,-0.74750000000000005,0.71,-0.13
2013-04-12,-0.73250000000000004,0.67,-0.08
2013-04-15,-0.73750000000000004,0.505,-0.26500000000000001
2013-04-16,-0.78500000000000003,0.49,-0.42499999999999999
2013-04-17,-0.83750000000000002,0.72499999999999998,-0.42249999999999999
2013-04-18,-0.86250000000000004,0.73,-0.46250000000000002
2013-04-19,-0.85499999999999998,0.89,-0.47499999999999998
2013-04-22,-0.98250000000000004,0.75249999999999995,-0.44750000000000001
2013-04-23,-0.96750000000000003,0.73,-0.51249999999999996
2013-04-24,-0.9425,0.72,-0.51749999999999996
2013-04-25,-0.89249999999999996,0.47,-0.53
2013-04-26,-0.90500000000000003,0.27500000000000002,-0.63249999999999995
2013-04-29,-0.85,0.2175,-0.61499999999999999
2013-04-30,-0.8,0.23499999999999999,-0.62
2013-05-01,-0.88249999999999995,0.25750000000000001,-0.60750000000000004
2013-05-02,-0.98499999999999999,0.375,-0.64500000000000002
2013-05-03,-0.90749999999999997,0.62250000000000005,-0.71750000000000003
2013-05-06,-0.89,0.63249999999999995,-0.67
2013-05-07,-0.88500000000000001,0.56000000000000005,-0.67500000000000004
2013-05-08,-0.88500000000000001,0.59499999999999997,-0.66249999999999998
2013-05-09,-0.89249999999999996,0.92500000000000004,-0.63500000000000001
2013-05-10,-1.06,0.74,-0.54249999999999998
2013-05-13,-1.0149999999999999,0.62250000000000005,-0.54249999999999998
2013-05-14,-0.95,0.5575,-0.52249999999999996
2013-05-15,-1.0225,0.57250000000000001,-0.44
2013-05-16,-0.84499999999999997,0.53,-0.44
2013-05-17,-0.91500000000000004,0.625,-0.47
2013-05-20,-0.88,0.4425,-0.47249999999999998
2013-05-21,-0.875,0.34749999999999998,-0.47749999999999998
2013-05-22,-0.90500000000000003,0.40250000000000002,-0.47249999999999998
2013-05-23,-0.91749999999999998,1.2500000000000001E-2,-0.81
2013-05-24,-0.83,-0.28499999999999998,-0.9
2013-05-27,-0.8075,-0.4,-1.05
2013-05-28,-0.8125,-0.16250000000000001,-1.0249999999999999
2013-05-29,-0.80249999999999999,-0.23,-1.085
2013-05-30,-0.76500000000000001,-0.32750000000000001,-1.0874999999999999
2013-05-31,-0.92749999999999999,-0.35499999999999998,-1.2
2013-06-03,-0.93500000000000005,-0.38250000000000001,-1.2625
2013-06-04,-0.92,7.4999999999999997E-3,-1.2150000000000001
2013-06-05,-0.92749999999999999,5.2499999999999998E-2,-1.17
2013-06-06,-0.82,-0.2,-1.2524999999999999
2013-06-07,-0.78,-0.3775,-1.7575000000000001
2013-06-10,-0.78,-7.2499999999999995E-2,-1.54
2013-06-11,-0.79500000000000004,-0.4,-1.635
2013-06-12,-0.74750000000000005,-0.51,-1.62
2013-06-13,-0.79500000000000004,-1.2625,-2.1850000000000001
2013-06-14,-0.73750000000000004,-1.1950000000000001,-1.9450000000000001
2013-06-17,-0.73,-1.0449999999999999,-1.7925
2013-06-18,-0.70499999999999996,-0.60499999999999998,-1.8075000000000001
2013-06-19,-0.77749999999999997,-0.38,-1.86
2013-06-20,-0.99,-7.0000000000000007E-2,-1.7250000000000001
2013-06-21,-1.165,-0.36249999999999999,-1.7375
2013-06-24,-1.34,-0.44500000000000001,-1.8
2013-06-25,-1.31,-0.7,-1.9724999999999999
2013-06-26,-1.34,-0.72,-1.89
2013-06-27,-1.22,-0.82,-1.7949999999999999
2013-06-28,-1.21,-0.79249999999999998,-1.7749999999999999
2013-07-01,-1.165,-0.79,-1.8149999999999999
2013-07-02,-1.135,-0.57250000000000001,-1.7649999999999999
2013-07-03,-1.24,-0.82,-1.9624999999999999
2013-07-04,-1.2224999999999999,-0.9,-2.0499999999999998
2013-07-05,-1.1325000000000001,-0.9,-2.0649999999999999
2013-07-08,-0.92,-0.99750000000000005,-2.0575000000000001
2013-07-09,-0.81,-1.1200000000000001,-2.0125000000000002
2013-07-10,-0.71250000000000002,-1.4524999999999999,-2.02
2013-07-11,-0.64500000000000002,-1.7649999999999999,-2.0299999999999998
2013-07-12,-0.65,-1.7549999999999999,-2.0099999999999998
2013-07-15,-0.65500000000000003,-1.3574999999999999,-1.895
2013-07-16,-0.64,-1.42,-1.8574999999999999
2013-07-17,-0.58499999999999996,-1.2949999999999999,-1.825
2013-07-18,-0.5675,-0.92500000000000004,-1.64
2013-07-19,-0.55249999999999999,-0.9,-1.4350000000000001
2013-07-22,-0.54,-0.83750000000000002,-1.4550000000000001
2013-07-23,-0.53749999999999998,-0.81499999999999995,-1.3725000000000001
2013-07-24,-0.63,-0.76,-1.2949999999999999
2013-07-25,-0.73750000000000004,-0.73750000000000004,-1.2450000000000001
2013-07-26,-0.74,-0.90249999999999997,-1.2075
2013-07-29,-0.76,-1.0225,-1.2350000000000001
2013-07-30,-0.82499999999999996,-0.81,-1.2350000000000001
2013-07-31,-0.84250000000000003,-0.86499999999999999,-1.2875000000000001
2013-08-01,-0.9,-0.58499999999999996,-1.2849999999999999
2013-08-02,-0.78,-0.54249999999999998,-1.2775000000000001
2013-08-05,-0.79,-0.54500000000000004,-1.2575000000000001
2013-08-06,-0.77,-0.505,-1.2725
2013-08-07,-0.76249999999999996,-0.6825,-1.1850000000000001
2013-08-08,-0.76,-0.79749999999999999,-1.2375
2013-08-09,-0.76500000000000001,-0.62749999999999995,-1.1100000000000001
2013-08-12,-0.89500000000000002,-0.47249999999999998,-1.145
2013-08-13,-1,-0.1,-0.87749999999999995
2013-08-14,-1.04,-5.7500000000000002E-2,-0.80500000000000005
2013-08-15,-1.01,-0.17749999999999999,-0.82
2013-08-16,-0.97750000000000004,-0.33750000000000002,-0.81
2013-08-19,-1.0449999999999999,-0.34499999999999997,-0.78749999999999998
2013-08-20,-1.0125,-0.56000000000000005,-0.89500000000000002
2013-08-21,-1.0575000000000001,-0.54749999999999999,-0.94
2013-08-22,-1.105,-0.39750000000000002,-0.96750000000000003
2013-08-23,-1.085,-0.3075,-1.0225
2013-08-26,-1.0874999999999999,-0.3,-1.0349999999999999
2013-08-27,-1.085,-0.7,-1.35
2013-08-28,-1.145,-0.60499999999999998,-1.5049999999999999
2013-08-29,-1.2,-0.41749999999999998,-1.4624999999999999
2013-08-30,-1.28,-0.38250000000000001,-1.2375
2013-09-02,-1.3,-0.27500000000000002,-1.2075
2013-09-03,-1.3,-0.28499999999999998,-1.095
2013-09-04,-1.1375,-0.3075,-1.0900000000000001
2013-09-05,-1.115,-0.4,-1.0549999999999999
2013-09-06,-1.0649999999999999,-0.73250000000000004,-1.0625
2013-09-09,-0.92249999999999999,-0.66500000000000004,-1.095
2013-09-10,-0.91749999999999998,-0.6875,-1.0525
2013-09-11,-0.875,-0.69750000000000001,-0.98499999999999999
2013-09-12,-0.9425,-0.77749999999999997,-1.04
2013-09-13,-0.95,-0.78249999999999997,-1.1375
2013-09-16,-0.90249999999999997,-0.86,-1.125
2013-09-17,-0.91749999999999998,-0.80500000000000005,-1.07
2013-09-18,-0.86499999999999999,-0.71,-1.1000000000000001
2013-09-19,-0.63749999999999996,-0.33750000000000002,-0.61
2013-09-20,-0.73250000000000004,-0.13250000000000001,-0.42249999999999999
2013-09-23,-0.79,-0.245,-0.42499999999999999
2013-09-24,-0.78749999999999998,-0.26,-0.53500000000000003
2013-09-25,-0.75,-0.28000000000000003,-0.65500000000000003
2013-09-26,-0.78500000000000003,-0.29499999999999998,-0.69750000000000001
2013-09-27,-0.755,-0.26250000000000001,-0.67249999999999999
2013-09-30,-0.82,-0.54,-0.9425
2013-10-01,-0.65249999999999997,-0.44,-0.93
2013-10-02,-0.74250000000000005,-0.6,-0.96499999999999997
2013-10-03,-0.51,-0.45500000000000002,-0.84499999999999997
2013-10-04,-0.44,-0.52500000000000002,-0.84750000000000003
2013-10-07,-0.45750000000000002,-0.64,-0.83250000000000002
2013-10-08,-0.37,-0.62,-0.86250000000000004
2013-10-09,-0.45750000000000002,-0.59499999999999997,-0.83250000000000002
2013-10-10,-0.39750000000000002,-0.54749999999999999,-0.755
2013-10-11,-0.31,-0.45250000000000001,-0.70499999999999996
2013-10-14,-0.26500000000000001,-0.3775,-0.6925
2013-10-15,-0.26250000000000001,-0.3075,-0.65
2013-10-16,-0.28249999999999997,-0.28000000000000003,-0.55500000000000005
2013-10-17,-0.16750000000000001,-0.29249999999999998,-0.48249999999999998
2013-10-18,-8.5000000000000006E-2,-0.29749999999999999,-0.3775
2013-10-21,-0.13,-0.27,-0.35249999999999998
2013-10-22,-1.7500000000000002E-2,-0.21249999999999999,-0.36499999999999999
2013-10-23,3.2500000000000001E-2,-0.375,-0.63249999999999995
2013-10-24,5.7500000000000002E-2,-0.28999999999999998,-0.69
2013-10-25,3.5000000000000003E-2,-0.41,-0.7
2013-10-28,0.02,-0.3075,-0.54249999999999998
2013-10-29,-0.125,-0.16500000000000001,-0.4975
2013-10-30,-0.26500000000000001,-0.10249999999999999,-0.51749999999999996
2013-10-31,-0.57250000000000001,-0.01,-0.43
2013-11-01,-0.65,0.06,-0.68500000000000005
2013-11-04,-0.63,0.09,-0.72
2013-11-05,-0.64249999999999996,0.17749999999999999,-0.64500000000000002
2013-11-06,-0.58750000000000002,0.28749999999999998,-0.63749999999999996
2013-11-07,-0.56000000000000005,0.23250000000000001,-0.65749999999999997
2013-11-08,-0.51749999999999996,0.1875,-0.6875
2013-11-11,-0.44500000000000001,0.2175,-0.64500000000000002
2013-11-12,-0.4325,0.35499999999999998,-0.41249999999999998
2013-11-13,-0.41749999999999998,0.33,-0.42249999999999999
2013-11-14,-0.4,0.375,-0.41749999999999998
2013-11-15,-0.38,0.375,-0.41749999999999998
2013-11-18,-0.33500000000000002,0.28749999999999998,-0.42
2013-11-19,-0.33250000000000002,0.29499999999999998,-0.41
2013-11-20,-0.44,0.23499999999999999,-0.42499999999999999
2013-11-21,-0.51500000000000001,0.3725,-0.41
2013-11-22,-0.53249999999999997,0.3075,-0.32750000000000001
2013-11-25,-0.59250000000000003,0.23250000000000001,-0.40500000000000003
2013-11-26,-0.57250000000000001,-9.5000000000000001E-2,-0.45
2013-11-27,-0.5675,-0.16500000000000001,-0.48499999999999999
2013-11-28,-0.5675,-0.14749999999999999,-0.51500000000000001
2013-11-29,-0.57250000000000001,-0.1825,-0.52
2013-12-02,-0.57750000000000001,-0.26750000000000002,-0.51500000000000001
2013-12-03,-0.58250000000000002,-0.33250000000000002,-0.56999999999999995
2013-12-04,-0.5675,-0.35499999999999998,-0.64500000000000002
2013-12-05,-0.57750000000000001,-0.45500000000000002,-0.66
2013-12-06,-0.54749999999999999,-0.43,-0.65
2013-12-09,-0.55249999999999999,-0.44750000000000001,-0.71
2013-12-10,-0.48749999999999999,-0.44,-0.70499999999999996
2013-12-11,-0.41749999999999998,-0.46,-0.71
2013-12-12,-0.48249999999999998,-0.5,-0.72
2013-12-13,-0.45250000000000001,-0.3125,-0.75
2013-12-16,-0.48749999999999999,-0.39,-0.71
2013-12-17,-0.46250000000000002,-0.39500000000000002,-0.64
2013-12-18,-0.42499999999999999,-0.42249999999999999,-0.67
2013-12-19,-0.45500000000000002,-0.40500000000000003,-0.61499999999999999
2013-12-20,-0.50749999999999995,-0.46,-0.56999999999999995
2013-12-23,-0.49249999999999999,-0.45500000000000002,-0.56499999999999995
2013-12-24,-0.49249999999999999,-0.51249999999999996,-0.5625
2013-12-25,-0.48749999999999999,-0.53,-0.54749999999999999
2013-12-26,-0.48749999999999999,-0.54749999999999999,-0.61
2013-12-27,-0.34,-0.74,-0.61750000000000005
2013-12-30,-0.39250000000000002,-0.84,-0.60750000000000004
2013-12-31,-0.40749999999999997,-0.83750000000000002,-0.63
2014-01-01,-0.40749999999999997,-0.84250000000000003,-0.60499999999999998
2014-01-02,-0.59499999999999997,-0.74250000000000005,-0.76500000000000001
2014-01-03,-0.58250000000000002,-0.8125,-0.88
2014-01-06,-0.505,-0.8,-0.88749999999999996
2014-01-07,-0.47749999999999998,-0.745,-0.88
2014-01-08,-0.49,-0.53249999999999997,-0.90500000000000003
2014-01-09,-0.52749999999999997,-0.52749999999999997,-0.87250000000000005
2014-01-10,-0.48749999999999999,-0.60750000000000004,-0.88500000000000001
2014-01-13,-0.50749999999999995,-0.67500000000000004,-0.89
2014-01-14,-0.47749999999999998,-0.75249999999999995,-0.875
2014-01-15,-0.51249999999999996,-0.64249999999999996,-0.91500000000000004
2014-01-16,-0.55249999999999999,-0.65500000000000003,-0.91
2014-01-17,-0.56999999999999995,-0.67249999999999999,-0.94
2014-01-20,-0.64249999999999996,-0.73,-0.91749999999999998
2014-01-21,-0.61750000000000005,-0.74,-0.93500000000000005
2014-01-22,-0.58250000000000002,-0.75749999999999995,-0.86
2014-01-23,-0.53749999999999998,-0.89500000000000002,-0.995
2014-01-24,-0.52249999999999996,-1.31,-1.1599999999999999
2014-01-27,-0.52749999999999997,-1.35,-1.2350000000000001
2014-01-28,-0.52500000000000002,-1.26,-1.18
2014-01-29,-0.56000000000000005,-1.415,-1.2375
2014-01-30,-0.65749999999999997,-1.385,-1.2825
2014-01-31,-0.8125,-1.4375,-1.41
2014-02-03,-0.71250000000000002,-1.5674999999999999,-1.4575
2014-02-04,-0.65,-1.5249999999999999,-1.405
2014-02-05,-0.63249999999999995,-1.415,-1.4650000000000001
2014-02-06,-0.55249999999999999,-1.2849999999999999,-1.4624999999999999
2014-02-07,-0.53249999999999997,-1.1399999999999999,-1.385
2014-02-10,-0.4975,-1.0475000000000001,-1.3875
2014-02-11,-0.50249999999999995,-1,-1.3
2014-02-12,-0.49,-0.92249999999999999,-1.1499999999999999
2014-02-13,-0.44500000000000001,-1.0549999999999999,-1.1475
2014-02-14,-0.44500000000000001,-1.075,-1.1625000000000001
2014-02-17,-0.45,-1.0649999999999999,-1.145
2014-02-18,-0.4375,-0.90500000000000003,-0.94750000000000001
2014-02-19,-0.45250000000000001,-0.87749999999999995,-0.94499999999999995
2014-02-20,-0.50749999999999995,-0.90749999999999997,-0.91500000000000004
2014-02-21,-0.52,-0.78749999999999998,-0.92249999999999999
2014-02-24,-0.51249999999999996,-0.81,-0.86
2014-02-25,-0.5,-0.71499999999999997,-0.81
2014-02-26,-0.53,-0.64,-0.81499999999999995
2014-02-27,-0.59499999999999997,-0.75,-0.80500000000000005
2014-02-28,-0.55000000000000004,-0.72,-0.89500000000000002
2014-03-03,-0.64,-0.87,-1.33
2014-03-04,-0.63500000000000001,-0.745,-1.3425
2014-03-05,-0.63749999999999996,-0.56999999999999995,-1.135
2014-03-06,-0.52500000000000002,-0.44500000000000001,-0.98499999999999999
2014-03-07,-0.45750000000000002,-0.36,-0.91249999999999998
2014-03-10,-0.4425,-0.44,-0.91500000000000004
2014-03-11,-0.45500000000000002,-0.45,-0.94
2014-03-12,-0.43,-0.52,-0.97
2014-03-13,-0.40250000000000002,-0.52500000000000002,-0.95499999999999996
2014-03-14,-0.51,-0.77,-1.2324999999999999
2014-03-17,-0.48249999999999998,-0.73,-1.2649999999999999
2014-03-18,-0.48,-0.77,-1.2649999999999999
2014-03-19,-0.49249999999999999,-0.68,-1.31
2014-03-20,-0.53,-0.61250000000000004,-1.2849999999999999
2014-03-21,-0.45500000000000002,-0.60750000000000004,-1.2849999999999999
2014-03-24,-0.47499999999999998,-0.54249999999999998,-1.27
2014-03-25,-0.45500000000000002,-0.55249999999999999,-1.25
2014-03-26,-0.54,-0.46500000000000002,-1.2649999999999999
2014-03-27,-0.60250000000000004,-0.47749999999999998,-1.2475000000000001
2014-03-28,-0.59499999999999997,-0.36499999999999999,-1.1475
2014-03-31,-0.59,-0.33500000000000002,-1.1100000000000001
2014-04-01,-0.5625,-0.3175,-1.0575000000000001
2014-04-02,-0.5575,-0.30249999999999999,-0.97750000000000004
2014-04-03,-0.58499999999999996,-0.32250000000000001,-0.96499999999999997
2014-04-04,-0.50749999999999995,-0.34499999999999997,-0.96
2014-04-07,-0.46750000000000003,-0.44750000000000001,-0.98
2014-04-08,-0.4325,-0.53,-0.97
2014-04-09,-0.38750000000000001,-0.47249999999999998,-0.98250000000000004
2014-04-10,-0.35749999999999998,-0.47249999999999998,-0.97250000000000003
2014-04-11,-0.32500000000000001,-0.48249999999999998,-0.97
2014-04-14,-0.47499999999999998,-0.49,-0.93
2014-04-15,-0.51249999999999996,-0.4375,-0.94750000000000001
2014-04-16,-0.52500000000000002,-0.38250000000000001,-0.83750000000000002
2014-04-17,-0.51749999999999996,-0.32750000000000001,-0.84
2014-04-18,-0.52,-0.28999999999999998,-0.81499999999999995
2014-04-21,-0.51749999999999996,-0.21249999999999999,-0.83
2014-04-22,-0.52249999999999996,-0.1825,-0.80500000000000005
2014-04-23,-0.51749999999999996,-0.18,-0.81499999999999995
2014-04-24,-0.52249999999999996,-0.20749999999999999,-0.73499999999999999
2014-04-25,-0.51749999999999996,-0.2225,-0.72
2014-04-28,-0.495,-0.23499999999999999,-0.81499999999999995
2014-04-29,-0.47499999999999998,-0.17499999999999999,-0.81499999999999995
2014-04-30,-0.48249999999999998,-0.21,-0.74
2014-05-01,-0.45750000000000002,-0.19500000000000001,-0.74
2014-05-02,-0.47749999999999998,-0.2,-0.74
2014-05-05,-0.47499999999999998,-0.2475,-0.76
2014-05-06,-0.42749999999999999,-0.28000000000000003,-0.73
2014-05-07,-0.38250000000000001,-0.34749999999999998,-0.77500000000000002
2014-05-08,-0.41749999999999998,-0.35499999999999998,-0.77
2014-05-09,-0.54249999999999998,-0.33750000000000002,-0.755
2014-05-12,-0.54249999999999998,-0.34,-0.73499999999999999
2014-05-13,-0.56499999999999995,-0.34,-0.82499999999999996
2014-05-14,-0.53749999999999998,-0.35749999999999998,-0.83
2014-05-15,-0.60250000000000004,-0.51749999999999996,-0.9325
2014-05-16,-0.59250000000000003,-0.63249999999999995,-1.21
2014-05-19,-0.57750000000000001,-0.70499999999999996,-1.18
2014-05-20,-0.56999999999999995,-0.64500000000000002,-1.115
2014-05-21,-0.59750000000000003,-0.66749999999999998,-1.1499999999999999
2014-05-22,-0.59750000000000003,-0.39750000000000002,-1.05
2014-05-23,-0.64249999999999996,-0.29749999999999999,-1.05
2014-05-26,-0.62,-0.26750000000000002,-1.0275000000000001
2014-05-27,-0.62749999999999995,-0.26500000000000001,-1.0249999999999999
2014-05-28,-0.64500000000000002,-0.2525,-1.0149999999999999
2014-05-29,-0.64749999999999996,-0.27,-1.0149999999999999
2014-05-30,-0.60750000000000004,-0.245,-0.98
2014-06-02,-0.62250000000000005,-0.2,-0.89
2014-06-03,-0.63249999999999995,-7.2499999999999995E-2,-0.86
2014-06-04,-0.67249999999999999,-8.2500000000000004E-2,-0.77249999999999996
2014-06-05,-0.62,-9.5000000000000001E-2,-0.78500000000000003
2014-06-06,-0.53749999999999998,-0.20250000000000001,-0.75
2014-06-09,-0.54500000000000004,-0.155,-0.71499999999999997
2014-06-10,-0.54,-0.16750000000000001,-0.69
2014-06-11,-0.52249999999999996,-0.115,-0.72499999999999998
2014-06-12,-0.43,-0.13,-0.71499999999999997
2014-06-13,-0.40500000000000003,-9.5000000000000001E-2,-0.745
2014-06-16,-0.42749999999999999,-9.2499999999999999E-2,-0.69499999999999995
2014-06-17,-0.41249999999999998,-9.2499999999999999E-2,-0.68500000000000005
2014-06-18,-0.39250000000000002,-0.02,-0.66500000000000004
2014-06-19,-0.36249999999999999,-0.02,-0.62
2014-06-20,-0.35749999999999998,-5.0000000000000001E-3,-0.59499999999999997
2014-06-23,-0.3725,-0.01,-0.54
2014-06-24,-0.37,5.0000000000000001E-3,-0.53
2014-06-25,-0.3775,0.02,-0.505
2014-06-26,-0.4325,-5.0000000000000001E-3,-0.46500000000000002
2014-06-27,-0.4325,-0.25,-0.65500000000000003
2014-06-30,-0.4,-0.26,-0.66
2014-07-01,-0.40250000000000002,-0.25,-0.65
2014-07-02,-0.40749999999999997,-0.23499999999999999,-0.64
2014-07-03,-0.39500000000000002,-0.14000000000000001,-0.64749999999999996
2014-07-04,-0.39750000000000002,-0.105,-0.61499999999999999
2014-07-07,-0.40500000000000003,-0.11,-0.6
2014-07-08,-0.40500000000000003,-0.155,-0.59250000000000003
2014-07-09,-0.40749999999999997,-0.17749999999999999,-0.59499999999999997
2014-07-10,-0.45,-0.3125,-0.70250000000000001
2014-07-11,-0.47,-0.35,-0.82499999999999996
2014-07-14,-0.47749999999999998,-0.33250000000000002,-0.80249999999999999
2014-07-15,-0.52249999999999996,-0.28499999999999998,-0.78
2014-07-16,-0.63749999999999996,-0.27500000000000002,-0.80500000000000005
2014-07-17,-0.61750000000000005,-0.41499999999999998,-0.86
2014-07-18,-0.63249999999999995,-0.48499999999999999,-0.98499999999999999
2014-07-21,-0.62,-0.53,-0.97250000000000003
2014-07-22,-0.6925,-0.49,-1.0149999999999999
2014-07-23,-0.62749999999999995,-0.4975,-1.0449999999999999
2014-07-24,-0.58750000000000002,-0.40500000000000003,-1.02
2014-07-25,-0.55000000000000004,-0.28499999999999998,-0.97499999999999998
2014-07-28,-0.53749999999999998,-0.20250000000000001,-0.91500000000000004
2014-07-29,-0.53500000000000003,-0.1125,-0.88500000000000001
2014-07-30,-0.53249999999999997,0.11749999999999999,-0.82
2014-07-31,-0.50749999999999995,0.1575,-0.8
2014-08-01,-0.47749999999999998,0.11,-0.78500000000000003
2014-08-04,-0.4375,0.03,-0.73750000000000004
2014-08-05,-0.435,4.4999999999999998E-2,-0.71499999999999997
2014-08-06,-0.41749999999999998,-0.04,-0.71499999999999997
2014-08-07,-0.41,-4.4999999999999998E-2,-0.70250000000000001
2014-08-08,-0.41249999999999998,-0.435,-0.88
2014-08-11,-0.38750000000000001,-0.18,-0.76
2014-08-12,-0.38250000000000001,-0.1275,-0.77
2014-08-13,-0.3775,-2.5000000000000001E-2,-0.81
2014-08-14,-0.35749999999999998,-6.25E-2,-0.71250000000000002
2014-08-15,-0.33750000000000002,-0.13750000000000001,-0.72250000000000003
2014-08-18,-0.33750000000000002,-0.17249999999999999,-0.73499999999999999
2014-08-19,-0.33750000000000002,-0.19750000000000001,-0.74
2014-08-20,-0.30499999999999999,-7.2499999999999995E-2,-0.59499999999999997
2014-08-21,-0.26750000000000002,-0.125,-0.65500000000000003
2014-08-22,-0.29249999999999998,-0.16750000000000001,-0.63500000000000001
2014-08-25,-0.32,-0.16500000000000001,-0.65
2014-08-26,-0.34250000000000003,-0.16750000000000001,-0.64500000000000002
2014-08-27,-0.40250000000000002,-0.18,-0.65500000000000003
2014-08-28,-0.39500000000000002,-0.23749999999999999,-0.65
2014-08-29,-0.42749999999999999,-0.27500000000000002,-0.67500000000000004
2014-09-01,-0.46250000000000002,-0.2175,-0.69
2014-09-02,-0.51749999999999996,-0.17249999999999999,-0.68500000000000005
2014-09-03,-0.48,-0.16250000000000001,-0.61
2014-09-04,-0.57499999999999996,-0.28999999999999998,-0.67249999999999999
2014-09-05,-0.62250000000000005,-0.2525,-0.69
2014-09-08,-0.5575,-0.21249999999999999,-0.70750000000000002
2014-09-09,-0.66500000000000004,-0.1125,-0.6875
2014-09-10,-0.65749999999999997,-4.2500000000000003E-2,-0.70250000000000001
2014-09-11,-0.64249999999999996,-7.7499999999999999E-2,-0.66249999999999998
2014-09-12,-0.61,-0.08,-0.63749999999999996
2014-09-15,-0.58250000000000002,-0.11,-0.63
2014-09-16,-0.57499999999999996,-0.14249999999999999,-0.62
2014-09-17,-0.495,-0.1525,-0.59
2014-09-18,-0.48249999999999998,-8.5000000000000006E-2,-0.48249999999999998
2014-09-19,-0.44500000000000001,-0.23749999999999999,-0.4975
2014-09-22,-0.44500000000000001,-0.36249999999999999,-0.50749999999999995
2014-09-23,-0.43,-0.38750000000000001,-0.63500000000000001
2014-09-24,-0.4375,-0.42,-0.61250000000000004
2014-09-25,-0.56000000000000005,-0.42499999999999999,-0.68500000000000005
2014-09-26,-0.55500000000000005,-0.43,-0.91
2014-09-29,-0.55500000000000005,-0.44750000000000001,-0.97499999999999998
2014-09-30,-0.55000000000000004,-0.41749999999999998,-0.95499999999999996
2014-10-01,-0.57999999999999996,-0.47749999999999998,-0.98499999999999999
2014-10-02,-0.4975,-0.62250000000000005,-1
2014-10-03,-0.63249999999999995,-0.4975,-1.02
2014-10-06,-0.66,-0.53,-0.96
2014-10-07,-0.65500000000000003,-0.68500000000000005,-0.99
2014-10-08,-0.5575,-0.66500000000000004,-0.91
2014-10-09,-0.55249999999999999,-0.6875,-0.88500000000000001
2014-10-10,-0.63749999999999996,-0.66749999999999998,-0.92249999999999999
2014-10-13,-0.60499999999999998,-0.72499999999999998,-0.94750000000000001
2014-10-14,-0.60250000000000004,-0.74250000000000005,-0.96250000000000002
2014-10-15,-0.45250000000000001,-0.90749999999999997,-0.96250000000000002
2014-10-16,-0.46750000000000003,-1.0275000000000001,-1.2450000000000001
2014-10-17,-0.49249999999999999,-0.78749999999999998,-1.2849999999999999
2014-10-20,-0.49,-0.74750000000000005,-1.1399999999999999
2014-10-21,-0.51249999999999996,-0.73750000000000004,-1.1274999999999999
2014-10-22,-0.51749999999999996,-0.61250000000000004,-1.1074999999999999
2014-10-23,-0.51749999999999996,-0.46500000000000002,-1.0125
2014-10-24,-0.51,-0.42749999999999999,-0.91
2014-10-27,-0.50249999999999995,-0.4425,-0.92249999999999999
2014-10-28,-0.45250000000000001,-0.41,-0.8175
2014-10-29,-0.435,-0.36249999999999999,-0.72250000000000003
2014-10-30,-0.59499999999999997,-0.27750000000000002,-0.72499999999999998
2014-10-31,-0.74750000000000005,0.3075,-0.30249999999999999
2014-11-03,-0.8125,0.51249999999999996,-0.2475
2014-11-04,-0.80249999999999999,0.38250000000000001,-0.24249999999999999
2014-11-05,-0.84750000000000003,0.42499999999999999,-0.24249999999999999
2014-11-06,-0.91249999999999998,0.2525,-0.40250000000000002
2014-11-07,-0.76249999999999996,6.5000000000000002E-2,-0.46
2014-11-10,-0.71250000000000002,-0.18,-0.45750000000000002
2014-11-11,-0.69,-0.01,-0.38750000000000001
2014-11-12,-0.64749999999999996,-0.16750000000000001,-0.4
2014-11-13,-0.63500000000000001,-7.2499999999999995E-2,-0.41499999999999998
2014-11-14,-0.64,0.08,-0.38750000000000001
2014-11-17,-0.62,-1.2500000000000001E-2,-0.41499999999999998
2014-11-18,-0.63249999999999995,4.2500000000000003E-2,-0.41
2014-11-19,-0.64249999999999996,0.16750000000000001,-0.35
2014-11-20,-0.74250000000000005,0.3725,-0.20499999999999999
2014-11-21,-0.87250000000000005,0.2225,-0.34
2014-11-24,-0.90249999999999997,0.29749999999999999,-0.38750000000000001
2014-11-25,-0.88749999999999996,0.24,-0.34499999999999997
2014-11-26,-0.88,0.17249999999999999,-0.35249999999999998
2014-11-27,-0.92500000000000004,0.17249999999999999,-0.42249999999999999
2014-11-28,-0.9325,0.17249999999999999,-0.44500000000000001
2014-12-01,-0.94750000000000001,0.25,-0.46250000000000002
2014-12-02,-1.0249999999999999,0.27750000000000002,-0.49
2014-12-03,-1.0974999999999999,0.56499999999999995,-0.46500000000000002
2014-12-04,-0.99750000000000005,0.60750000000000004,-0.48
2014-12-05,-0.9325,0.5675,-0.4425
2014-12-08,-0.91249999999999998,0.4375,-0.435
2014-12-09,-0.75,-8.2500000000000004E-2,-0.69499999999999995
2014-12-10,-0.75749999999999995,-0.255,-0.75749999999999995
2014-12-11,-0.77249999999999996,-0.27,-0.75249999999999995
2014-12-12,-0.79749999999999999,-0.20250000000000001,-0.74750000000000005
2014-12-15,-0.79749999999999999,-0.255,-0.72
2014-12-16,-0.81,-0.51500000000000001,-0.81
2014-12-17,-0.89500000000000002,-0.39,-0.79500000000000004
2014-12-18,-1.0475000000000001,-0.17249999999999999,-0.75749999999999995
2014-12-19,-0.84750000000000003,-0.14499999999999999,-0.74250000000000005
2014-12-22,-0.86750000000000005,-0.105,-0.76249999999999996
2014-12-23,-0.88749999999999996,-2.5000000000000001E-2,-0.75249999999999995
2014-12-24,-0.89249999999999996,1.2500000000000001E-2,-0.71750000000000003
2014-12-25,-0.88500000000000001,-2.75E-2,-0.7
2014-12-26,-0.89249999999999996,1.2500000000000001E-2,-0.72499999999999998
2014-12-29,-0.88,0.09,-0.72
2014-12-30,-0.9375,-2.2499999999999999E-2,-0.70750000000000002
2014-12-31,-0.92749999999999999,-0.01,-0.70250000000000001
2015-01-01,-0.94,-3.2500000000000001E-2,-0.69
2015-01-02,-0.90500000000000003,2.5000000000000001E-3,-0.7
2015-01-05,-0.79500000000000004,-2.75E-2,-0.77
2015-01-06,-0.77,-0.35,-0.84750000000000003
2015-01-07,-0.77749999999999997,-0.35499999999999998,-1.0449999999999999
2015-01-08,-0.83750000000000002,-0.32750000000000001,-1.05
2015-01-09,-0.75249999999999995,-0.36,-1.0149999999999999
2015-01-12,-0.73750000000000004,-0.42,-0.99250000000000005
2015-01-13,-0.75249999999999995,-0.53249999999999997,-1.0549999999999999
2015-01-14,-0.82250000000000001,-0.72750000000000004,-1.25
2015-01-15,-1.21,-0.91500000000000004,-1.675
2015-01-16,-2.2625000000000002,-1.0649999999999999,-2.44
2015-01-19,-1.8,-0.95750000000000002,-2.48
2015-01-20,-1.675,-0.50249999999999995,-2.29
2015-01-21,-1.67,-0.54249999999999998,-2.085
2015-01-22,-1.5549999999999999,-0.53,-1.96
2015-01-23,-1.575,-0.51,-1.98
2015-01-26,-1.6274999999999999,-0.56499999999999995,-1.915
2015-01-27,-1.42,-0.58750000000000002,-1.9025000000000001
2015-01-28,-1.32,-0.60250000000000004,-1.88
2015-01-29,-1.3025,-0.65249999999999997,-1.89
2015-01-30,-1.3049999999999999,-0.6825,-2.19
2015-02-02,-1.27,-0.76500000000000001,-2.2225000000000001
2015-02-03,-1.1675,-0.74250000000000005,-2.13
2015-02-04,-1.1599999999999999,-0.64500000000000002,-2.0750000000000002
2015-02-05,-1.4975000000000001,-0.71250000000000002,-2.2974999999999999
2015-02-06,-1.5049999999999999,-0.375,-2.1825000000000001
2015-02-09,-1.7024999999999999,-0.30249999999999999,-2.1549999999999998
2015-02-10,-1.7524999999999999,-0.20749999999999999,-2.1775000000000002
2015-02-11,-1.78,0.10249999999999999,-2.1825000000000001
2015-02-12,-1.7250000000000001,-0.1825,-2.09
2015-02-13,-1.655,-0.33500000000000002,-1.98
2015-02-16,-1.605,-0.34499999999999997,-1.9524999999999999
2015-02-17,-1.655,-0.33,-2.0299999999999998
2015-02-18,-1.79,-0.23,-2
2015-02-19,-1.7849999999999999,-0.21249999999999999,-2.12
2015-02-20,-2.1274999999999999,-0.47499999999999998,-2.6349999999999998
2015-02-23,-1.93,-0.3,-2.3450000000000002
2015-02-24,-1.5,-0.15,-2.04
2015-02-25,-1.0125,-0.14249999999999999,-1.7875000000000001
2015-02-26,-1.2324999999999999,-0.09,-1.6375
2015-02-27,-1.2524999999999999,7.0000000000000007E-2,-1.5725
2015-03-02,-1.34,0.23,-1.6225000000000001
2015-03-03,-1.2524999999999999,0.185,-1.5275000000000001
2015-03-04,-1.32,0.16500000000000001,-1.6675
2015-03-05,-1.3025,0.23499999999999999,-1.6825000000000001
2015-03-06,-1.2925,0.34499999999999997,-1.6875
2015-03-09,-1.19,0.245,-1.4575
2015-03-10,-1.2825,0.24249999999999999,-1.61
2015-03-11,-1.585,0.1,-1.9850000000000001
2015-03-12,-1.5024999999999999,9.2499999999999999E-2,-1.9325000000000001
2015-03-13,-1.5225,8.5000000000000006E-2,-2.0425
2015-03-16,-1.4624999999999999,0.04,-1.98
2015-03-17,-1.4950000000000001,3.5000000000000003E-2,-1.9924999999999999
2015-03-18,-1.2875000000000001,-6.5000000000000002E-2,-2.0724999999999998
2015-03-19,-1.45,-9.2499999999999999E-2,-2.04
2015-03-20,-1.3025,-0.255,-2.0125000000000002
2015-03-23,-1.2275,-0.27500000000000002,-2.0150000000000001
2015-03-24,-1.125,-0.23749999999999999,-1.8975
2015-03-25,-1.1850000000000001,-0.23,-1.75
2015-03-26,-1.3025,-0.3,-1.7625
2015-03-27,-1.4924999999999999,-0.23,-1.9225000000000001
2015-03-30,-1.55,-5.5E-2,-1.9325000000000001
2015-03-31,-1.65,0.08,-1.93
2015-04-01,-1.5425,7.0000000000000007E-2,-1.905
2015-04-02,-1.4175,4.2500000000000003E-2,-1.8875
2015-04-03,-1.3225,3.7499999999999999E-2,-1.835
2015-04-06,-1.2775000000000001,6.25E-2,-1.77
2015-04-07,-1.325,0.23,-1.8075000000000001
2015-04-08,-1.22,0.17,-1.7
2015-04-09,-1.2825,0.08,-1.6775
2015-04-10,-1.3174999999999999,0.14499999999999999,-1.8125
2015-04-13,-1.3875,0.13,-1.87
2015-04-14,-1.3075000000000001,-5.0000000000000001E-3,-1.885
2015-04-15,-1.2875000000000001,-7.0000000000000007E-2,-1.9975000000000001
2015-04-16,-1.1074999999999999,-0.16500000000000001,-1.92
2015-04-17,-1.0225,-0.185,-1.895
2015-04-20,-1.05,-0.20499999999999999,-1.885
2015-04-21,-1.125,-0.125,-1.93
2015-04-22,-1.0900000000000001,2.75E-2,-1.9075
2015-04-23,-1.0649999999999999,0.185,-1.86
2015-04-24,-0.95499999999999996,0.19,-1.8225
2015-04-27,-1,0.105,-1.7825
2015-04-28,-0.93500000000000005,0.2,-1.6625000000000001
2015-04-29,-0.85250000000000004,0.28999999999999998,-1.54
2015-04-30,-0.87749999999999995,0.1,-1.39
2015-05-01,-0.84499999999999997,0.28000000000000003,-1.2350000000000001
2015-05-04,-0.9325,0.3075,-1.2350000000000001
2015-05-05,-1.0475000000000001,0.3075,-1.2250000000000001
2015-05-06,-0.88,0.3125,-1.2350000000000001
2015-05-07,-0.9325,0.26250000000000001,-1.335
2015-05-08,-0.9375,0.26250000000000001,-1.2975000000000001
2015-05-11,-0.95250000000000001,0.26750000000000002,-1.3274999999999999
2015-05-12,-0.92,0.38750000000000001,-1.3049999999999999
2015-05-13,-0.86250000000000004,0.33,-1.2625
2015-05-14,-0.62,0.3175,-1.125
2015-05-15,-0.66749999999999998,0.38500000000000001,-1.07
2015-05-18,-0.73250000000000004,0.45,-0.96
2015-05-19,-1.1924999999999999,0.66,-1.075
2015-05-20,-1.1850000000000001,0.79249999999999998,-1.0225
2015-05-21,-1.165,0.7,-1.01
2015-05-22,-1.1599999999999999,0.72,-1.0125
2015-05-25,-1.2549999999999999,0.75249999999999995,-1
2015-05-26,-1.26,0.79500000000000004,-1.0475000000000001
2015-05-27,-1.0974999999999999,0.66749999999999998,-1.0449999999999999
2015-05-28,-0.97499999999999998,0.54249999999999998,-0.96250000000000002
2015-05-29,-0.94,0.44500000000000001,-0.96
2015-06-01,-1.0925,0.42,-1.0125
2015-06-02,-0.9325,0.32500000000000001,-0.95
2015-06-03,-0.92,0.26250000000000001,-0.85
2015-06-04,-0.91249999999999998,0.14000000000000001,-0.78500000000000003
2015-06-05,-1.0575000000000001,0.14749999999999999,-0.8125
2015-06-08,-1.0249999999999999,0.115,-0.84499999999999997
2015-06-09,-1.0249999999999999,-3.2500000000000001E-2,-0.92249999999999999
2015-06-10,-1.0549999999999999,-0.255,-1.0375000000000001
2015-06-11,-1.03,-0.16250000000000001,-1.0525
2015-06-12,-1.1100000000000001,-0.13500000000000001,-1.2175
2015-06-15,-1.2424999999999999,-0.155,-1.52
2015-06-16,-1.2625,-0.17749999999999999,-1.6475
2015-06-17,-1.26,-0.1875,-1.625
2015-06-18,-1.2749999999999999,-0.20499999999999999,-1.71
2015-06-19,-1.9650000000000001,-0.28249999999999997,-2.1924999999999999
2015-06-22,-1.76,-0.23749999999999999,-2.1124999999999998
2015-06-23,-1.4824999999999999,-0.13250000000000001,-1.7324999999999999
2015-06-24,-1.105,-2.75E-2,-1.5275000000000001
2015-06-25,-1.1174999999999999,-8.7499999999999994E-2,-1.4624999999999999
2015-06-26,-1.2024999999999999,-8.7499999999999994E-2,-1.4924999999999999
2015-06-29,-1.69,-0.48,-2.2524999999999999
2015-06-30,-1.8975,-0.61250000000000004,-2.2999999999999998
2015-07-01,-1.5974999999999999,-0.56499999999999995,-2.1475
2015-07-02,-1.2975000000000001,-0.39,-1.9750000000000001
2015-07-03,-1.3925000000000001,-0.46500000000000002,-2.2400000000000002
2015-07-06,-1.3825000000000001,-0.50249999999999995,-2.1850000000000001
2015-07-07,-1.4624999999999999,-0.67749999999999999,-2.3650000000000002
2015-07-08,-1.3225,-1.2475000000000001,-2.6150000000000002
2015-07-09,-1.33,-1.155,-2.7549999999999999
2015-07-10,-1.1575,-0.76,-2.4350000000000001
2015-07-13,-1.085,-0.3775,-1.9650000000000001
2015-07-14,-0.98750000000000004,-0.245,-1.595
2015-07-15,-0.94,-2.5000000000000001E-2,-1.56
2015-07-16,-0.96250000000000002,-3.5000000000000003E-2,-1.4775
2015-07-17,-0.70250000000000001,-4.4999999999999998E-2,-1.33
2015-07-20,-0.5675,-7.7499999999999999E-2,-1.2575000000000001
2015-07-21,-0.3075,-7.7499999999999999E-2,-0.98
2015-07-22,-0.30249999999999999,-0.1,-0.91
2015-07-23,-0.32,-5.5E-2,-0.91249999999999998
2015-07-24,-0.28000000000000003,-0.1075,-1.0625
2015-07-27,-0.2475,-0.19500000000000001,-1.02
2015-07-28,-0.3125,-0.17499999999999999,-0.99250000000000005
2015-07-29,-0.38750000000000001,-0.14249999999999999,-1.03
2015-07-30,-0.4,4.4999999999999998E-2,-1.01
2015-07-31,-0.35499999999999998,3.5000000000000003E-2,-0.99250000000000005
2015-08-03,-0.3775,3.7499999999999999E-2,-0.96
2015-08-04,-0.53500000000000003,0.04,-0.95499999999999996
2015-08-05,-0.57750000000000001,0.1225,-0.98
2015-08-06,-0.54749999999999999,0.16500000000000001,-0.99250000000000005
2015-08-07,-0.505,0.11,-0.92500000000000004
2015-08-10,-0.48749999999999999,9.5000000000000001E-2,-0.87749999999999995
2015-08-11,-0.51749999999999996,9.2499999999999999E-2,-0.73
2015-08-12,-0.45250000000000001,-0.115,-0.76500000000000001
2015-08-13,-0.45750000000000002,-0.19,-0.73750000000000004
2015-08-14,-0.5,-0.185,-0.76249999999999996
2015-08-17,-0.51,-0.18,-0.77500000000000002
2015-08-18,-0.58250000000000002,-0.24,-0.79249999999999998
2015-08-19,-0.5625,-0.26250000000000001,-0.81
2015-08-20,-0.61499999999999999,-0.36,-0.82250000000000001
2015-08-21,-0.45750000000000002,-0.91249999999999998,-1.0249999999999999
2015-08-24,-0.14749999999999999,-1.52,-1.2150000000000001
2015-08-25,-8.7499999999999994E-2,-1.105,-1.22
2015-08-26,-0.19500000000000001,-1.2024999999999999,-1.34
2015-08-27,-0.32500000000000001,-0.92749999999999999,-1.375
2015-08-28,-0.38500000000000001,-0.95750000000000002,-1.3174999999999999
2015-08-31,-0.41499999999999998,-0.90249999999999997,-1.355
2015-09-01,-0.38250000000000001,-1.2124999999999999,-1.34
2015-09-02,-0.35749999999999998,-1.3049999999999999,-1.3574999999999999
2015-09-03,-0.38,-1.2324999999999999,-1.4275
2015-09-04,-0.33750000000000002,-1.7625,-1.7450000000000001
2015-09-07,-0.33750000000000002,-1.86,-1.76
2015-09-08,-0.3125,-1.7,-1.69
2015-09-09,-0.33750000000000002,-1.2949999999999999,-1.5349999999999999
2015-09-10,-0.3175,-1.375,-1.6074999999999999
2015-09-11,-0.30499999999999999,-1.29,-1.5549999999999999
2015-09-14,-0.30249999999999999,-1.125,-1.3149999999999999
2015-09-15,-0.315,-1,-1.2875000000000001
2015-09-16,-0.35249999999999998,-0.96250000000000002,-1.26
2015-09-17,-0.375,-0.94750000000000001,-1.23
2015-09-18,-0.35,-1.1924999999999999,-1.3125
2015-09-21,-0.46250000000000002,-1.1825000000000001,-1.32
2015-09-22,-0.59250000000000003,-1.0825,-1.4650000000000001
2015-09-23,-0.57750000000000001,-1.2050000000000001,-1.5
2015-09-24,-0.51500000000000001,-1.31,-1.4950000000000001
2015-09-25,-0.52,-1.1399999999999999,-1.4624999999999999
2015-09-28,-0.50249999999999995,-1.1675,-1.49
2015-09-29,-0.4975,-1.365,-1.47
2015-09-30,-0.50249999999999995,-1.1825000000000001,-1.425
2015-10-01,-0.51,-1.0900000000000001,-1.33
2015-10-02,-0.34749999999999998,-1.0175000000000001,-1.2475000000000001
2015-10-05,-0.33,-0.82,-1.0275000000000001
2015-10-06,-0.33750000000000002,-0.67,-0.89749999999999996
2015-10-07,-0.30499999999999999,-0.4325,-0.75249999999999995
2015-10-08,-0.28249999999999997,-0.46250000000000002,-0.75249999999999995
2015-10-09,-0.3,-0.38,-0.70250000000000001
2015-10-12,-0.32500000000000001,-0.33,-0.66749999999999998
2015-10-13,-0.38,-0.29499999999999998,-0.67749999999999999
2015-10-14,-0.3725,-0.45500000000000002,-0.61250000000000004
2015-10-15,-0.45500000000000002,-0.65500000000000003,-0.75249999999999995
2015-10-16,-0.48249999999999998,-0.52749999999999997,-0.79249999999999998
2015-10-19,-0.51749999999999996,-0.47249999999999998,-0.78249999999999997
2015-10-20,-0.59499999999999997,-0.43,-0.72750000000000004
2015-10-21,-0.62749999999999995,-0.26,-0.69499999999999995
2015-10-22,-0.89500000000000002,-0.04,-0.76249999999999996
2015-10-23,-1.135,0.23250000000000001,-0.755
2015-10-26,-0.84750000000000003,0.27,-0.64249999999999996
2015-10-27,-0.72750000000000004,0.2525,-0.47249999999999998
2015-10-28,-0.69750000000000001,0.38,-0.4975
2015-10-29,-0.51,0.48749999999999999,-0.48749999999999999
2015-10-30,-0.45,0.155,-0.51500000000000001
2015-11-02,-0.44,0.105,-0.53249999999999997
2015-11-03,-0.60250000000000004,0.21,-0.64500000000000002
2015-11-04,-0.79500000000000004,0.38500000000000001,-0.8
2015-11-05,-0.81499999999999995,0.42249999999999999,-0.74250000000000005
2015-11-06,-0.745,0.40749999999999997,-0.70750000000000002
2015-11-09,-0.67749999999999999,0.17749999999999999,-0.62749999999999995
2015-11-10,-0.7,-0.04,-0.71499999999999997
2015-11-11,-0.58499999999999996,-0.17249999999999999,-0.8
2015-11-12,-0.53500000000000003,-0.2,-0.82250000000000001
2015-11-13,-0.48499999999999999,-0.255,-0.83
2015-11-16,-0.55500000000000005,-0.35,-0.84750000000000003
2015-11-17,-0.60499999999999998,-0.1825,-0.83750000000000002
2015-11-18,-0.57250000000000001,-0.09,-0.82
2015-11-19,-0.53500000000000003,-0.1275,-0.80249999999999999
2015-11-20,-0.51500000000000001,-0.255,-0.77749999999999997
2015-11-23,-0.53,-0.2475,-0.83499999999999996
2015-11-24,-0.45,-0.38500000000000001,-0.755
2015-11-25,-0.45750000000000002,-0.435,-0.74750000000000005
2015-11-26,-0.43,-0.46500000000000002,-0.69
2015-11-27,-0.40250000000000002,-0.47,-0.65500000000000003
2015-11-30,-0.38250000000000001,-0.47,-0.4975
2015-12-01,-0.34499999999999997,-0.52749999999999997,-0.51
2015-12-02,-0.26750000000000002,-0.51749999999999996,-0.47749999999999998
2015-12-03,-0.1825,-0.54749999999999999,-0.4425
2015-12-04,-0.41749999999999998,-0.60499999999999998,-0.39750000000000002
2015-12-07,-0.4975,-0.58250000000000002,-0.42749999999999999
2015-12-08,-0.47,-0.67,-0.42249999999999999
2015-12-09,-0.42,-1.3425,-0.55249999999999999
2015-12-10,-0.41,-1.4325000000000001,-0.6
2015-12-11,-0.37,-1.6625000000000001,-0.66249999999999998
2015-12-14,-0.32500000000000001,-1.72,-0.63249999999999995
2015-12-15,-0.30499999999999999,-1.425,-0.60499999999999998
2015-12-16,-0.3175,-1.01,-0.61250000000000004
2015-12-17,-0.42,-0.7,-0.59750000000000003
2015-12-18,-0.47,-1,-0.69499999999999995
2015-12-21,-0.45,-0.97750000000000004,-0.67249999999999999
2015-12-22,-0.41,-0.97250000000000003,-0.65500000000000003
2015-12-23,-0.45500000000000002,-0.96,-0.70250000000000001
2015-12-24,-0.44750000000000001,-1.0349999999999999,-0.70250000000000001
2015-12-25,-0.44500000000000001,-1.0249999999999999,-0.70750000000000002
2015-12-28,-0.45500000000000002,-1.0549999999999999,-0.6825
2015-12-29,-0.45,-1.0774999999999999,-0.71
2015-12-30,-0.44500000000000001,-1.0175000000000001,-0.73750000000000004
2015-12-31,-0.45,-0.98,-0.745
2016-01-01,-0.46750000000000003,-0.98250000000000004,-0.75749999999999995
2016-01-04,-0.38250000000000001,-1.3149999999999999,-0.90500000000000003
2016-01-05,-0.38750000000000001,-1.25,-1.1775
2016-01-06,-0.33,-1.375,-1.46
2016-01-07,-0.19750000000000001,-1.82,-1.51
2016-01-08,-0.13,-1.86,-1.3875
2016-01-11,-0.105,-1.8474999999999999,-1.4350000000000001
2016-01-12,-0.05,-1.67,-1.4
2016-01-13,-2.5000000000000001E-3,-1.3525,-1.325
2016-01-14,6.5000000000000002E-2,-1.55,-1.355
2016-01-15,0.27,-1.855,-1.24
2016-01-18,0.24,-1.74,-1.1399999999999999
2016-01-19,0.24,-1.6074999999999999,-1.095
2016-01-20,0.33,-2.0274999999999999,-1.135
2016-01-21,0.185,-1.79,-1.19
2016-01-22,0.19,-1.44,-0.77500000000000002
2016-01-25,0.23,-1.29,-0.77500000000000002
2016-01-26,0.215,-1.575,-0.77
2016-01-27,0.23,-1.4850000000000001,-0.755
2016-01-28,0.28999999999999998,-1.4850000000000001,-0.74750000000000005
2016-01-29,0.1525,-1.1074999999999999,-0.62
2016-02-01,0.21,-1.0900000000000001,-0.60499999999999998
2016-02-02,0.35,-1.2549999999999999,-0.61499999999999999
2016-02-03,0.57499999999999996,-1.7575000000000001,-0.64
2016-02-04,0.64,-1.6525000000000001,-0.69499999999999995
2016-02-05,0.4425,-1.69,-0.70499999999999996
2016-02-08,0.21249999999999999,-2.4550000000000001,-1.1599999999999999
2016-02-09,0.26,-2.8050000000000002,-1.625
2016-02-10,-0.16250000000000001,-2.56,-1.835
2016-02-11,-0.03,-2.4550000000000001,-2.145
2016-02-12,-1.7500000000000002E-2,-2.0525000000000002,-1.88
2016-02-15,-2.2499999999999999E-2,-1.43,-1.52
2016-02-16,-2.5000000000000001E-2,-1.7150000000000001,-1.4624999999999999
2016-02-17,-0.03,-1.9875,-1.6950000000000001
2016-02-18,5.2499999999999998E-2,-1.9924999999999999,-1.6375
2016-02-19,6.25E-2,-2.395,-2.1524999999999999
2016-02-22,6.5000000000000002E-2,-2.3149999999999999,-2.2250000000000001
2016-02-23,8.2500000000000004E-2,-2.375,-2.3075000000000001
2016-02-24,8.7499999999999994E-2,-2.4175,-2.39
2016-02-25,0.105,-2.0299999999999998,-2.2349999999999999
2016-02-26,4.7500000000000001E-2,-2.1349999999999998,-2.02
2016-02-29,-1.2500000000000001E-2,-2.1349999999999998,-2.0175000000000001
2016-03-01,-0.11,-1.9524999999999999,-1.895
2016-03-02,-0.10249999999999999,-1.8925000000000001,-1.82
2016-03-03,-0.04,-1.8,-1.7250000000000001
2016-03-04,-2.75E-2,-1.73,-1.7375
2016-03-07,-3.7499999999999999E-2,-1.7375,-1.7224999999999999
2016-03-08,-3.5000000000000003E-2,-1.84,-1.7150000000000001
2016-03-09,-0.11749999999999999,-1.8474999999999999,-1.66
2016-03-10,6.5000000000000002E-2,-1.7625,-1.605
2016-03-11,-9.7500000000000003E-2,-1.7549999999999999,-1.575
2016-03-14,-0.13,-1.5249999999999999,-1.4850000000000001
2016-03-15,-0.16,-1.7375,-1.49
2016-03-16,-0.14000000000000001,-1.63,-1.44
2016-03-17,0.17499999999999999,-1.59,-1.46
2016-03-18,0.23749999999999999,-1.58,-1.4225000000000001
2016-03-21,0.22,-1.49,-1.395
2016-03-22,-1.7500000000000002E-2,-1.3374999999999999,-1.3925000000000001
2016-03-23,-4.7500000000000001E-2,-1.0475000000000001,-1.37
2016-03-24,-0.19750000000000001,-0.91749999999999998,-1.36
2016-03-25,-0.1825,-0.90249999999999997,-1.36
2016-03-28,-0.1525,-0.86,-1.36
2016-03-29,-0.13750000000000001,-0.84,-1.3425
2016-03-30,-1.2500000000000001E-2,-1.0225,-1.325
2016-03-31,0.17,-0.70499999999999996,-0.79749999999999999
2016-04-01,0.20499999999999999,-0.64749999999999996,-0.76249999999999996
2016-04-04,0.2,-0.71499999999999997,-0.75749999999999995
2016-04-05,0.16250000000000001,-1.3225,-1.28
2016-04-06,0.10249999999999999,-1.32,-1.2450000000000001
2016-04-07,0.13500000000000001,-1.4575,-1.3225
2016-04-08,-0.01,-1.35,-1.26
2016-04-11,0.1875,-1.6125,-1.35
2016-04-12,0.215,-1.5449999999999999,-1.2649999999999999
2016-04-13,0.19,-1.1850000000000001,-1.0549999999999999
2016-04-14,0.12,-1.1425000000000001,-1.0349999999999999
2016-04-15,0.06,-1.115,-1.075
2016-04-18,6.7500000000000004E-2,-1.3925000000000001,-1.1825000000000001
2016-04-19,0.1825,-1.2975000000000001,-1.1000000000000001
2016-04-20,0.17749999999999999,-0.96,-0.90500000000000003
2016-04-21,0.13250000000000001,-0.66500000000000004,-0.82250000000000001
2016-04-22,9.5000000000000001E-2,-0.54249999999999998,-0.66500000000000004
2016-04-25,9.7500000000000003E-2,-0.73250000000000004,-0.64500000000000002
2016-04-26,9.5000000000000001E-2,-0.79500000000000004,-0.64749999999999996
2016-04-27,4.7500000000000001E-2,-0.87,-0.70499999999999996
2016-04-28,1.4999999999999999E-2,-1.65,-1.25
2016-04-29,7.4999999999999997E-2,-2.0299999999999998,-1.3725000000000001
2016-05-02,0.11749999999999999,-2.0975000000000001,-1.375
2016-05-03,0.255,-2.3875000000000002,-1.395
2016-05-04,0.20499999999999999,-1.94,-1.175
2016-05-05,0.1525,-1.7275,-1.2075
2016-05-06,2.2499999999999999E-2,-1.575,-1.2075
2016-05-09,1.7500000000000002E-2,-1.2549999999999999,-1.0125
2016-05-10,7.4999999999999997E-3,-1.1525000000000001,-0.91249999999999998
2016-05-11,2.5000000000000001E-3,-1.2475000000000001,-0.92
2016-05-12,-7.0000000000000007E-2,-1.0974999999999999,-0.87250000000000005
2016-05-13,-0.21,-1.0974999999999999,-0.95250000000000001
2016-05-16,-0.38250000000000001,-0.80500000000000005,-0.88500000000000001
2016-05-17,-0.28000000000000003,-0.52,-0.44500000000000001
2016-05-18,-0.44500000000000001,-0.33,-0.40500000000000003
2016-05-19,-0.48499999999999999,-0.31,-0.39
2016-05-20,-0.44,-0.33750000000000002,-0.45500000000000002
2016-05-23,-0.51749999999999996,-0.41499999999999998,-0.45
2016-05-24,-0.54749999999999999,-0.32500000000000001,-0.43
2016-05-25,-0.57250000000000001,-0.28499999999999998,-0.47
2016-05-26,-1.075,-0.71,-1.6174999999999999
2016-05-27,-1.0674999999999999,-0.72,-1.605
2016-05-30,-1.0425,-0.68,-1.59
2016-05-31,-1.2324999999999999,-0.70499999999999996,-1.6775
2016-06-01,-1.27,-0.97250000000000003,-2.0575000000000001
2016-06-02,-1.2575000000000001,-1.0249999999999999,-2.3275000000000001
2016-06-03,-1.1025,-1.2150000000000001,-2.4049999999999998
2016-06-06,-1.1225000000000001,-1.1775,-2.4525000000000001
2016-06-07,-1.19,-1.145,-2.4424999999999999
2016-06-08,-1.3075000000000001,-1.2050000000000001,-2.4024999999999999
2016-06-09,-1.6325000000000001,-1.6425000000000001,-2.7749999999999999
2016-06-10,-2.4375,-1.9950000000000001,-3.4249999999999998
2016-06-13,-2.9550000000000001,-2.3650000000000002,-4.21
2016-06-14,-3.3424999999999998,-2.7225000000000001,-4.9950000000000001
2016-06-15,-2.9,-2.6575000000000002,-4.9000000000000004
2016-06-16,-3,-2.97,-4.8250000000000002
2016-06-17,-2.9275000000000002,-2.7650000000000001,-4.5149999999999997
2016-06-20,-2.4325000000000001,-2.6549999999999998,-4.3
2016-06-21,-2.57,-2.7,-4.165
2016-06-22,-2.6575000000000002,-2.9375,-4.6050000000000004
2016-06-23,-2.375,-2.2825000000000002,-4.0199999999999996
2016-06-24,-2.1974999999999998,-2.9,-4.18
2016-06-27,-2.2450000000000001,-2.93,-4.2649999999999997
2016-06-28,-1.5275000000000001,-2.14,-3.0175000000000001
2016-06-29,-1.325,-2.0049999999999999,-2.77
2016-06-30,-1.1850000000000001,-1.5024999999999999,-2.3774999999999999
2016-07-01,-1.1599999999999999,-1.3325,-2.0125000000000002
2016-07-04,-0.97,-1.31,-1.9275
2016-07-05,-0.9375,-1.7250000000000001,-2.2225000000000001
2016-07-06,-0.98750000000000004,-2.0024999999999999,-2.48
2016-07-07,-0.90500000000000003,-1.9475,-2.4300000000000002
2016-07-08,-0.83750000000000002,-2.06,-2.4824999999999999
2016-07-11,-0.67249999999999999,-1.4,-1.7224999999999999
2016-07-12,-0.61,-1.0249999999999999,-1.4750000000000001
2016-07-13,-0.54500000000000004,-1.125,-1.395
2016-07-14,-0.57999999999999996,-1.1499999999999999,-1.4175
2016-07-15,-0.68500000000000005,-1.2,-1.51
2016-07-18,-0.65,-1.1599999999999999,-1.49
2016-07-19,-0.65,-1.1125,-1.4325000000000001
2016-07-20,-0.67,-0.91249999999999998,-1.325
2016-07-21,-0.65749999999999997,-0.93500000000000005,-1.345
2016-07-22,-0.64500000000000002,-0.98250000000000004,-1.4450000000000001
2016-07-25,-0.59,-0.85750000000000004,-1.34
2016-07-26,-0.56000000000000005,-0.875,-1.375
2016-07-27,-0.51500000000000001,-0.67,-1.165
2016-07-28,-0.495,-0.625,-0.92
2016-07-29,-0.43,-1.19,-1.2849999999999999
2016-08-01,-0.4375,-1.31,-1.47
2016-08-02,-0.42,-1.5774999999999999,-1.6950000000000001
2016-08-03,-0.42499999999999999,-1.6,-1.66
2016-08-04,-0.46,-1.4650000000000001,-1.5249999999999999
2016-08-05,-0.44500000000000001,-1.4575,-1.5349999999999999
2016-08-08,-0.44,-1.29,-1.44
2016-08-09,-0.43,-1.18,-1.38
2016-08-10,-0.35,-1.2975000000000001,-1.42
2016-08-11,-0.32,-1.24,-1.38
2016-08-12,-0.33,-1.2949999999999999,-1.365
2016-08-15,-0.32500000000000001,-1.2050000000000001,-1.34
2016-08-16,-0.245,-1.8975,-1.5575000000000001
2016-08-17,-0.23250000000000001,-1.865,-1.5049999999999999
2016-08-18,-0.19750000000000001,-1.9924999999999999,-1.44
2016-08-19,-0.21249999999999999,-1.8625,-1.2849999999999999
2016-08-22,-0.2175,-1.0349999999999999,-0.65
2016-08-23,-0.22750000000000001,-0.96499999999999997,-0.78
2016-08-24,-0.27750000000000002,-0.58499999999999996,-0.33
2016-08-25,-0.34499999999999997,-0.36,-0.22
2016-08-26,-0.42499999999999999,-0.34749999999999998,-0.12
2016-08-29,-0.47,-1.2500000000000001E-2,-7.2499999999999995E-2
2016-08-30,-0.52500000000000002,0.13750000000000001,3.2500000000000001E-2
2016-08-31,-0.56000000000000005,0.24,1.4999999999999999E-2
2016-09-01,-0.54,0.17,2.5000000000000001E-3
2016-09-02,-0.56000000000000005,0.13,-1.2500000000000001E-2
2016-09-05,-0.56000000000000005,0.1,-9.7500000000000003E-2
2016-09-06,-0.56000000000000005,4.7500000000000001E-2,-0.11749999999999999
2016-09-07,-0.48,-2.75E-2,-0.11749999999999999
2016-09-08,-0.51749999999999996,5.0000000000000001E-3,-7.0000000000000007E-2
2016-09-09,-0.54,0.13250000000000001,-5.5E-2
2016-09-12,-0.62749999999999995,-0.105,-0.13500000000000001
2016-09-13,-0.57999999999999996,-0.42749999999999999,-0.47749999999999998
2016-09-14,-0.54,-0.3725,-0.40250000000000002
2016-09-15,-0.53749999999999998,-0.44,-0.47249999999999998
2016-09-16,-0.56499999999999995,-0.57250000000000001,-0.52500000000000002
2016-09-19,-0.5675,-0.64749999999999996,-0.82499999999999996
2016-09-20,-0.57499999999999996,-0.6925,-0.84
2016-09-21,-0.54500000000000004,-0.995,-0.97250000000000003
2016-09-22,-0.44750000000000001,-1.0475000000000001,-1.0649999999999999
2016-09-23,-0.46750000000000003,-1.0425,-1.0575000000000001
2016-09-26,-0.40749999999999997,-1.2949999999999999,-1.17
2016-09-27,-0.4325,-1.57,-1.395
2016-09-28,-0.48749999999999999,-1.54,-1.34
2016-09-29,-0.65,-1.0874999999999999,-1.2
2016-09-30,-0.76,-1.0900000000000001,-1.5024999999999999
2016-10-03,-0.74250000000000005,-0.99750000000000005,-1.21
2016-10-04,-0.69750000000000001,-0.66249999999999998,-0.99750000000000005
2016-10-05,-0.505,-0.47249999999999998,-0.73499999999999999
2016-10-06,-0.63249999999999995,-1.1975,-1.3525
2016-10-07,-0.73250000000000004,-1.4575,-1.51
2016-10-10,-0.65749999999999997,-1.5024999999999999,-1.51
2016-10-11,-0.72750000000000004,-1.5549999999999999,-1.51
2016-10-12,-0.88500000000000001,-1.5175000000000001,-1.7175
2016-10-13,-0.83750000000000002,-1.6575,-1.96
2016-10-14,-0.74750000000000005,-1.6575,-2.0049999999999999
2016-10-17,-0.62,-1.6475,-2.0625
2016-10-18,-0.5575,-1.635,-2.0175000000000001
2016-10-19,-0.495,-1.5175000000000001,-1.9850000000000001
2016-10-20,-0.44500000000000001,-1.4750000000000001,-1.9424999999999999
2016-10-21,-0.45250000000000001,-1.4575,-1.83
2016-10-24,-0.48499999999999999,-1.3975,-1.7849999999999999
2016-10-25,-0.41749999999999998,-1.2275,-1.5475000000000001
2016-10-26,-0.3175,-1.1225000000000001,-1.48
2016-10-27,-0.28499999999999998,-1.1499999999999999,-1.4850000000000001
2016-10-28,-4.4999999999999998E-2,-1.29,-1.36
2016-10-31,2.5000000000000001E-2,-1.2024999999999999,-1.34
2016-11-01,5.7500000000000002E-2,-1.675,-1.4924999999999999
2016-11-02,0.39250000000000002,-2.0575000000000001,-1.8125
2016-11-03,0.45500000000000002,-2.0924999999999998,-1.845
2016-11-04,1.0275000000000001,-2.0924999999999998,-1.7949999999999999
2016-11-07,0.92,-2.1025,-1.6950000000000001
2016-11-08,1.0449999999999999,-2.6850000000000001,-1.8425
2016-11-09,-0.23250000000000001,-1.5149999999999999,-1.6325000000000001
2016-11-10,-0.39,-1.1850000000000001,-1.51
2016-11-11,-0.51500000000000001,-1.3374999999999999,-1.48
2016-11-14,-0.72499999999999998,-1.2124999999999999,-1.52
2016-11-15,-0.72499999999999998,-1.38,-1.575
2016-11-16,-0.89,-1.375,-1.5774999999999999
2016-11-17,-0.95,-1.0874999999999999,-1.41
2016-11-18,-1.3149999999999999,-0.59499999999999997,-1.2575000000000001
2016-11-21,-1.145,-0.51,-1.1000000000000001
2016-11-22,-1.0049999999999999,-0.37,-1.155
2016-11-23,-1.2350000000000001,-0.245,-0.96
2016-11-24,-1.31,-0.11749999999999999,-0.83499999999999996
2016-11-25,-1.2825,-0.23499999999999999,-0.83250000000000002
2016-11-28,-1.2075,-0.46,-0.92
2016-11-29,-1.2925,-0.39500000000000002,-0.98499999999999999
2016-11-30,-1.2424999999999999,-0.44500000000000001,-0.98499999999999999
2016-12-01,-1.2424999999999999,-0.52500000000000002,-1.0425
2016-12-02,-1.2575000000000001,-0.58750000000000002,-1.155
2016-12-05,-1.04,-0.52749999999999997,-1.0349999999999999
2016-12-06,-1.05,-0.64500000000000002,-1.02
2016-12-07,-0.99250000000000005,-0.64249999999999996,-0.96750000000000003
2016-12-08,-0.91500000000000004,-0.83,-1.0325
2016-12-09,-1.3075000000000001,-0.86750000000000005,-1.1299999999999999
2016-12-12,-1.0125,-1.05,-1.105
2016-12-13,-0.96750000000000003,-1.0349999999999999,-1.0449999999999999
2016-12-14,-1.0475000000000001,-1.0674999999999999,-1.0525
2016-12-15,-1.2024999999999999,-0.81,-0.92500000000000004
2016-12-16,-1.1425000000000001,-0.90500000000000003,-0.95
2016-12-19,-1.2075,-1.0024999999999999,-1.0325
2016-12-20,-1.2175,-0.96250000000000002,-0.995
2016-12-21,-1.0449999999999999,-0.97,-0.95750000000000002
2016-12-22,-0.91749999999999998,-0.96750000000000003,-0.93
2016-12-23,-1.0049999999999999,-0.97499999999999998,-0.9325
2016-12-26,-0.88500000000000001,-0.92500000000000004,-0.94499999999999995
2016-12-27,-0.64,-0.88500000000000001,-0.9325
2016-12-28,-0.63749999999999996,-0.89500000000000002,-0.95
2016-12-29,-0.62749999999999995,-1.0475000000000001,-1.0275000000000001
2016-12-30,-0.4425,-1.04,-0.98250000000000004
2017-01-02,-0.41749999999999998,-1.0325,-0.98499999999999999
2017-01-03,-0.57750000000000001,-0.93500000000000005,-0.88749999999999996
2017-01-04,-0.52249999999999996,-0.83750000000000002,-0.92249999999999999
2017-01-05,-0.41499999999999998,-1.0149999999999999,-1.0049999999999999
2017-01-06,-0.40749999999999997,-0.86750000000000005,-0.90500000000000003
2017-01-09,-0.45750000000000002,-0.78249999999999997,-0.89749999999999996
2017-01-10,-0.44750000000000001,-0.89249999999999996,-0.87250000000000005
2017-01-11,-0.65749999999999997,-0.96750000000000003,-0.9
2017-01-12,-0.61250000000000004,-1.08,-0.89500000000000002
2017-01-13,-0.60750000000000004,-0.85750000000000004,-0.77
2017-01-16,-0.66,-0.88249999999999995,-0.82250000000000001
2017-01-17,-0.58750000000000002,-0.95250000000000001,-0.85499999999999998
2017-01-18,-0.59750000000000003,-0.76249999999999996,-0.77749999999999997
2017-01-19,-0.63249999999999995,-0.61750000000000005,-0.6825
2017-01-20,-0.62749999999999995,-0.56999999999999995,-0.58250000000000002
2017-01-23,-0.5675,-0.61750000000000005,-0.54500000000000004
2017-01-24,-0.52749999999999997,-0.53,-0.52249999999999996
2017-01-25,-0.495,-0.41499999999999998,-0.375
2017-01-26,-0.63249999999999995,-0.26250000000000001,-0.30499999999999999
2017-01-27,-0.7,-0.28749999999999998,-0.29749999999999999
2017-01-30,-0.75249999999999995,-0.44500000000000001,-0.745
2017-01-31,-0.49,-0.69750000000000001,-0.73750000000000004
2017-02-01,-0.48,-0.62250000000000005,-0.66749999999999998
2017-02-02,-0.39,-0.73499999999999999,-0.73250000000000004
2017-02-03,-0.435,-0.72250000000000003,-0.76249999999999996
2017-02-06,-0.5625,-0.69750000000000001,-0.75249999999999995
2017-02-07,-0.625,-0.57499999999999996,-0.71250000000000002
2017-02-08,-0.73,-0.58499999999999996,-0.75
2017-02-09,-0.69750000000000001,-0.5675,-0.71499999999999997
2017-02-10,-0.75,-0.38750000000000001,-0.6925
2017-02-13,-0.71499999999999997,-0.2225,-0.60499999999999998
2017-02-14,-0.66,-0.14000000000000001,-0.61499999999999999
2017-02-15,-0.65749999999999997,-0.1125,-0.56499999999999995
2017-02-16,-0.75,-0.14749999999999999,-0.67249999999999999
2017-02-17,-0.74,-0.29499999999999998,-0.97750000000000004
2017-02-20,-0.755,-0.34250000000000003,-0.95499999999999996
2017-02-21,-0.89,-0.30499999999999999,-1.0149999999999999
2017-02-22,-0.89500000000000002,-0.28249999999999997,-1.1475
2017-02-23,-0.85,-0.22500000000000001,-1.0525
2017-02-24,-0.83499999999999996,-0.17249999999999999,-1.06
2017-02-27,-0.80500000000000005,-0.26,-1.03
2017-02-28,-0.78749999999999998,-0.26500000000000001,-0.99
2017-03-01,-0.8,-0.1275,-0.76749999999999996
2017-03-02,-0.8125,-0.01,-0.72499999999999998
2017-03-03,-0.76249999999999996,-0.1,-0.6875
2017-03-06,-0.6,-0.21,-0.66
2017-03-07,-0.57499999999999996,-0.215,-0.69499999999999995
2017-03-08,-0.59750000000000003,-0.19,-0.72750000000000004
2017-03-09,-0.53500000000000003,-0.17,-0.73499999999999999
2017-03-10,-0.505,-0.19750000000000001,-0.61750000000000005
2017-03-13,-0.36749999999999999,-0.2475,-0.47249999999999998
2017-03-14,-0.40749999999999997,-0.26500000000000001,-0.52500000000000002
2017-03-15,-0.41,-0.315,-0.48
2017-03-16,-0.41,-0.35499999999999998,-0.40749999999999997
2017-03-17,-0.3175,-0.41,-0.39250000000000002
2017-03-20,-0.27250000000000002,-0.54749999999999999,-0.4325
2017-03-21,-0.185,-0.6875,-0.44750000000000001
2017-03-22,-0.17249999999999999,-1.0175000000000001,-0.83750000000000002
2017-03-23,-1.0874999999999999,-1.76,-2.3424999999999998
2017-03-24,-1.0175000000000001,-1.6274999999999999,-2.3975
2017-03-27,-0.87749999999999995,-1.5625,-2.4624999999999999
2017-03-28,-0.94750000000000001,-1.4025000000000001,-2.4275000000000002
2017-03-29,-1.04,-1.325,-2.2925
2017-03-30,-1.1000000000000001,-1.1225000000000001,-2.4375
2017-03-31,-1.1325000000000001,-1.1425000000000001,-2.4750000000000001
2017-04-03,-1.26,-1.0349999999999999,-2.4674999999999998
2017-04-04,-1.355,-1.0575000000000001,-2.4449999999999998
2017-04-05,-1.3774999999999999,-1.0575000000000001,-2.4449999999999998
2017-04-06,-3.23,-1.75,-4.67
2017-04-07,-3.5,-1.915,-4.62
2017-04-10,-3.6974999999999998,-1.905,-4.7450000000000001
2017-04-11,-3.81,-2.2675000000000001,-5.36
2017-04-12,-3.9649999999999999,-2.5950000000000002,-5.875
2017-04-13,-4.0350000000000001,-2.5449999999999999,-6.1475
2017-04-14,-3.92,-2.6924999999999999,-6.2249999999999996
2017-04-17,-4.12,-2.86,-6.35
2017-04-18,-4.125,-2.7025000000000001,-5.79
2017-04-19,-4.0774999999999997,-2.4049999999999998,-5.5750000000000002
2017-04-20,-3.9350000000000001,-2.3199999999999998,-5.1675000000000004
2017-04-21,-3.9449999999999998,-2.4350000000000001,-5.1725000000000003
2017-04-24,-1.3875,-1.115,-1.8149999999999999
2017-04-25,-0.92500000000000004,-0.99750000000000005,-1.5649999999999999
2017-04-26,-0.82250000000000001,-0.87,-1.2925
2017-04-27,-0.83499999999999996,-0.81499999999999995,-1.3825000000000001
2017-04-28,-0.89249999999999996,-0.89500000000000002,-1.6525000000000001
2017-05-01,-0.9325,-0.86499999999999999,-1.81
2017-05-02,-0.92,-0.95499999999999996,-1.84
2017-05-03,-0.93500000000000005,-0.92249999999999999,-1.8174999999999999
2017-05-04,-0.89249999999999996,-0.8175,-1.81
2017-05-05,-0.75749999999999995,-0.87,-1.7024999999999999
2017-05-08,0.105,-0.45250000000000001,-0.60750000000000004
2017-05-09,0.105,-0.23,-0.47
2017-05-10,0.105,-0.40250000000000002,-0.4375
2017-05-11,0.12,-0.4425,-0.495
2017-05-12,0.14000000000000001,-0.4975,-0.47499999999999998
2017-05-15,0.1825,-0.54500000000000004,-0.5
2017-05-16,0.25,-0.57750000000000001,-0.5
2017-05-17,0.33750000000000002,-1.1100000000000001,-0.66500000000000004
2017-05-18,0.32,-2.0299999999999998,-1.1675
2017-05-19,0.33250000000000002,-1.85,-1.2050000000000001
2017-05-22,0.27500000000000002,-1.4350000000000001,-0.98
2017-05-23,0.2,-1.4475,-0.95
2017-05-24,7.0000000000000007E-2,-1.3674999999999999,-0.89500000000000002
2017-05-25,0.01,-1.355,-0.90749999999999997
2017-05-26,-6.5000000000000002E-2,-1.5475000000000001,-0.9325
2017-05-29,-0.1075,-1.55,-0.92
2017-05-30,-0.245,-1.5674999999999999,-1.0375000000000001
2017-05-31,-0.13750000000000001,-1.4375,-1.0625
2017-06-01,-8.2500000000000004E-2,-1.3825000000000001,-0.98499999999999999
2017-06-02,2.5000000000000001E-3,-1.4175,-0.96750000000000003
2017-06-05,2.5000000000000001E-3,-1.3925000000000001,-0.97499999999999998
2017-06-06,1.7500000000000002E-2,-1.4875,-1.0249999999999999
2017-06-07,-3.7499999999999999E-2,-1.3825000000000001,-1.0349999999999999
2017-06-08,-1.2500000000000001E-2,-1.2350000000000001,-0.95750000000000002
2017-06-09,4.7500000000000001E-2,-1.0674999999999999,-0.99250000000000005
2017-06-12,5.5E-2,-1.05,-0.81499999999999995
2017-06-13,5.5E-2,-0.95250000000000001,-0.84499999999999997
2017-06-14,0.27,-1.0075000000000001,-0.81
2017-06-15,0.12,-0.82499999999999996,-0.72750000000000004
2017-06-16,9.5000000000000001E-2,-0.64749999999999996,-0.73750000000000004
2017-06-19,0.1075,-0.63500000000000001,-0.64500000000000002
2017-06-20,0.115,-0.64500000000000002,-0.60499999999999998
2017-06-21,0.09,-0.77249999999999996,-0.70750000000000002
2017-06-22,0.1075,-0.91500000000000004,-0.76
2017-06-23,0.13,-0.91,-0.72250000000000003
2017-06-26,0.16250000000000001,-0.90500000000000003,-0.71750000000000003
2017-06-27,0.33,-0.69750000000000001,-0.34749999999999998
2017-06-28,0.54,-0.83750000000000002,-0.21249999999999999
2017-06-29,0.44750000000000001,-0.82,-0.28000000000000003
2017-06-30,0.39250000000000002,-0.91,-0.23
2017-07-03,0.32,-0.83499999999999996,-0.34749999999999998
2017-07-04,0.26750000000000002,-0.86,-0.40250000000000002
2017-07-05,0.23749999999999999,-0.89,-0.46750000000000003
2017-07-06,0.25,-0.92500000000000004,-0.51249999999999996
2017-07-07,0.39,-0.82250000000000001,-0.46500000000000002
2017-07-10,0.36249999999999999,-0.77,-0.5
2017-07-11,0.39250000000000002,-0.88,-0.48
2017-07-12,0.38750000000000001,-1.1100000000000001,-0.45250000000000001
2017-07-13,0.32750000000000001,-1.075,-0.43
2017-07-14,0.29499999999999998,-1.0874999999999999,-0.5575
2017-07-17,0.27250000000000002,-1.0900000000000001,-0.51500000000000001
2017-07-18,0.35499999999999998,-1.165,-0.57750000000000001
2017-07-19,0.36249999999999999,-1.175,-0.57750000000000001
2017-07-20,0.40749999999999997,-1.155,-0.59250000000000003
2017-07-21,0.46500000000000002,-1.1575,-0.47499999999999998
2017-07-24,0.45500000000000002,-1.1025,-0.41749999999999998
2017-07-25,0.49249999999999999,-1.0449999999999999,-0.48
2017-07-26,0.53,-0.95,-0.375
2017-07-27,0.55500000000000005,-0.97499999999999998,-0.36749999999999999
2017-07-28,0.51249999999999996,-1.03,-0.39750000000000002
2017-07-31,0.50249999999999995,-1.075,-0.41
2017-08-01,0.46,-1.105,-0.41249999999999998
2017-08-02,0.44750000000000001,-1.07,-0.44
2017-08-03,0.41499999999999998,-1.05,-0.40500000000000003
2017-08-04,0.35,-0.91,-0.42
2017-08-07,0.30499999999999999,-0.82499999999999996,-0.48249999999999998
2017-08-08,0.3,-0.80500000000000005,-0.28999999999999998
2017-08-09,6.7500000000000004E-2,-1.1850000000000001,-0.8125
2017-08-10,-1.2500000000000001E-2,-1.4225000000000001,-1.1475
2017-08-11,0.21249999999999999,-1.5475000000000001,-1.1274999999999999
2017-08-14,2.5000000000000001E-2,-1.1975,-0.85250000000000004
2017-08-15,-0.01,-0.98499999999999999,-1.0175000000000001
2017-08-16,0.03,-0.89,-0.67249999999999999
2017-08-17,0.03,-0.97499999999999998,-0.73
2017-08-18,0.02,-1.19,-1.0825
2017-08-21,3.7499999999999999E-2,-1.2749999999999999,-1.1074999999999999
2017-08-22,5.5E-2,-1.1425000000000001,-0.85
2017-08-23,0.11,-1.0649999999999999,-0.88749999999999996
2017-08-24,0.17749999999999999,-1,-0.88
2017-08-25,0.19500000000000001,-0.93,-0.73750000000000004
2017-08-28,0.2,-0.88,-0.83
2017-08-29,0.255,-1.1299999999999999,-0.98
2017-08-30,0.1875,-0.88749999999999996,-0.80249999999999999
2017-08-31,0.17499999999999999,-0.97750000000000004,-0.82750000000000001
2017-09-01,0.20749999999999999,-0.92249999999999999,-0.80249999999999999
2017-09-04,0.215,-1.2175,-0.9375
2017-09-05,0.27,-1.3075000000000001,-1.0225
2017-09-06,0.29749999999999999,-1.3049999999999999,-0.98499999999999999
2017-09-07,0.36499999999999999,-1.4,-0.94750000000000001
2017-09-08,0.4325,-1.6575,-1.0525
2017-09-11,0.36249999999999999,-1.2250000000000001,-0.9
2017-09-12,0.34499999999999997,-0.96,-0.78249999999999997
2017-09-13,0.26750000000000002,-0.9,-0.75
2017-09-14,0.23250000000000001,-0.87250000000000005,-0.74250000000000005
2017-09-15,0.25,-0.83,-0.62
2017-09-18,0.245,-0.81,-0.59250000000000003
2017-09-19,0.27,-0.64,-0.52749999999999997
2017-09-20,0.30249999999999999,-0.64500000000000002,-0.49249999999999999
2017-09-21,0.29749999999999999,-0.64749999999999996,-0.53
2017-09-22,0.34499999999999997,-0.84,-0.60250000000000004
2017-09-25,0.28749999999999998,-0.86499999999999999,-0.59750000000000003
2017-09-26,0.27750000000000002,-1.07,-0.86499999999999999
2017-09-27,0.26,-1.2375,-0.87749999999999995
2017-09-28,0.28249999999999997,-1.615,-1.345
2017-09-29,0.28749999999999998,-1.635,-1.375
2017-10-02,0.30249999999999999,-1.69,-1.365
2017-10-03,0.28749999999999998,-1.5649999999999999,-1.31
2017-10-04,0.3125,-1.59,-1.2825
2017-10-05,0.37,-1.54,-1.2575000000000001
2017-10-06,0.36749999999999999,-1.5049999999999999,-1.2524999999999999
2017-10-09,0.3725,-1.5375000000000001,-1.2925
2017-10-10,0.495,-1.5375000000000001,-1.27
2017-10-11,0.55500000000000005,-1.4975000000000001,-1.2475000000000001
2017-10-12,0.52,-1.4950000000000001,-1.1725000000000001
2017-10-13,0.49249999999999999,-1.4850000000000001,-1.145
2017-10-16,0.4375,-1.3774999999999999,-1.135
2017-10-17,0.39500000000000002,-1.2749999999999999,-1.0375000000000001
2017-10-18,0.33500000000000002,-1.0249999999999999,-0.83250000000000002
2017-10-19,0.36,-1.0075000000000001,-0.84750000000000003
2017-10-20,0.35749999999999998,-0.86250000000000004,-0.75749999999999995
2017-10-23,0.35249999999999998,-0.63749999999999996,-0.54
2017-10-24,0.34749999999999998,-0.67749999999999999,-0.53249999999999997
2017-10-25,0.3725,-0.63749999999999996,-0.54249999999999998
2017-10-26,0.24249999999999999,-0.7,-0.57499999999999996
2017-10-27,2.5000000000000001E-3,-0.67500000000000004,-0.65
2017-10-30,2.2499999999999999E-2,-0.755,-0.69499999999999995
2017-10-31,4.7500000000000001E-2,-0.74,-0.70250000000000001
2017-11-01,7.0000000000000007E-2,-0.62749999999999995,-0.66249999999999998
2017-11-02,0.1575,-0.57999999999999996,-0.59
2017-11-03,8.5000000000000006E-2,-0.5625,-0.59250000000000003
2017-11-06,3.2500000000000001E-2,-0.51500000000000001,-0.60499999999999998
2017-11-07,-7.4999999999999997E-3,-0.51749999999999996,-0.56999999999999995
2017-11-08,-5.0000000000000001E-3,-0.59,-0.61499999999999999
2017-11-09,0.09,-0.745,-0.66
2017-11-10,0.13250000000000001,-0.83,-0.71
2017-11-13,0.1525,-0.83250000000000002,-0.70499999999999996
2017-11-14,0.38750000000000001,-0.8175,-0.67500000000000004
2017-11-15,0.52500000000000002,-1.0125,-0.64
2017-11-16,0.48249999999999998,-0.92500000000000004,-0.61750000000000005
2017-11-17,0.48499999999999999,-0.97,-0.63249999999999995
2017-11-20,0.41749999999999998,-0.95,-0.73750000000000004
2017-11-21,0.39,-0.81,-0.70250000000000001
2017-11-22,0.39,-0.875,-0.71250000000000002
2017-11-23,0.48,-0.89,-0.62749999999999995
2017-11-24,0.6,-0.83499999999999996,-0.54749999999999999
2017-11-27,0.72250000000000003,-0.79249999999999998,-0.53249999999999997
2017-11-28,0.60750000000000004,-0.755,-0.56000000000000005
2017-11-29,0.5675,-0.70250000000000001,-0.50249999999999995
2017-11-30,0.57250000000000001,-0.63249999999999995,-0.45750000000000002
2017-12-01,0.60499999999999998,-0.80500000000000005,-0.45
2017-12-04,0.57999999999999996,-0.64500000000000002,-0.375
2017-12-05,0.48,-0.65,-0.375
2017-12-06,0.44500000000000001,-0.69750000000000001,-0.41
2017-12-07,0.34250000000000003,-0.67749999999999999,-0.40749999999999997
2017-12-08,0.31,-0.64500000000000002,-0.41249999999999998
2017-12-11,0.3,-0.65,-0.42499999999999999
2017-12-12,0.27250000000000002,-0.65,-0.40250000000000002
2017-12-13,0.27750000000000002,-0.63500000000000001,-0.41
2017-12-14,0.21,-0.60750000000000004,-0.42
2017-12-15,0.1525,-0.61750000000000005,-0.4325
2017-12-18,0.14000000000000001,-0.52500000000000002,-0.41249999999999998
2017-12-19,0.13750000000000001,-0.52,-0.40500000000000003
2017-12-20,0.28749999999999998,-0.47,-0.34250000000000003
2017-12-21,0.32,-0.4375,-0.34499999999999997
2017-12-22,0.32500000000000001,-0.39,-0.33750000000000002
2017-12-25,0.31,-0.41,-0.33250000000000002
2017-12-26,0.33250000000000002,-0.38,-0.33750000000000002
2017-12-27,0.31,-0.39500000000000002,-0.34250000000000003
2017-12-28,0.36,-0.4,-0.32750000000000001
2017-12-29,0.40250000000000002,-0.44,-0.30249999999999999
2018-01-01,0.42,-0.45500000000000002,-0.28749999999999998
2018-01-02,0.44,-0.44,-0.25
2018-01-03,0.39500000000000002,-0.42499999999999999,-0.26250000000000001
2018-01-04,0.33750000000000002,-0.37,-0.26250000000000001
2018-01-05,0.28999999999999998,-0.33500000000000002,-0.24249999999999999
2018-01-08,0.2,-0.33500000000000002,-0.29499999999999998
2018-01-09,0.16250000000000001,-0.38500000000000001,-0.38500000000000001
2018-01-10,0.34749999999999998,-0.84,-0.51249999999999996
2018-01-11,0.46750000000000003,-0.78249999999999997,-0.46250000000000002
2018-01-12,0.63749999999999996,-0.84250000000000003,-0.3
2018-01-15,0.70750000000000002,-0.89,-0.24
2018-01-16,0.65249999999999997,-0.89,-0.32
2018-01-17,0.73499999999999999,-0.86250000000000004,-0.25750000000000001
2018-01-18,0.73750000000000004,-0.78249999999999997,-0.21
2018-01-19,0.63749999999999996,-0.89749999999999996,-0.38
2018-01-22,0.495,-0.83250000000000002,-0.39750000000000002
2018-01-23,0.49,-0.82,-0.39500000000000002
2018-01-24,0.57999999999999996,-1.05,-0.51749999999999996
2018-01-25,0.40500000000000003,-1.27,-0.49249999999999999
2018-01-26,0.30499999999999999,-1.2350000000000001,-0.52249999999999996
2018-01-29,0.16250000000000001,-1.2275,-0.51749999999999996
2018-01-30,0.16750000000000001,-1.1950000000000001,-0.59750000000000003
2018-01-31,0.17749999999999999,-1.0449999999999999,-0.54749999999999999
2018-02-01,0.2525,-0.98,-0.52
2018-02-02,0.26250000000000001,-0.93,-0.47
2018-02-05,-8.5000000000000006E-2,-1.53,-1.6375
2018-02-06,-0.34499999999999997,-1.94,-2.1800000000000002
2018-02-07,-0.46500000000000002,-1.99,-2.2650000000000001
2018-02-08,-0.52,-2.165,-2.5024999999999999
2018-02-09,-0.75749999999999995,-2.2650000000000001,-2.7275
2018-02-12,-0.77249999999999996,-2.1,-2.5150000000000001
2018-02-13,-0.62250000000000005,-2.0550000000000002,-2.4775
2018-02-14,-0.45500000000000002,-2.0049999999999999,-2.37
2018-02-15,-0.27750000000000002,-1.9550000000000001,-2.2675000000000001
2018-02-16,-0.28999999999999998,-1.82,-2.125
2018-02-19,-0.32500000000000001,-1.655,-2.0724999999999998
2018-02-20,-0.48,-1.4750000000000001,-2.0724999999999998
2018-02-21,-0.54,-1.35,-2.0674999999999999
2018-02-22,-0.55249999999999999,-1.385,-2.08
2018-02-23,-0.54500000000000004,-1.2250000000000001,-1.865
2018-02-26,-0.37,-1.17,-1.6924999999999999
2018-02-27,-0.3,-1.1000000000000001,-1.56
2018-02-28,-0.29749999999999999,-1.125,-1.605
2018-03-01,-0.28000000000000003,-1.2250000000000001,-1.6375
2018-03-02,-9.5000000000000001E-2,-1.57,-1.8025
2018-03-05,0.17,-1.4350000000000001,-1.3174999999999999
2018-03-06,0.23250000000000001,-1.28,-1.1950000000000001
2018-03-07,0.27750000000000002,-1.3,-1.1875
2018-03-08,0.22500000000000001,-1.1850000000000001,-1.1225000000000001
2018-03-09,0.16500000000000001,-0.94750000000000001,-1.0024999999999999
2018-03-12,0.19,-1.0125,-1
2018-03-13,0.19500000000000001,-0.92,-0.9
2018-03-14,0.2,-1.0075000000000001,-0.86
2018-03-15,0.215,-1.1575,-0.92749999999999999
2018-03-16,0.14249999999999999,-1.2050000000000001,-0.97
2018-03-19,0.16750000000000001,-1.1950000000000001,-0.96499999999999997
2018-03-20,0.15,-1.105,-0.89749999999999996
2018-03-21,0.1225,-1.0349999999999999,-0.88249999999999995
2018-03-22,0.155,-1.1399999999999999,-0.98499999999999999
2018-03-23,0.14499999999999999,-1.3,-1.115
2018-03-26,0.17499999999999999,-1.17,-0.99750000000000005
2018-03-27,0.17,-1.0549999999999999,-0.9
2018-03-28,0.14000000000000001,-0.86750000000000005,-0.88249999999999995
2018-03-29,0.13250000000000001,-0.86,-0.83499999999999996
2018-03-30,0.13750000000000001,-0.85750000000000004,-0.8125
2018-04-02,0.125,-0.83,-0.82750000000000001
2018-04-03,0.10249999999999999,-0.875,-0.82
2018-04-04,8.2500000000000004E-2,-0.85250000000000004,-0.76500000000000001
2018-04-05,4.4999999999999998E-2,-0.78249999999999997,-0.69
2018-04-06,-0.01,-0.78,-0.70750000000000002
2018-04-09,0.02,-0.77749999999999997,-0.64
2018-04-10,0.12,-0.78500000000000003,-0.62749999999999995
2018-04-11,0.17499999999999999,-0.79249999999999998,-0.59250000000000003
2018-04-12,0.16250000000000001,-0.76249999999999996,-0.62250000000000005
2018-04-13,0.1825,-0.7,-0.60499999999999998
2018-04-16,0.19,-0.74,-0.57250000000000001
2018-04-17,0.2,-0.745,-0.55500000000000005
2018-04-18,0.20499999999999999,-0.75249999999999995,-0.57250000000000001
2018-04-19,0.21,-0.76749999999999996,-0.57499999999999996
2018-04-20,0.14499999999999999,-0.75,-0.57750000000000001
2018-04-23,-5.0000000000000001E-3,-0.69750000000000001,-0.64249999999999996
2018-04-24,-0.15,-0.59499999999999997,-0.5675
2018-04-25,-0.24249999999999999,-0.62,-0.62749999999999995
2018-04-26,-0.3,-0.62,-0.64749999999999996
2018-04-27,-0.29499999999999998,-0.61750000000000005,-0.64749999999999996
2018-04-30,-0.27,-0.62,-0.64749999999999996
2018-05-01,-0.35499999999999998,-0.59499999999999997,-0.64249999999999996
2018-05-02,-0.4,-0.51249999999999996,-0.625
2018-05-03,-0.41,-0.66249999999999998,-0.80249999999999999
2018-05-04,-0.435,-0.72,-0.82750000000000001
2018-05-07,-0.41,-0.70250000000000001,-0.81499999999999995
2018-05-08,-0.48749999999999999,-0.75,-0.8125
2018-05-09,-0.505,-0.59499999999999997,-0.78749999999999998
2018-05-10,-0.37,-0.56499999999999995,-0.76249999999999996
2018-05-11,-0.27250000000000002,-0.54749999999999999,-0.70499999999999996
2018-05-14,-0.26500000000000001,-0.54,-0.72750000000000004
2018-05-15,-0.35499999999999998,-0.42249999999999999,-0.6875
2018-05-16,-0.55500000000000005,-0.4325,-0.86250000000000004
2018-05-17,-0.60750000000000004,-0.41749999999999998,-0.8075
2018-05-18,-0.60499999999999998,-0.39,-0.8125
2018-05-21,-0.6825,-0.42,-0.88249999999999995
2018-05-22,-0.65500000000000003,-0.48499999999999999,-0.93
2018-05-23,-0.71750000000000003,-0.91,-1.345
2018-05-24,-0.65,-1.02,-1.4025000000000001
2018-05-25,-0.65500000000000003,-0.995,-1.4724999999999999
2018-05-28,-0.65749999999999997,-0.97,-1.49
2018-05-29,-0.82750000000000001,-1.1599999999999999,-1.8225
2018-05-30,-0.87749999999999995,-1.22,-1.92
2018-05-31,-0.71750000000000003,-1.1399999999999999,-1.675
2018-06-01,-0.55500000000000005,-0.86,-1.2725
2018-06-04,-0.40500000000000003,-0.80500000000000005,-1.1525000000000001
2018-06-05,-0.35749999999999998,-0.81,-1.0900000000000001
2018-06-06,-0.11,-0.79,-0.95
2018-06-07,-9.5000000000000001E-2,-0.84750000000000003,-1.085
2018-06-08,-0.27,-1.125,-1.4850000000000001
2018-06-11,-0.35,-1.0425,-1.3374999999999999
2018-06-12,-0.41749999999999998,-0.89749999999999996,-1.2675000000000001
2018-06-13,-0.435,-0.72,-1.1475
2018-06-14,-0.56999999999999995,-0.76,-1.22
2018-06-15,-0.76500000000000001,-0.74750000000000005,-1.3574999999999999
2018-06-18,-0.82250000000000001,-0.86499999999999999,-1.4125000000000001
2018-06-19,-0.875,-1.31,-1.8374999999999999
2018-06-20,-0.76500000000000001,-1.115,-1.6425000000000001
2018-06-21,-0.78749999999999998,-1.2124999999999999,-1.7275
2018-06-22,-0.77249999999999996,-1.1399999999999999,-1.6525000000000001
2018-06-25,-0.75749999999999995,-1.3025,-1.8274999999999999
2018-06-26,-0.75249999999999995,-1.2450000000000001,-1.7925
2018-06-27,-0.73499999999999999,-1.1675,-1.7424999999999999
2018-06-28,-0.8075,-1.145,-1.7775000000000001
2018-06-29,-0.66500000000000004,-0.97499999999999998,-1.4524999999999999
2018-07-02,-0.69750000000000001,-0.97,-1.4775
2018-07-03,-0.67249999999999999,-0.92,-1.4125000000000001
2018-07-04,-0.66749999999999998,-0.93,-1.4175
2018-07-05,-0.6,-0.97,-1.4225000000000001
2018-07-06,-0.4425,-0.91,-1.3125
2018-07-09,-0.40500000000000003,-0.76,-1.1425000000000001
2018-07-10,-0.47,-0.52749999999999997,-0.95499999999999996
2018-07-11,-0.59,-0.56000000000000005,-0.97250000000000003
2018-07-12,-0.62749999999999995,-0.46,-0.92500000000000004
2018-07-13,-0.68,-0.45750000000000002,-0.96
2018-07-16,-0.66249999999999998,-0.45250000000000001,-0.92749999999999999
2018-07-17,-0.63249999999999995,-0.4375,-0.90749999999999997
2018-07-18,-0.66249999999999998,-0.44750000000000001,-0.875
2018-07-19,-0.67,-0.59,-1
2018-07-20,-0.54749999999999999,-0.95,-1.2424999999999999
2018-07-23,-0.46250000000000002,-1.1525000000000001,-1.37
2018-07-24,-0.47249999999999998,-1.1100000000000001,-1.34
2018-07-25,-0.46500000000000002,-1.0725,-1.3374999999999999
2018-07-26,-0.38750000000000001,-1.1325000000000001,-1.3125
2018-07-27,-0.41499999999999998,-1.1475,-1.3474999999999999
2018-07-30,-0.39500000000000002,-1.2424999999999999,-1.4075
2018-07-31,-0.37,-0.80249999999999999,-1.0325
2018-08-01,-0.38250000000000001,-0.72750000000000004,-0.97750000000000004
2018-08-02,-0.495,-0.89500000000000002,-1.2075
2018-08-03,-0.6875,-0.83750000000000002,-1.23
2018-08-06,-0.8125,-0.84499999999999997,-1.3049999999999999
2018-08-07,-0.79,-0.82499999999999996,-1.32
2018-08-08,-0.75,-0.90500000000000003,-1.3825000000000001
2018-08-09,-0.85,-0.94,-1.4175
2018-08-10,-1.2024999999999999,-1.2725,-1.9350000000000001
2018-08-13,-1.2925,-1.5049999999999999,-2.2650000000000001
2018-08-14,-1.2375,-1.2175,-2.0150000000000001
2018-08-15,-1.2275,-1.27,-2.165
2018-08-16,-0.90500000000000003,-1.2150000000000001,-2.0099999999999998
2018-08-17,-0.81499999999999995,-1.2649999999999999,-2.02
2018-08-20,-0.65500000000000003,-1.21,-1.9350000000000001
2018-08-21,-0.55500000000000005,-1.19,-1.6625000000000001
2018-08-22,-0.54249999999999998,-1.1675,-1.65
2018-08-23,-0.76500000000000001,-1.0249999999999999,-1.63
2018-08-24,-0.71750000000000003,-0.95250000000000001,-1.59
2018-08-27,-0.69499999999999995,-0.94750000000000001,-1.53
2018-08-28,-0.64500000000000002,-0.85,-1.355
2018-08-29,-0.71499999999999997,-0.79,-1.4
2018-08-30,-0.8,-0.9325,-1.6625000000000001
2018-08-31,-0.995,-1.0249999999999999,-1.9475
2018-09-03,-1.0549999999999999,-1.0149999999999999,-1.9624999999999999
2018-09-04,-1.1775,-1.0049999999999999,-1.9924999999999999
2018-09-05,-1.05,-1,-1.9475
2018-09-06,-0.96,-1.03,-1.8774999999999999
2018-09-07,-0.97499999999999998,-1.1375,-2.0225
2018-09-10,-0.9,-1.0900000000000001,-1.8975
2018-09-11,-0.87,-1.0349999999999999,-1.8075000000000001
2018-09-12,-0.71250000000000002,-0.83,-1.6425000000000001
2018-09-13,-0.64,-0.78249999999999997,-1.5125
2018-09-14,-0.67249999999999999,-0.75749999999999995,-1.45
2018-09-17,-0.68,-0.71499999999999997,-1.4475
2018-09-18,-0.66500000000000004,-0.63500000000000001,-1.345
2018-09-19,-0.64749999999999996,-0.61,-1.2675000000000001
2018-09-20,-0.4425,-0.57250000000000001,-1.2175
2018-09-21,-0.4975,-0.54500000000000004,-1.17
2018-09-24,-0.51749999999999996,-0.59499999999999997,-1.2150000000000001
2018-09-25,-0.53249999999999997,-0.56999999999999995,-1.175
2018-09-26,-0.50749999999999995,-0.55249999999999999,-1.125
2018-09-27,-0.61750000000000005,-0.5675,-1.155
2018-09-28,-0.66,-0.50749999999999995,-1.2
2018-10-01,-0.66249999999999998,-0.4425,-1.1599999999999999
2018-10-02,-0.79,-0.54500000000000004,-1.39
2018-10-03,-0.76249999999999996,-0.56000000000000005,-1.3725000000000001
2018-10-04,-0.72750000000000004,-0.67500000000000004,-1.4950000000000001
2018-10-05,-0.69,-0.68500000000000005,-1.4650000000000001
2018-10-08,-0.77500000000000002,-0.82,-1.6325000000000001
2018-10-09,-0.83250000000000002,-0.86250000000000004,-1.7175
2018-10-10,-0.77,-0.96499999999999997,-1.7549999999999999
2018-10-11,-0.64749999999999996,-1.125,-1.7749999999999999
2018-10-12,-0.64500000000000002,-1.1074999999999999,-1.7725
2018-10-15,-0.63500000000000001,-1.1325000000000001,-1.8025
2018-10-16,-0.61,-0.96750000000000003,-1.6025
2018-10-17,-0.66500000000000004,-0.86,-1.4875
2018-10-18,-0.82499999999999996,-0.8175,-1.5149999999999999
2018-10-19,-0.85750000000000004,-0.83,-1.5349999999999999
2018-10-22,-0.8,-0.81,-1.4975000000000001
2018-10-23,-0.79249999999999998,-0.90249999999999997,-1.5874999999999999
2018-10-24,-0.89249999999999996,-0.9325,-1.66
2018-10-25,-0.755,-1.0874999999999999,-1.7424999999999999
2018-10-26,-0.86,-1.2825,-1.8825000000000001
2018-10-29,-0.875,-1.2224999999999999,-1.8325
2018-10-30,-0.88,-1.1599999999999999,-1.8125
2018-10-31,-0.83750000000000002,-1.03,-1.68
2018-11-01,-0.66,-0.99750000000000005,-1.5774999999999999
2018-11-02,-0.625,-0.94499999999999995,-1.4924999999999999
2018-11-05,-0.62,-0.91,-1.4375
2018-11-06,-0.53500000000000003,-0.84250000000000003,-1.3625
2018-11-07,-0.39,-0.8175,-1.2949999999999999
2018-11-08,-0.44,-0.75,-1.2375
2018-11-09,-0.52,-0.63,-1.21
2018-11-12,-0.6925,-0.65500000000000003,-1.2925
2018-11-13,-0.60750000000000004,-0.70499999999999996,-1.325
2018-11-14,-0.54500000000000004,-0.77,-1.3374999999999999
2018-11-15,-0.71499999999999997,-0.93500000000000005,-1.68
2018-11-16,-0.58750000000000002,-1.05,-1.6725000000000001
2018-11-19,-0.56000000000000005,-0.97499999999999998,-1.5575000000000001
2018-11-20,-0.62749999999999995,-0.98250000000000004,-1.5525
2018-11-21,-0.59750000000000003,-0.95250000000000001,-1.6
2018-11-22,-0.50749999999999995,-0.91749999999999998,-1.4924999999999999
2018-11-23,-0.56999999999999995,-0.90749999999999997,-1.49
2018-11-26,-0.53749999999999998,-0.86499999999999999,-1.4125000000000001
2018-11-27,-0.53249999999999997,-0.82,-1.3325
2018-11-28,-0.48,-0.74,-1.2875000000000001
2018-11-29,-0.42749999999999999,-0.78249999999999997,-1.2549999999999999
2018-11-30,-0.4425,-0.78749999999999998,-1.2050000000000001
2018-12-03,-0.39500000000000002,-0.71499999999999997,-1.1525000000000001
2018-12-04,-0.43,-0.76500000000000001,-1.1625000000000001
2018-12-05,-0.40500000000000003,-0.74250000000000005,-1.135
2018-12-06,-0.245,-0.95250000000000001,-1.2925
2018-12-07,-0.22500000000000001,-0.9325,-1.24
2018-12-10,-0.22500000000000001,-0.9375,-1.2649999999999999
2018-12-11,-0.27500000000000002,-0.95,-1.2675000000000001
2018-12-12,-0.19,-0.89,-1.1875
2018-12-13,-0.1825,-0.79,-1.1325000000000001
2018-12-14,-0.28499999999999998,-0.83250000000000002,-1.1375
2018-12-17,-0.26500000000000001,-0.96,-1.2324999999999999
2018-12-18,-0.21,-1.18,-1.32
2018-12-19,-0.14499999999999999,-1.1425000000000001,-1.2975000000000001
2018-12-20,-7.7499999999999999E-2,-1.4550000000000001,-1.4325000000000001
2018-12-21,-3.5000000000000003E-2,-1.665,-1.53
2018-12-24,-0.02,-1.75,-1.6174999999999999
2018-12-25,-0.2225,-1.75,-1.6274999999999999
2018-12-26,-0.01,-1.7925,-1.6875
2018-12-27,1.7500000000000002E-2,-1.9575,-1.75
2018-12-28,3.5000000000000003E-2,-1.94,-1.65
2018-12-31,3.7499999999999999E-2,-1.91,-1.6525000000000001
2019-01-01,3.5000000000000003E-2,-1.9175,-1.6575
2019-01-02,-2.2499999999999999E-2,-1.71,-1.5825
2019-01-03,-0.10249999999999999,-2.0499999999999998,-1.9350000000000001
2019-01-04,-4.4999999999999998E-2,-1.8474999999999999,-1.7725
2019-01-07,-2.75E-2,-1.53,-1.45
2019-01-08,-0.02,-1.33,-1.2849999999999999
2019-01-09,3.7499999999999999E-2,-1.4650000000000001,-1.3374999999999999
2019-01-10,6.25E-2,-1.5049999999999999,-1.3274999999999999
2019-01-11,2.75E-2,-1.48,-1.3075000000000001
2019-01-14,-4.4999999999999998E-2,-1.4624999999999999,-1.3325
2019-01-15,-0.1275,-1.355,-1.3725000000000001
2019-01-16,-0.1525,-1.33,-1.3825000000000001
2019-01-17,-0.11,-1.22,-1.2975000000000001
2019-01-18,-0.10249999999999999,-1.1125,-1.2075
2019-01-21,-0.10249999999999999,-1.1625000000000001,-1.2450000000000001
2019-01-22,-0.155,-1.1499999999999999,-1.25
2019-01-23,-0.155,-1.085,-1.19
2019-01-24,-0.255,-1.0525,-1.1825000000000001
2019-01-25,-0.23749999999999999,-1.0375000000000001,-1.19
2019-01-28,-0.1525,-1.0275000000000001,-1.17
2019-01-29,-0.14000000000000001,-1.0625,-1.175
2019-01-30,-0.08,-1.04,-1.1375
2019-01-31,4.7500000000000001E-2,-1.105,-1.0575000000000001
2019-02-01,-0.01,-0.90249999999999997,-0.93500000000000005
2019-02-04,-5.5E-2,-0.86499999999999999,-0.92
2019-02-05,-0.115,-0.85499999999999998,-0.91749999999999998
2019-02-06,-0.15,-0.875,-0.94750000000000001
2019-02-07,-0.255,-0.90749999999999997,-1.0774999999999999
2019-02-08,-0.30499999999999999,-0.96,-1.175
2019-02-11,-0.46250000000000002,-0.88500000000000001,-1.19
2019-02-12,-0.45250000000000001,-0.84250000000000003,-1.1599999999999999
2019-02-13,-0.48499999999999999,-0.82,-1.1200000000000001
2019-02-14,-0.51,-0.88,-1.1675
2019-02-15,-0.51,-0.94499999999999995,-1.19
2019-02-18,-0.46,-0.92500000000000004,-1.175
2019-02-19,-0.38250000000000001,-0.87749999999999995,-1.1299999999999999
2019-02-20,-0.37,-0.89500000000000002,-1.1399999999999999
2019-02-21,-0.35749999999999998,-0.91249999999999998,-1.1200000000000001
2019-02-22,-0.34499999999999997,-0.83250000000000002,-1.0674999999999999
2019-02-25,-0.33500000000000002,-0.8075,-1.0425
2019-02-26,-0.28749999999999998,-0.88500000000000001,-1.1325000000000001
2019-02-27,-0.29249999999999998,-0.96,-1.1924999999999999
2019-02-28,-0.30249999999999999,-0.90500000000000003,-1.1675
2019-03-01,-0.28249999999999997,-0.83499999999999996,-1.1000000000000001
2019-03-04,-0.28749999999999998,-0.8175,-1.0649999999999999
2019-03-05,-0.27750000000000002,-0.73499999999999999,-1.0225
2019-03-06,-0.28999999999999998,-0.78749999999999998,-1.0024999999999999
2019-03-07,-0.38500000000000001,-0.83499999999999996,-1.0900000000000001
2019-03-08,-0.35,-1.06,-1.345
2019-03-11,-0.31,-1.0475000000000001,-1.2849999999999999
2019-03-12,-0.28499999999999998,-1.0549999999999999,-1.2150000000000001
2019-03-13,-0.14499999999999999,-0.91500000000000004,-1.0925
2019-03-14,-0.13250000000000001,-0.86,-1.03
2019-03-15,-5.5E-2,-0.8,-0.96
2019-03-18,-4.2500000000000003E-2,-0.78500000000000003,-0.91500000000000004
2019-03-19,-2.5000000000000001E-3,-0.82,-0.91249999999999998
2019-03-20,0.06,-0.97499999999999998,-1.0049999999999999
2019-03-21,-0.43,-1.145,-1.5325
2019-03-22,-0.39,-1.4,-1.7450000000000001
2019-03-25,-0.33250000000000002,-1.2925,-1.5874999999999999
2019-03-26,-0.29749999999999999,-1.1575,-1.5075000000000001
2019-03-27,-0.34250000000000003,-1.1850000000000001,-1.62
2019-03-28,-0.42749999999999999,-1.3325,-1.7775000000000001
2019-03-29,-0.375,-1.3049999999999999,-1.6950000000000001
2019-04-01,-0.33750000000000002,-1.1575,-1.5225
2019-04-02,-0.315,-1.085,-1.53
2019-04-03,-0.25,-1.03,-1.4675
2019-04-04,-0.24249999999999999,-1,-1.4125000000000001
2019-04-05,-0.23,-0.98499999999999999,-1.325
2019-04-08,-0.23749999999999999,-1.0325,-1.405
2019-04-09,-0.16,-1.05,-1.3425
2019-04-10,-5.5E-2,-1.0249999999999999,-1.3075000000000001
2019-04-11,-2.75E-2,-0.9375,-1.165
2019-04-12,0.04,-0.80500000000000005,-0.99750000000000005
2019-04-15,7.2499999999999995E-2,-0.84499999999999997,-0.96499999999999997
2019-04-16,6.7500000000000004E-2,-0.85,-0.94499999999999995
2019-04-17,7.4999999999999997E-2,-0.81499999999999995,-0.92500000000000004
2019-04-18,3.2500000000000001E-2,-0.81499999999999995,-0.95750000000000002
2019-04-19,0.01,-0.83499999999999996,-0.97499999999999998
2019-04-22,-2.5000000000000001E-2,-0.84250000000000003,-0.98499999999999999
2019-04-23,-0.16,-0.86,-1.05
2019-04-24,-0.435,-0.92500000000000004,-1.2375
2019-04-25,-0.55249999999999999,-1.0649999999999999,-1.385
2019-04-26,-0.42749999999999999,-1.08,-1.365
2019-04-29,-0.35,-1.0625,-1.33
2019-04-30,-0.23499999999999999,-1.1499999999999999,-1.355
2019-05-01,-0.21249999999999999,-1.1325000000000001,-1.3474999999999999
2019-05-02,-0.3175,-1.0349999999999999,-1.2825
2019-05-03,-0.35499999999999998,-1.1100000000000001,-1.3325
2019-05-06,-0.36499999999999999,-1.3425,-1.55
2019-05-07,-0.35,-1.405,-1.575
2019-05-08,-0.34250000000000003,-1.54,-1.7050000000000001
2019-05-09,-0.28999999999999998,-1.9025000000000001,-1.9575
2019-05-10,-0.23499999999999999,-1.8574999999999999,-1.83
2019-05-13,-0.21,-2.1225000000000001,-1.9650000000000001
2019-05-14,-0.23749999999999999,-1.9025000000000001,-1.8274999999999999
2019-05-15,-0.2,-1.8825000000000001,-1.835
2019-05-16,-0.20749999999999999,-1.6225000000000001,-1.6575
2019-05-17,-0.27,-1.5149999999999999,-1.63
2019-05-20,-0.26,-1.5249999999999999,-1.6074999999999999
2019-05-21,-0.24,-1.3774999999999999,-1.4325000000000001
2019-05-22,-0.23749999999999999,-1.3925000000000001,-1.415
2019-05-23,-0.20499999999999999,-1.6425000000000001,-1.5375000000000001
2019-05-24,-0.185,-1.6025,-1.47
2019-05-27,-0.17499999999999999,-1.6125,-1.4575
2019-05-28,-0.16,-1.4875,-1.36
2019-05-29,-0.1125,-1.58,-1.4724999999999999
2019-05-30,-0.1225,-1.5425,-1.4325000000000001
2019-05-31,-6.7500000000000004E-2,-1.825,-1.7324999999999999
2019-06-03,7.0000000000000007E-2,-1.895,-1.7275
2019-06-04,0.32500000000000001,-1.7975000000000001,-1.4750000000000001
2019-06-05,0.40749999999999997,-1.6425000000000001,-1.3049999999999999
2019-06-06,0.375,-1.5375000000000001,-1.1924999999999999
2019-06-07,0.42499999999999999,-1.3875,-1.01
2019-06-10,0.49,-1.3374999999999999,-0.97499999999999998
2019-06-11,0.39750000000000002,-1.3274999999999999,-0.97
2019-06-12,0.27750000000000002,-1.3574999999999999,-1.0125
2019-06-13,0.19750000000000001,-1.32,-1.0325
2019-06-14,0.14749999999999999,-1.3325,-1.0449999999999999
2019-06-17,0.155,-1.3274999999999999,-1.0549999999999999
2019-06-18,0.14749999999999999,-1.3225,-1.1475
2019-06-19,0.19750000000000001,-1.2925,-1.0925
2019-06-20,0.29499999999999998,-1.2825,-1.0049999999999999
2019-06-21,0.38750000000000001,-1.2275,-0.91
2019-06-24,0.44500000000000001,-1.1924999999999999,-0.86499999999999999
2019-06-25,0.42249999999999999,-1.2075,-0.91
2019-06-26,0.30249999999999999,-1.1575,-0.93500000000000005
2019-06-27,0.29499999999999998,-1.1325000000000001,-0.89249999999999996
2019-06-28,0.38500000000000001,-1.1399999999999999,-0.85
2019-07-01,0.29749999999999999,-1.0475000000000001,-0.82750000000000001
2019-07-02,0.25750000000000001,-1.03,-0.8175
2019-07-03,0.255,-1.06,-0.84499999999999997
2019-07-04,0.26,-1.0575000000000001,-0.84
2019-07-05,0.2175,-0.99750000000000005,-0.8075
2019-07-08,0.2175,-0.97499999999999998,-0.78
2019-07-09,0.19,-0.97499999999999998,-0.79249999999999998
2019-07-10,0.24,-0.9375,-0.75249999999999995
2019-07-11,0.29499999999999998,-0.99750000000000005,-0.77
2019-07-12,0.33250000000000002,-0.96750000000000003,-0.79500000000000004
2019-07-15,0.35499999999999998,-0.94499999999999995,-0.79249999999999998
2019-07-16,0.33500000000000002,-0.96,-0.81
2019-07-17,0.3,-1.0249999999999999,-0.85
2019-07-18,0.34,-1.1775,-0.9375
2019-07-19,0.35,-1.1924999999999999,-0.9375
2019-07-22,0.33,-1.1200000000000001,-0.87749999999999995
2019-07-23,0.185,-1.0475000000000001,-0.85750000000000004
2019-07-24,0.01,-1.0725,-0.90749999999999997
2019-07-25,-3.7499999999999999E-2,-1.01,-0.91
2019-07-26,-4.2500000000000003E-2,-0.94,-0.84499999999999997
2019-07-29,-6.5000000000000002E-2,-0.98,-0.88500000000000001
2019-07-30,-9.7500000000000003E-2,-1.0549999999999999,-0.98250000000000004
2019-07-31,-0.19,-0.98499999999999999,-0.98750000000000004
2019-08-01,-0.41,-1.4,-1.335
2019-08-02,-0.32250000000000001,-1.7024999999999999,-1.6525000000000001
2019-08-05,-5.2499999999999998E-2,-1.9750000000000001,-1.8525
2019-08-06,2.75E-2,-1.73,-1.33
2019-08-07,0.14249999999999999,-1.91,-1.4375
2019-08-08,0.16500000000000001,-1.7549999999999999,-1.4424999999999999
2019-08-09,0.1525,-1.825,-1.53
2019-08-12,0.16,-1.885,-1.5825
2019-08-13,0.1275,-1.5525,-1.3725000000000001
2019-08-14,0.08,-1.88,-1.6475
2019-08-15,-0.04,-1.8975,-1.73
2019-08-16,-0.17,-1.6725000000000001,-1.6274999999999999
2019-08-19,-0.19,-1.57,-1.4575
2019-08-20,-0.24,-1.6174999999999999,-1.5024999999999999
2019-08-21,-0.26500000000000001,-1.59,-1.5125
2019-08-22,-0.32250000000000001,-1.58,-1.5249999999999999
2019-08-23,-7.4999999999999997E-2,-1.9350000000000001,-1.7424999999999999
2019-08-26,0.01,-1.9,-1.64
2019-08-27,-0.01,-1.7749999999999999,-1.5525
2019-08-28,-0.11,-1.73,-1.5475000000000001
2019-08-29,-0.30249999999999999,-1.6625000000000001,-1.5774999999999999
2019-08-30,-0.41749999999999998,-1.6950000000000001,-1.62
2019-09-02,-0.45500000000000002,-1.6675,-1.6225000000000001
2019-09-03,-0.43,-1.7175,-1.62
2019-09-04,-0.10249999999999999,-1.54,-1.4075
2019-09-05,-5.5E-2,-1.5349999999999999,-1.35
2019-09-06,-7.2499999999999995E-2,-1.5874999999999999,-1.3325
2019-09-09,-7.0000000000000007E-2,-1.51,-1.3325
2019-09-10,-7.4999999999999997E-2,-1.43,-1.2625
2019-09-11,-0.1925,-1.4225000000000001,-1.355
2019-09-12,-0.17499999999999999,-1.38,-1.3025
2019-09-13,-3.5000000000000003E-2,-1.35,-1.2075
2019-09-16,-0.03,-1.45,-1.2450000000000001
2019-09-17,-2.75E-2,-1.4325000000000001,-1.22
2019-09-18,-0.02,-1.43,-1.2024999999999999
2019-09-19,-1.4999999999999999E-2,-1.5049999999999999,-1.2350000000000001
2019-09-20,-1.4999999999999999E-2,-1.5249999999999999,-1.2175
2019-09-23,-4.7500000000000001E-2,-1.605,-1.34
2019-09-24,-3.7499999999999999E-2,-1.62,-1.36
2019-09-25,-4.2500000000000003E-2,-1.625,-1.37
2019-09-26,-0.13,-1.55,-1.4
2019-09-27,-0.16,-1.5049999999999999,-1.375
2019-09-30,-0.2225,-1.5,-1.375
2019-10-01,-0.1225,-1.4850000000000001,-1.33
2019-10-02,0.04,-1.5249999999999999,-1.4750000000000001
2019-10-03,9.5000000000000001E-2,-1.49,-1.43
2019-10-04,0.1125,-1.36,-1.3875
2019-10-07,0.11749999999999999,-1.325,-1.32
2019-10-08,0.1,-1.28,-1.2849999999999999
2019-10-09,0.1125,-1.25,-1.2450000000000001
2019-10-10,0.14749999999999999,-1.1499999999999999,-1.17
2019-10-11,0.2225,-1.1200000000000001,-1.0125
2019-10-14,0.20250000000000001,-1.1200000000000001,-1.0249999999999999
2019-10-15,0.20250000000000001,-1.105,-0.98499999999999999
2019-10-16,0.2225,-1.085,-0.91
2019-10-17,0.30249999999999999,-1.0349999999999999,-0.83499999999999996
2019-10-18,0.36499999999999999,-1.0449999999999999,-0.8
2019-10-21,0.36499999999999999,-1.05,-0.76
2019-10-22,0.35499999999999998,-0.97499999999999998,-0.78500000000000003
2019-10-23,0.26250000000000001,-0.98499999999999999,-0.78249999999999997
2019-10-24,0.245,-0.96,-0.79500000000000004
2019-10-25,0.23,-0.92,-0.69750000000000001
2019-10-28,0.20749999999999999,-0.82499999999999996,-0.75
2019-10-29,0.22500000000000001,-0.78500000000000003,-0.68
2019-10-30,0.24,-0.73,-0.6875
2019-10-31,0.28499999999999998,-0.995,-0.77249999999999996
2019-11-01,0.28749999999999998,-0.96499999999999997,-0.78500000000000003
2019-11-04,0.3,-0.93,-0.8
2019-11-05,0.21,-0.7,-0.7
2019-11-06,0.15,-0.7,-0.7
2019-11-07,0.15,-0.67500000000000004,-0.70499999999999996
2019-11-08,0.115,-0.67,-0.67500000000000004
2019-11-11,0.1275,-0.73,-0.72250000000000003
2019-11-12,0.14249999999999999,-0.75,-0.72499999999999998
2019-11-13,0.125,-0.82,-0.76
2019-11-14,0.17,-0.92500000000000004,-0.90500000000000003
2019-11-15,0.27,-0.95,-0.82750000000000001
2019-11-18,0.3075,-0.94499999999999995,-0.85499999999999998
2019-11-19,0.33,-0.95,-0.86499999999999999
2019-11-20,0.32750000000000001,-1.05,-0.92749999999999999
2019-11-21,0.32250000000000001,-1.1000000000000001,-0.97
2019-11-22,0.29249999999999998,-1.1000000000000001,-0.97
2019-11-25,0.28999999999999998,-1,-0.94499999999999995
2019-11-26,0.22750000000000001,-0.92,-0.84499999999999997
2019-11-27,0.22,-0.82750000000000001,-0.79500000000000004
2019-11-28,0.215,-0.81,-0.8
2019-11-29,0.14000000000000001,-0.67,-0.745
2019-12-02,0.25750000000000001,-0.76249999999999996,-0.75
2019-12-03,0.27750000000000002,-0.98499999999999999,-0.74
2019-12-04,0.28000000000000003,-1.01,-0.78500000000000003
2019-12-05,0.31,-1.0575000000000001,-0.82499999999999996
2019-12-06,0.26250000000000001,-1.115,-0.84
2019-12-09,0.24249999999999999,-1.1225000000000001,-0.81499999999999995
2019-12-10,0.245,-1.1850000000000001,-0.83
2019-12-11,0.27500000000000002,-1.2075,-0.86250000000000004
2019-12-12,0.26,-1.1074999999999999,-0.81
2019-12-13,0.29249999999999998,-1,-0.74750000000000005
2019-12-16,0.29499999999999998,-0.95,-0.7
2019-12-17,0.26,-0.91,-0.71
2019-12-18,0.22,-0.9,-0.66500000000000004
2019-12-19,0.19750000000000001,-0.90249999999999997,-0.64249999999999996
2019-12-20,0.17249999999999999,-0.9,-0.65
2019-12-23,0.1925,-0.88,-0.625
2019-12-24,0.19500000000000001,-0.85750000000000004,-0.64
2019-12-25,0.19,-0.85750000000000004,-0.64
2019-12-26,0.1925,-0.88,-0.64
2019-12-27,0.22750000000000001,-0.91500000000000004,-0.63249999999999995
2019-12-30,0.42249999999999999,-0.96499999999999997,-0.63
2019-12-31,0.41,-1.075,-0.66500000000000004
2020-01-01,0.41,-1.115,-0.66500000000000004
2020-01-02,0.35249999999999998,-1.0549999999999999,-0.67
2020-01-03,0.22750000000000001,-1.2925,-0.83499999999999996
2020-01-06,0.23749999999999999,-1.1499999999999999,-0.875
2020-01-07,0.21249999999999999,-1.0449999999999999,-0.75
2020-01-08,0.22750000000000001,-1.0149999999999999,-0.75249999999999995
2020-01-09,0.23250000000000001,-0.96,-0.65500000000000003
2020-01-10,0.25,-0.91249999999999998,-0.63
2020-01-13,0.3075,-0.77500000000000002,-0.54749999999999999
2020-01-14,0.32,-0.73750000000000004,-0.49
2020-01-15,0.34499999999999997,-0.77,-0.48499999999999999
2020-01-16,0.37,-0.7,-0.4
2020-01-17,0.35,-0.65,-0.38750000000000001
2020-01-20,0.33,-0.6825,-0.39500000000000002
2020-01-21,0.32250000000000001,-0.97499999999999998,-0.56999999999999995
2020-01-22,0.34499999999999997,-0.97,-0.65500000000000003
2020-01-23,0.26,-1.2224999999999999,-0.77500000000000002
2020-01-24,0.245,-1.2150000000000001,-0.8125
2020-01-27,0.23499999999999999,-1.4,-0.85
2020-01-28,0.20250000000000001,-1.34,-0.92500000000000004
2020-01-29,0.2475,-1.21,-0.85250000000000004
2020-01-30,0.27500000000000002,-1.4450000000000001,-0.99
2020-01-31,0.40749999999999997,-1.5175000000000001,-0.94750000000000001
2020-02-03,0.50249999999999995,-1.48,-0.96
2020-02-04,0.46,-1.2350000000000001,-0.8175
2020-02-05,0.4425,-1.1825000000000001,-0.72
2020-02-06,0.32500000000000001,-1.075,-0.76500000000000001
2020-02-07,0.28249999999999997,-1.165,-0.84499999999999997
2020-02-10,0.14000000000000001,-1.1625000000000001,-0.90249999999999997
2020-02-11,7.4999999999999997E-2,-1.075,-0.83750000000000002
2020-02-12,6.25E-2,-1.0249999999999999,-0.83250000000000002
2020-02-13,-0.17499999999999999,-1.125,-0.9
2020-02-14,-0.27250000000000002,-1.1325000000000001,-0.94499999999999995
2020-02-17,-0.28249999999999997,-1.07,-0.94
2020-02-18,-0.27500000000000002,-1.0349999999999999,-0.93500000000000005
2020-02-19,-0.29249999999999998,-0.52,-0.72499999999999998
2020-02-20,-0.23,-0.41499999999999998,-0.54
2020-02-21,-0.13750000000000001,-0.6825,-0.66500000000000004
2020-02-24,-0.15,-1.24,-0.96750000000000003
2020-02-25,-6.25E-2,-1.3174999999999999,-0.94
2020-02-26,0.16250000000000001,-1.375,-0.94750000000000001
2020-02-27,0.495,-1.6025,-0.90500000000000003
2020-02-28,0.61250000000000004,-2.395,-1.415
2020-03-02,0.755,-2.64,-1.4475
2020-03-03,0.8075,-2.6675,-1.51
2020-03-04,0.65749999999999997,-2.2475000000000001,-1.25
2020-03-05,0.82499999999999996,-2.77,-1.4524999999999999
2020-03-06,1.83,-4.0975000000000001,-1.845
2020-03-09,2.895,-7.62,-4.29
2020-03-10,2.1025,-7.38,-4.12
2020-03-11,2.1924999999999999,-7.88,-4.6449999999999996
2020-03-12,0.53249999999999997,-8.6300000000000008,-6.2949999999999999
2020-03-13,0.3125,-8.2149999999999999,-6.1749999999999998
2020-03-16,0.39750000000000002,-9.3249999999999993,-7.1574999999999998
2020-03-17,-6.5000000000000002E-2,-9.1199999999999992,-6.9974999999999996
2020-03-18,-1.375,-8.8674999999999997,-7.3525
2020-03-19,-2.915,-6.6574999999999998,-6.96
2020-03-20,-2.9525000000000001,-6.1325000000000003,-6.5449999999999999
2020-03-23,-2.6974999999999998,-5.52,-6.14
2020-03-24,-1.6625000000000001,-4.4050000000000002,-4.7699999999999996
2020-03-25,-1.415,-4.0549999999999997,-4.3174999999999999
2020-03-26,-0.72750000000000004,-5.2,-4.99
2020-03-27,-0.66,-5.23,-5.41
2020-03-30,-0.73250000000000004,-4.8425000000000002,-4.99
2020-03-31,-0.59750000000000003,-4.3025000000000002,-4.16
2020-04-01,-0.69750000000000001,-4.2649999999999997,-4.4275000000000002
2020-04-02,-0.8175,-3.9624999999999999,-4.3125
2020-04-03,-1.01,-3.6150000000000002,-4.4124999999999996
2020-04-06,-0.85,-3.3424999999999998,-4.09
2020-04-07,-0.54749999999999999,-3.2749999999999999,-3.83
2020-04-08,-0.42749999999999999,-3.4175,-3.8025000000000002
2020-04-09,-0.3725,-3.2850000000000001,-3.6349999999999998
2020-04-10,-0.3,-3.31,-3.6124999999999998
2020-04-13,-0.315,-3.5649999999999999,-3.7774999999999999
2020-04-14,-0.24,-3.21,-3.5625
2020-04-15,-0.51249999999999996,-2.8075000000000001,-3.4375
2020-04-16,-0.74,-2.6025,-3.3075000000000001
2020-04-17,-0.94,-2.4950000000000001,-3.29
2020-04-20,-0.91500000000000004,-2.36,-3.1524999999999999
2020-04-21,-0.99750000000000005,-2.38,-3.2349999999999999
2020-04-22,-1.0225,-2.2250000000000001,-3.0950000000000002
2020-04-23,-1.02,-1.99,-2.9624999999999999
2020-04-24,-1.0449999999999999,-1.97,-2.99
2020-04-27,-0.91249999999999998,-1.87,-2.9125000000000001
2020-04-28,-0.63749999999999996,-1.7849999999999999,-2.67
2020-04-29,-0.57750000000000001,-1.59,-2.2799999999999998
2020-04-30,-0.4975,-1.37,-1.8525
2020-05-01,-0.48499999999999999,-1.54,-1.86
2020-05-04,-0.56999999999999995,-1.7024999999999999,-2.0425
2020-05-05,-0.87250000000000005,-1.5649999999999999,-2.085
2020-05-06,-0.89749999999999996,-1.3975,-1.9350000000000001
2020-05-07,-0.77749999999999997,-1.2875000000000001,-1.85
2020-05-08,-0.64249999999999996,-1.145,-1.7124999999999999
2020-05-11,-0.6,-1.07,-1.6025
2020-05-12,-0.41249999999999998,-1.1074999999999999,-1.5125
2020-05-13,-0.4325,-1.2075,-1.4075
2020-05-14,-0.46750000000000003,-1.2450000000000001,-1.4475
2020-05-15,-0.46,-1.2175,-1.4424999999999999
2020-05-18,-0.3125,-1.1499999999999999,-1.385
2020-05-19,-0.125,-1.1025,-1.3075000000000001
2020-05-20,-3.7499999999999999E-2,-1.1525000000000001,-1.2350000000000001
2020-05-21,7.4999999999999997E-3,-1.21,-1.2524999999999999
2020-05-22,-0.09,-1.2775000000000001,-1.3374999999999999
2020-05-25,-7.4999999999999997E-2,-1.2749999999999999,-1.3125
2020-05-26,4.2500000000000003E-2,-1.175,-1.1924999999999999
2020-05-27,0.1,-1.085,-1.1100000000000001
2020-05-28,0.19,-1.075,-1.08
2020-05-29,0.185,-1.3225,-1.2124999999999999
2020-06-01,0.20749999999999999,-1.2375,-1.1599999999999999
2020-06-02,0.26,-0.97499999999999998,-1
2020-06-03,0.22750000000000001,-0.83750000000000002,-0.90500000000000003
2020-06-04,0.16750000000000001,-0.86750000000000005,-0.96
2020-06-05,0.28000000000000003,-0.81499999999999995,-0.88500000000000001
2020-06-08,0.20499999999999999,-1.0549999999999999,-0.98499999999999999
2020-06-09,0.22750000000000001,-1.5149999999999999,-1.2975000000000001
2020-06-10,0.47,-1.83,-1.5249999999999999
2020-06-11,1.4999999999999999E-2,-1.825,-1.635
2020-06-12,-0.32500000000000001,-1.7275,-1.925
2020-06-15,-0.28000000000000003,-1.6775,-1.8825000000000001
2020-06-16,-0.19750000000000001,-1.425,-1.7224999999999999
2020-06-17,-0.19500000000000001,-1.36,-1.6425000000000001
2020-06-18,-0.19750000000000001,-1.425,-1.625
2020-06-19,-0.15,-1.3149999999999999,-1.5649999999999999
2020-06-22,-0.125,-1.2150000000000001,-1.4924999999999999
2020-06-23,0.16,-1.175,-1.3425
2020-06-24,8.7499999999999994E-2,-1.07,-1.0325
2020-06-25,0.05,-0.96,-0.995
2020-06-26,7.2499999999999995E-2,-0.89749999999999996,-0.93500000000000005
2020-06-29,0.1575,-0.82499999999999996,-0.89249999999999996
2020-06-30,0.27250000000000002,-0.64249999999999996,-0.64500000000000002
2020-07-01,0.31,-0.65500000000000003,-0.47249999999999998
2020-07-02,0.39250000000000002,-0.61,-0.44750000000000001
2020-07-03,0.39250000000000002,-0.56999999999999995,-0.42249999999999999
2020-07-06,0.46250000000000002,-0.56999999999999995,-0.4325
2020-07-07,0.32750000000000001,-0.57250000000000001,-0.45750000000000002
2020-07-08,0.34,-0.57750000000000001,-0.41
2020-07-09,0.33750000000000002,-0.625,-0.48
2020-07-10,0.3075,-0.74250000000000005,-0.52249999999999996
2020-07-13,0.34499999999999997,-0.71499999999999997,-0.5
2020-07-14,0.33750000000000002,-0.6875,-0.47749999999999998
2020-07-15,0.2175,-0.67249999999999999,-0.4975
2020-07-16,0.20499999999999999,-0.64749999999999996,-0.50749999999999995
2020-07-17,0.2,-0.68500000000000005,-0.48749999999999999
2020-07-20,0.17749999999999999,-0.60499999999999998,-0.4375
2020-07-21,0.23250000000000001,-0.65249999999999997,-0.3775
2020-07-22,0.34499999999999997,-0.74,-0.3775
2020-07-23,0.33,-0.80500000000000005,-0.3775
2020-07-24,0.3175,-1.2949999999999999,-0.65749999999999997
2020-07-27,0.62,-1.7050000000000001,-0.77249999999999996
2020-07-28,0.51749999999999996,-1.5075000000000001,-0.69750000000000001
2020-07-29,0.54500000000000004,-1.4624999999999999,-0.62749999999999995
2020-07-30,0.55000000000000004,-1.2275,-0.5575
2020-07-31,0.64249999999999996,-1.2024999999999999,-0.50249999999999995
2020-08-03,0.64,-1.2175,-0.50249999999999995
2020-08-04,0.64500000000000002,-1.1425000000000001,-0.55249999999999999
2020-08-05,0.82,-1.2749999999999999,-0.52749999999999997
2020-08-06,0.70250000000000001,-1.2350000000000001,-0.49249999999999999
2020-08-07,0.56999999999999995,-1.0249999999999999,-0.50749999999999995
2020-08-10,0.49249999999999999,-0.96499999999999997,-0.4975
2020-08-11,0.48249999999999998,-0.86499999999999999,-0.48749999999999999
2020-08-12,0.5,-0.83499999999999996,-0.52500000000000002
2020-08-13,0.64249999999999996,-0.84499999999999997,-0.4975
2020-08-14,0.62,-0.88500000000000001,-0.53249999999999997
2020-08-17,0.625,-0.92749999999999999,-0.54249999999999998
2020-08-18,0.71,-1.1100000000000001,-0.59
2020-08-19,0.66749999999999998,-1.0449999999999999,-0.58750000000000002
2020-08-20,0.625,-0.98499999999999999,-0.54749999999999999
2020-08-21,0.39500000000000002,-1.02,-0.61750000000000005
2020-08-24,0.47499999999999998,-0.94499999999999995,-0.59499999999999997
2020-08-25,0.46,-0.91,-0.55000000000000004
2020-08-26,0.46500000000000002,-0.92500000000000004,-0.53249999999999997
2020-08-27,0.44,-0.94499999999999995,-0.53500000000000003
2020-08-28,0.61499999999999999,-1.3374999999999999,-0.71499999999999997
2020-08-31,0.64500000000000002,-1.2549999999999999,-0.67
2020-09-01,0.61750000000000005,-1.075,-0.57750000000000001
2020-09-02,0.46500000000000002,-0.98499999999999999,-0.58250000000000002
2020-09-03,0.42,-1.07,-0.64
2020-09-04,0.35499999999999998,-1.1000000000000001,-0.66249999999999998
2020-09-07,0.35249999999999998,-1.07,-0.67749999999999999
2020-09-08,0.26750000000000002,-1.18,-0.8175
2020-09-09,0.29249999999999998,-1.1274999999999999,-0.9325
2020-09-10,0.46500000000000002,-1.0649999999999999,-0.85250000000000004
2020-09-11,0.39,-1.07,-0.84250000000000003
2020-09-14,0.38250000000000001,-1.105,-0.85750000000000004
2020-09-15,0.44,-1.22,-0.88749999999999996
2020-09-16,0.41499999999999998,-1.27,-0.96250000000000002
2020-09-17,0.38750000000000001,-1.2050000000000001,-0.91749999999999998
2020-09-18,0.3775,-1.23,-0.90749999999999997
2020-09-21,0.105,-1.2725,-0.99750000000000005
2020-09-22,1.7500000000000002E-2,-1.05,-0.90749999999999997
2020-09-23,-0.02,-0.97750000000000004,-0.91249999999999998
2020-09-24,-1.7500000000000002E-2,-0.98,-0.92749999999999999
2020-09-25,1.7500000000000002E-2,-0.95,-0.86750000000000005
2020-09-28,7.2499999999999995E-2,-0.92500000000000004,-0.82499999999999996
2020-09-29,0.30499999999999999,-0.88,-0.76500000000000001
2020-09-30,0.39,-0.84,-0.64500000000000002
2020-10-01,0.42499999999999999,-0.79749999999999999,-0.65500000000000003
2020-10-02,0.40749999999999997,-1.3425,-0.98499999999999999
2020-10-05,0.39250000000000002,-1.2625,-0.96
2020-10-06,0.42499999999999999,-1.2450000000000001,-0.93500000000000005
2020-10-07,0.42,-1.19,-0.85250000000000004
2020-10-08,0.39250000000000002,-1.1274999999999999,-0.83
2020-10-09,0.4375,-1.1399999999999999,-0.84499999999999997
2020-10-12,0.44500000000000001,-1.155,-0.83
2020-10-13,0.42749999999999999,-1.1950000000000001,-0.83750000000000002
2020-10-14,0.36499999999999999,-1.2050000000000001,-0.84750000000000003
2020-10-15,0.19750000000000001,-1.2,-1.0249999999999999
2020-10-16,0.19500000000000001,-1.18,-1.0325
2020-10-19,0.28000000000000003,-1.2,-1.0349999999999999
2020-10-20,0.375,-1.145,-0.98
2020-10-21,0.44500000000000001,-1.29,-1.085
2020-10-22,0.4325,-1.21,-1.04
2020-10-23,0.4325,-1.175,-0.97
2020-10-26,0.35499999999999998,-1.175,-1.0149999999999999
2020-10-27,0.1825,-1.25,-1.27
2020-10-28,-0.17249999999999999,-1.5175000000000001,-1.4550000000000001
2020-10-29,-0.19500000000000001,-1.4175,-1.7250000000000001
2020-10-30,-7.0000000000000007E-2,-1.4275,-1.68
2020-11-02,-5.7500000000000002E-2,-1.43,-1.7124999999999999
2020-11-03,0.11,-1.4075,-1.625
2020-11-04,0.14749999999999999,-1.1399999999999999,-1.2275
2020-11-05,0.2475,-1.1775,-1.115
2020-11-06,0.32,-1.1200000000000001,-1.0225
2020-11-09,0.28999999999999998,-0.84250000000000003,-0.81
2020-11-10,0.22500000000000001,-0.95250000000000001,-0.89
2020-11-11,0.09,-0.88249999999999995,-0.85499999999999998
2020-11-12,0.1,-0.98250000000000004,-0.91
2020-11-13,9.7500000000000003E-2,-1.0325,-0.98
2020-11-16,0.1125,-0.97750000000000004,-0.95
2020-11-17,0.17499999999999999,-1.0525,-0.96
2020-11-18,0.21,-1.0325,-0.93
2020-11-19,0.18,-0.96250000000000002,-0.90500000000000003
2020-11-20,0.19500000000000001,-0.88749999999999996,-0.84499999999999997
2020-11-23,0.20749999999999999,-0.72250000000000003,-0.74
2020-11-24,0.21,-0.67749999999999999,-0.67500000000000004
2020-11-25,0.28749999999999998,-0.63749999999999996,-0.6
2020-11-26,0.32,-0.63249999999999995,-0.56000000000000005
2020-11-27,0.34,-0.64249999999999996,-0.59
2020-11-30,0.3725,-0.59499999999999997,-0.53
2020-12-01,0.42499999999999999,-0.61499999999999999,-0.36499999999999999
2020-12-02,0.48499999999999999,-0.56499999999999995,-0.22
2020-12-03,0.52500000000000002,-0.74,-0.375
2020-12-04,0.51,-0.78500000000000003,-0.37
2020-12-07,0.24,-0.76,-0.43
2020-12-08,0.18,-0.75,-0.44500000000000001
2020-12-09,0.19,-0.69,-0.39500000000000002
2020-12-10,0.11,-0.67,-0.42
2020-12-11,-2.5000000000000001E-3,-0.73499999999999999,-0.77
2020-12-14,4.4999999999999998E-2,-0.79,-0.69499999999999995
2020-12-15,1.4999999999999999E-2,-0.79,-0.69
2020-12-16,0.215,-0.79,-0.67
2020-12-17,0.28249999999999997,-0.81,-0.61
2020-12-18,0.28249999999999997,-0.82499999999999996,-0.59
2020-12-21,2.75E-2,-0.82750000000000001,-0.68
2020-12-22,2.75E-2,-0.77249999999999996,-0.64
2020-12-23,7.4999999999999997E-3,-0.745,-0.63
2020-12-24,2.75E-2,-0.72,-0.61499999999999999
2020-12-25,2.5000000000000001E-2,-0.71499999999999997,-0.61499999999999999
2020-12-28,4.2500000000000003E-2,-0.72,-0.60499999999999998
2020-12-29,0.115,-0.72,-0.61499999999999999
2020-12-30,0.28249999999999997,-0.79500000000000004,-0.6
2020-12-31,0.27250000000000002,-0.80500000000000005,-0.53500000000000003
2021-01-01,0.28249999999999997,-0.8,-0.53500000000000003
2021-01-04,0.32250000000000001,-0.82,-0.53500000000000003
2021-01-05,0.29249999999999998,-0.83,-0.55000000000000004
2021-01-06,0.27,-0.76500000000000001,-0.47499999999999998
2021-01-07,0.19500000000000001,-0.55500000000000005,-0.38
2021-01-08,0.08,-0.46500000000000002,-0.42
2021-01-11,-7.4999999999999997E-2,-0.42,-0.435
2021-01-12,-5.2499999999999998E-2,-0.5,-0.46500000000000002
2021-01-13,-0.115,-0.55000000000000004,-0.49
2021-01-14,-0.12,-0.47,-0.54500000000000004
2021-01-15,-0.13,-0.45500000000000002,-0.55000000000000004
2021-01-18,-0.15,-0.56000000000000005,-0.67500000000000004
2021-01-19,-1.7500000000000002E-2,-0.51,-0.56000000000000005
2021-01-20,1.4999999999999999E-2,-0.495,-0.55000000000000004
2021-01-21,7.7499999999999999E-2,-0.49,-0.55000000000000004
2021-01-22,0.1075,-0.46500000000000002,-0.51500000000000001
2021-01-25,7.4999999999999997E-2,-0.46,-0.5
2021-01-26,3.2500000000000001E-2,-0.44,-0.51
2021-01-27,-0.105,-0.3,-0.46500000000000002
2021-01-28,-0.1525,-0.27,-0.54249999999999998
2021-01-29,-0.08,-0.24,-0.51749999999999996
2021-02-01,-0.17749999999999999,-0.3,-0.55249999999999999
2021-02-02,-0.28249999999999997,-0.28999999999999998,-0.59750000000000003
2021-02-03,-0.29749999999999999,-0.28000000000000003,-0.61499999999999999
2021-02-04,-0.28749999999999998,-0.20499999999999999,-0.56000000000000005
2021-02-05,-0.17749999999999999,-0.19500000000000001,-0.55249999999999999
2021-02-08,-6.7500000000000004E-2,-0.28999999999999998,-0.53249999999999997
2021-02-09,0.1,-0.42,-0.5625
2021-02-10,0.16,-0.32500000000000001,-0.50249999999999995
2021-02-11,8.7499999999999994E-2,-0.31,-0.51249999999999996
2021-02-12,0.08,-0.245,-0.53249999999999997
2021-02-15,7.2499999999999995E-2,-0.15,-0.42249999999999999
2021-02-16,5.2499999999999998E-2,5.0000000000000001E-3,-0.33750000000000002
2021-02-17,-0.02,-9.5000000000000001E-2,-0.42749999999999999
2021-02-18,-3.5000000000000003E-2,-0.185,-0.4375
2021-02-19,-1.2500000000000001E-2,-0.255,-0.42749999999999999
2021-02-22,-3.5000000000000003E-2,-0.46,-0.53249999999999997
2021-02-23,7.4999999999999997E-3,-0.40500000000000003,-0.59250000000000003
2021-02-24,-0.01,-0.25,-0.57250000000000001
2021-02-25,7.2499999999999995E-2,-0.22750000000000001,-0.51749999999999996
2021-02-26,-0.27,-0.23250000000000001,-0.67
2021-03-01,-0.2175,-0.20749999999999999,-0.53
2021-03-02,5.0000000000000001E-3,-0.22750000000000001,-0.44500000000000001
2021-03-03,-1.2500000000000001E-2,-0.2,-0.42499999999999999
2021-03-04,-0.19500000000000001,-0.1075,-0.54749999999999999
2021-03-05,-0.27,-0.11,-0.5575
2021-03-08,-0.34250000000000003,-7.7499999999999999E-2,-0.57250000000000001
2021-03-09,-0.33250000000000002,-0.17249999999999999,-0.5575
2021-03-10,-0.21249999999999999,-0.2225,-0.46
2021-03-11,-0.125,-0.24249999999999999,-0.47
2021-03-12,-0.17,-0.17,-0.46
2021-03-15,-0.19750000000000001,-0.1125,-0.44
2021-03-16,-0.2225,-0.12,-0.47749999999999998
2021-03-17,-0.14000000000000001,-9.2499999999999999E-2,-0.41249999999999998
2021-03-18,-0.16750000000000001,-0.125,-0.45750000000000002
2021-03-19,-0.19750000000000001,-0.15,-0.52
2021-03-22,-0.1825,-0.14499999999999999,-0.55000000000000004
2021-03-23,-0.22750000000000001,-0.38,-0.745
2021-03-24,-0.32750000000000001,-0.40250000000000002,-0.92249999999999999
2021-03-25,-0.32250000000000001,-0.34250000000000003,-0.91
2021-03-26,-0.29249999999999998,-0.14749999999999999,-0.76
2021-03-29,-0.27500000000000002,-0.14749999999999999,-0.76
2021-03-30,-0.2475,-8.2500000000000004E-2,-0.755
2021-03-31,-0.1575,-7.2499999999999995E-2,-0.6875
2021-04-01,-0.09,-0.11,-0.62
2021-04-02,-0.02,-0.12,-0.625
2021-04-05,-0.01,-0.16500000000000001,-0.59499999999999997
2021-04-06,5.2499999999999998E-2,-0.32,-0.625
2021-04-07,0.1125,-0.39500000000000002,-0.57999999999999996
2021-04-08,9.7500000000000003E-2,-0.435,-0.61499999999999999
2021-04-09,0.1075,-0.39500000000000002,-0.59
2021-04-12,8.5000000000000006E-2,-0.40250000000000002,-0.58499999999999996
2021-04-13,7.4999999999999997E-2,-0.4,-0.54749999999999999
2021-04-14,0.115,-0.46500000000000002,-0.55000000000000004
2021-04-15,0.13,-0.41,-0.54500000000000004
2021-04-16,0.13250000000000001,-0.40500000000000003,-0.52749999999999997
2021-04-19,0.17749999999999999,-0.48,-0.50749999999999995
2021-04-20,0.155,-0.49,-0.53
2021-04-21,0.1225,-0.495,-0.52
2021-04-22,0.1225,-0.50249999999999995,-0.52500000000000002
2021-04-23,0.14249999999999999,-0.53249999999999997,-0.5
2021-04-26,0.1275,-0.49,-0.51500000000000001
2021-04-27,7.7499999999999999E-2,-0.33,-0.46500000000000002
2021-04-28,6.25E-2,-0.19,-0.38750000000000001
2021-04-29,7.2499999999999995E-2,-5.5E-2,-0.26250000000000001
2021-04-30,3.5000000000000003E-2,-0.05,-0.255
2021-05-03,2.5000000000000001E-2,-3.5000000000000003E-2,-0.26500000000000001
2021-05-04,1.2500000000000001E-2,-0.1,-0.27500000000000002
2021-05-05,1.7500000000000002E-2,-0.14000000000000001,-0.26
2021-05-06,0.10249999999999999,-0.15,-0.23499999999999999
2021-05-07,0.2525,-0.245,-0.16
2021-05-10,0.26750000000000002,-0.27500000000000002,-0.21
2021-05-11,0.25750000000000001,-0.36,-0.2225
2021-05-12,0.1875,-0.215,-0.21
2021-05-13,0.13750000000000001,-0.215,-0.255
2021-05-14,0.14749999999999999,-0.22,-0.245
2021-05-17,0.1525,-0.245,-0.255
2021-05-18,0.23250000000000001,-0.245,-0.24
2021-05-19,0.20749999999999999,-0.33,-0.23499999999999999
2021-05-20,0.20250000000000001,-0.30499999999999999,-0.245
2021-05-21,0.1575,-0.28499999999999998,-0.23749999999999999
2021-05-24,0.14749999999999999,-0.27,-0.22750000000000001
2021-05-25,0.1875,-0.27,-0.20250000000000001
2021-05-26,0.1275,-0.27,-0.2475
2021-05-27,8.5000000000000006E-2,-0.12,-0.20250000000000001
2021-05-28,-7.4999999999999997E-3,-0.11,-0.22750000000000001
2021-05-31,-2.5000000000000001E-3,-0.1125,-0.2225
2021-06-01,5.2499999999999998E-2,-0.125,-0.2175
2021-06-02,2.5000000000000001E-3,-0.105,-0.20250000000000001
2021-06-03,-2.5000000000000001E-3,-4.2500000000000003E-2,-0.19500000000000001
2021-06-04,2.5000000000000001E-2,-7.2499999999999995E-2,-0.19500000000000001
2021-06-07,0.01,-7.2499999999999995E-2,-0.1925
2021-06-08,1.2500000000000001E-2,-7.0000000000000007E-2,-0.185
2021-06-09,-2.5000000000000001E-3,-0.12,-0.21249999999999999
2021-06-10,-1.2500000000000001E-2,-0.10249999999999999,-0.21
2021-06-11,-7.2499999999999995E-2,-9.7500000000000003E-2,-0.23499999999999999
2021-06-14,-9.2499999999999999E-2,-0.1075,-0.22500000000000001
2021-06-15,-0.14249999999999999,-4.2500000000000003E-2,-0.20499999999999999
2021-06-16,-0.1875,6.25E-2,-0.17749999999999999
2021-06-17,-0.38750000000000001,4.7500000000000001E-2,-0.38500000000000001
2021-06-18,-0.34250000000000003,-2.75E-2,-0.45
2021-06-21,-0.27750000000000002,-0.34749999999999998,-0.53749999999999998
2021-06-22,-0.1875,-0.155,-0.47499999999999998
2021-06-23,-9.7500000000000003E-2,-8.7499999999999994E-2,-0.46
2021-06-24,-9.7500000000000003E-2,-9.7500000000000003E-2,-0.4425
2021-06-25,-9.2499999999999999E-2,-7.2499999999999995E-2,-0.375
2021-06-28,-9.7500000000000003E-2,-7.4999999999999997E-2,-0.36
2021-06-29,-0.1525,-8.5000000000000006E-2,-0.38750000000000001
2021-06-30,-0.1875,-2.2499999999999999E-2,-0.41749999999999998
2021-07-01,-0.21249999999999999,0.05,-0.47
2021-07-02,-0.21249999999999999,-5.0000000000000001E-3,-0.41
2021-07-05,-0.1525,-2.5000000000000001E-2,-0.4
2021-07-06,-0.19750000000000001,-8.2500000000000004E-2,-0.46
2021-07-07,-0.2225,-0.25,-0.52500000000000002
2021-07-08,-9.2499999999999999E-2,-0.52500000000000002,-0.61750000000000005
2021-07-09,-7.7499999999999999E-2,-0.34499999999999997,-0.58499999999999996
2021-07-12,-7.2499999999999995E-2,-0.32250000000000001,-0.59
2021-07-13,-0.1225,-0.27750000000000002,-0.55000000000000004
2021-07-14,-0.11749999999999999,-0.26750000000000002,-0.56499999999999995
2021-07-15,-0.10249999999999999,-0.33,-0.59
2021-07-16,-0.10249999999999999,-0.33,-0.56499999999999995
2021-07-19,-0.115,-0.5675,-0.71499999999999997
2021-07-20,-0.14749999999999999,-0.54500000000000004,-0.7
2021-07-21,-0.1125,-0.48499999999999999,-0.66
2021-07-22,-0.10249999999999999,-0.45500000000000002,-0.63749999999999996
2021-07-23,-7.2499999999999995E-2,-0.39,-0.54500000000000004
2021-07-26,-5.2499999999999998E-2,-0.36,-0.505
2021-07-27,-2.2499999999999999E-2,-0.51249999999999996,-0.57999999999999996
2021-07-28,-2.75E-2,-0.47499999999999998,-0.54500000000000004
2021-07-29,3.7499999999999999E-2,-0.44750000000000001,-0.53
2021-07-30,2.75E-2,-0.4425,-0.53500000000000003
2021-08-02,-7.4999999999999997E-3,-0.44750000000000001,-0.55500000000000005
2021-08-03,-7.4999999999999997E-3,-0.46500000000000002,-0.58250000000000002
2021-08-04,-3.7499999999999999E-2,-0.48,-0.55500000000000005
2021-08-05,-3.7499999999999999E-2,-0.36,-0.52
2021-08-06,-9.5000000000000001E-2,-0.32750000000000001,-0.53500000000000003
2021-08-09,-0.1075,-0.28749999999999998,-0.50749999999999995
2021-08-10,-0.13250000000000001,-0.20499999999999999,-0.505
2021-08-11,-0.10249999999999999,-0.20499999999999999,-0.45500000000000002
2021-08-12,-0.10249999999999999,-0.20250000000000001,-0.435
2021-08-13,-0.08,-0.255,-0.43
2021-08-16,-0.08,-0.36249999999999999,-0.47499999999999998
2021-08-17,-0.13750000000000001,-0.32500000000000001,-0.505
2021-08-18,-0.13750000000000001,-0.29749999999999999,-0.49249999999999999
2021-08-19,-0.1575,-0.3,-0.55500000000000005
2021-08-20,-0.14749999999999999,-0.29249999999999998,-0.53500000000000003
2021-08-23,-0.1,-0.30249999999999999,-0.51500000000000001
2021-08-24,-8.7499999999999994E-2,-0.28499999999999998,-0.505
2021-08-25,-8.5000000000000006E-2,-0.26500000000000001,-0.46250000000000002
2021-08-26,-8.7499999999999994E-2,-0.23250000000000001,-0.41
2021-08-27,-0.09,-0.2225,-0.40500000000000003
2021-08-30,-7.4999999999999997E-2,-0.22500000000000001,-0.40500000000000003
2021-08-31,-0.05,-0.22750000000000001,-0.39500000000000002
2021-09-01,-4.2500000000000003E-2,-0.185,-0.30499999999999999
2021-09-02,-0.05,-0.16250000000000001,-0.29499999999999998
2021-09-03,-5.2499999999999998E-2,-0.1575,-0.28499999999999998
2021-09-06,-5.5E-2,-0.16,-0.27750000000000002
2021-09-07,-5.5E-2,-0.16,-0.28000000000000003
2021-09-08,-7.0000000000000007E-2,-0.1275,-0.27500000000000002
2021-09-09,-9.2499999999999999E-2,-0.14499999999999999,-0.28999999999999998
2021-09-10,-8.2500000000000004E-2,-0.13250000000000001,-0.26500000000000001
2021-09-13,-8.7499999999999994E-2,-0.14749999999999999,-0.28499999999999998
2021-09-14,-8.5000000000000006E-2,-0.20499999999999999,-0.315
2021-09-15,-8.5000000000000006E-2,-0.28499999999999998,-0.3075
2021-09-16,-0.1,-0.29249999999999998,-0.33250000000000002
2021-09-17,-9.7500000000000003E-2,-0.2475,-0.32
2021-09-20,-0.16750000000000001,-0.35249999999999998,-0.435
2021-09-21,-0.14749999999999999,-0.47249999999999998,-0.45
2021-09-22,-0.16500000000000001,-0.4425,-0.5
2021-09-23,-0.15,-0.33,-0.42249999999999999
2021-09-24,-0.15,-0.23749999999999999,-0.40749999999999997
2021-09-27,-0.16500000000000001,-0.10249999999999999,-0.34250000000000003
2021-09-28,-0.21,-9.2499999999999999E-2,-0.36749999999999999
2021-09-29,-0.38750000000000001,-0.12,-0.435
2021-09-30,-0.38,-0.14000000000000001,-0.42749999999999999
2021-10-01,-0.35,-0.29499999999999998,-0.52749999999999997
2021-10-04,-0.32,-0.29749999999999999,-0.50749999999999995
2021-10-05,-0.30499999999999999,-0.28749999999999998,-0.50749999999999995
2021-10-06,-0.38500000000000001,-0.27750000000000002,-0.5675
2021-10-07,-0.35,-0.26250000000000001,-0.55249999999999999
2021-10-08,-0.37,-0.24,-0.55000000000000004
2021-10-11,-0.37,-9.2499999999999999E-2,-0.50249999999999995
2021-10-12,-0.435,8.2500000000000004E-2,-0.46
2021-10-13,-0.38750000000000001,2.2499999999999999E-2,-0.36499999999999999
2021-10-14,-0.245,0.04,-0.28749999999999998
2021-10-15,-0.22,0.1525,-0.26750000000000002
2021-10-18,-0.21,0.11749999999999999,-0.2225
2021-10-19,-0.12,4.2500000000000003E-2,-0.21
2021-10-20,-0.14749999999999999,7.7499999999999999E-2,-0.20749999999999999
2021-10-21,-0.14749999999999999,-0.14749999999999999,-0.44750000000000001
2021-10-22,-0.14749999999999999,-0.125,-0.4375
2021-10-25,-0.17,-0.08,-0.42749999999999999
2021-10-26,-0.17249999999999999,-4.7500000000000001E-2,-0.38250000000000001
2021-10-27,-0.17499999999999999,-0.12,-0.41
2021-10-28,-0.18,-0.15,-0.42249999999999999
2021-10-29,-0.245,-0.115,-0.45500000000000002
2021-11-01,-0.27,-3.5000000000000003E-2,-0.435
2021-11-02,-0.24,-6.7500000000000004E-2,-0.45
2021-11-03,-0.24,-4.4999999999999998E-2,-0.42499999999999999
2021-11-04,-0.24,-9.5000000000000001E-2,-0.44500000000000001
2021-11-05,-0.245,-0.1075,-0.43
2021-11-08,-0.24,-0.11,-0.42
2021-11-09,-0.17499999999999999,-0.1575,-0.40250000000000002
2021-11-10,-0.2225,-0.14499999999999999,-0.45
2021-11-11,-0.3775,-0.115,-0.4975
2021-11-12,-0.38750000000000001,-5.7500000000000002E-2,-0.47249999999999998
2021-11-15,-0.45250000000000001,-5.5E-2,-0.51749999999999996
2021-11-16,-0.625,2.2499999999999999E-2,-0.53500000000000003
2021-11-17,-0.53500000000000003,-0.01,-0.50749999999999995
2021-11-18,-0.25750000000000001,-0.12,-0.38750000000000001
2021-11-19,-0.45,-0.41,-0.82250000000000001
2021-11-22,-0.45750000000000002,-0.25,-0.80249999999999999
2021-11-23,-0.4325,-0.21249999999999999,-0.74
2021-11-24,-0.41749999999999998,-0.20499999999999999,-0.75249999999999995
2021-11-25,-0.39750000000000002,-0.20499999999999999,-0.72
2021-11-26,-8.5000000000000006E-2,-1.77,-1.5874999999999999
2021-11-29,-0.1,-1.5325,-1.48
2021-11-30,-0.1075,-1.175,-1.2
2021-12-01,-0.155,-0.96250000000000002,-0.99250000000000005
2021-12-02,-0.13750000000000001,-1.0525,-0.97499999999999998
2021-12-03,-0.13750000000000001,-1.0925,-1.0549999999999999
2021-12-06,-0.13750000000000001,-1.0625,-1.02
2021-12-07,-0.15,-0.90249999999999997,-0.90749999999999997
2021-12-08,-0.1225,-0.82750000000000001,-0.88249999999999995
2021-12-09,-0.06,-0.78249999999999997,-0.83
2021-12-10,-8.2500000000000004E-2,-0.74250000000000005,-0.79
2021-12-13,-8.7499999999999994E-2,-0.73750000000000004,-0.8
2021-12-14,-2.75E-2,-0.75249999999999995,-0.78500000000000003
2021-12-15,-2.5000000000000001E-3,-0.66249999999999998,-0.75
2021-12-16,1.7500000000000002E-2,-0.59750000000000003,-0.66
2021-12-17,2.5000000000000001E-3,-0.74250000000000005,-0.8
2021-12-20,-1.7500000000000002E-2,-0.8175,-0.8175
2021-12-21,-0.02,-0.6875,-0.75
2021-12-22,-7.4999999999999997E-3,-0.65749999999999997,-0.70250000000000001
2021-12-23,-2.75E-2,-0.55500000000000005,-0.70750000000000002
2021-12-24,-2.5000000000000001E-2,-0.5625,-0.70250000000000001
2021-12-27,-2.5000000000000001E-2,-0.56499999999999995,-0.71250000000000002
2021-12-28,-2.5000000000000001E-2,-0.53749999999999998,-0.69750000000000001
2021-12-29,-4.4999999999999998E-2,-0.55000000000000004,-0.68500000000000005
2021-12-30,-5.5E-2,-0.55249999999999999,-0.66249999999999998
2021-12-31,-0.1,-0.54500000000000004,-0.67249999999999999
2022-01-03,-0.15,-0.50249999999999995,-0.71
2022-01-04,-0.15,-0.26250000000000001,-0.5675
2022-01-05,-0.16,-0.28749999999999998,-0.51249999999999996
2022-01-06,-0.17249999999999999,-0.40250000000000002,-0.57499999999999996
2022-01-07,-0.17499999999999999,-0.46,-0.5625
2022-01-10,-0.19750000000000001,-0.5675,-0.69
2022-01-11,-0.1525,-0.53,-0.65249999999999997
2022-01-12,-8.7499999999999994E-2,-0.57250000000000001,-0.59
2022-01-13,-7.4999999999999997E-2,-0.64749999999999996,-0.63
2022-01-14,-0.14499999999999999,-0.82499999999999996,-0.89500000000000002
2022-01-17,-0.16,-0.73,-0.82499999999999996
2022-01-18,-0.25,-0.66,-0.83499999999999996
2022-01-19,-0.23,-0.67500000000000004,-0.85750000000000004
2022-01-20,-0.18,-0.72499999999999998,-0.88
2022-01-21,-0.23,-0.88500000000000001,-0.97250000000000003
2022-01-24,-0.30499999999999999,-0.995,-1.0475000000000001
2022-01-25,-0.30499999999999999,-0.93500000000000005,-1.1399999999999999
2022-01-26,-0.3,-0.81,-1.0549999999999999
2022-01-27,-0.38500000000000001,-0.745,-1.03
2022-01-28,-0.40500000000000003,-0.67,-1.02
2022-01-31,-0.315,-0.65500000000000003,-0.96
2022-02-01,-0.2,-0.68500000000000005,-0.91749999999999998
2022-02-02,-0.17499999999999999,-0.71499999999999997,-0.87250000000000005
2022-02-03,0.105,-0.7,-0.71
2022-02-04,0.25,-0.71499999999999997,-0.57999999999999996
2022-02-07,0.20499999999999999,-0.7,-0.56999999999999995
2022-02-08,0.21,-0.7,-0.53749999999999998
2022-02-09,0.17249999999999999,-0.75,-0.55249999999999999
2022-02-10,0.14749999999999999,-0.60499999999999998,-0.51
2022-02-11,-0.21,-1.1599999999999999,-0.97499999999999998
2022-02-14,-0.4425,-1.47,-1.92
2022-02-15,-0.25750000000000001,-1.2450000000000001,-1.73
2022-02-16,-0.2,-1.21,-1.63
2022-02-17,-0.38750000000000001,-1.3625,-1.8425
2022-02-18,-0.45250000000000001,-1.2649999999999999,-1.8325
2022-02-21,-0.48499999999999999,-1.3,-1.9375
2022-02-22,-0.42,-1.19,-1.8625
2022-02-23,-0.48249999999999998,-0.95499999999999996,-1.7424999999999999
2022-02-24,-0.82499999999999996,-1.2050000000000001,-2.2774999999999999
2022-02-25,-0.625,-1.01,-1.94
2022-02-28,-1.125,-1.1074999999999999,-2.3275000000000001
2022-03-01,-2.2749999999999999,-1.3774999999999999,-3.5975000000000001
2022-03-02,-2.6025,-1.3574999999999999,-3.1150000000000002
2022-03-03,-2.5,-1.3474999999999999,-3.335
2022-03-04,-3.5049999999999999,-1.7350000000000001,-4.2824999999999998
2022-03-07,-3.46,-1.5175000000000001,-4.1224999999999996
2022-03-08,-2.15,-1.36,-3.28
2022-03-09,-1.51,-1.18,-2.4449999999999998
2022-03-10,-1.9775,-1.0925,-2.6324999999999998
2022-03-11,-2.1775000000000002,-0.92249999999999999,-2.7374999999999998
2022-03-14,-2.0874999999999999,-0.62250000000000005,-2.4049999999999998
2022-03-15,-1.9550000000000001,-0.54,-2.3149999999999999
2022-03-16,-1.31,-0.38750000000000001,-1.72
2022-03-17,-1.07,-0.51,-1.7250000000000001
2022-03-18,-1.7050000000000001,-0.36499999999999999,-1.87
2022-03-21,-1.655,-0.35499999999999998,-1.86
2022-03-22,-1.6575,5.0000000000000001E-3,-1.62
2022-03-23,-1.5149999999999999,-0.1075,-1.52
2022-03-24,-1.54,0.23499999999999999,-1.5249999999999999
2022-03-25,-1.35,3.7499999999999999E-2,-1.4550000000000001
2022-03-28,-1.4375,0.40500000000000003,-1.33
2022-03-29,-1.0225,-0.01,-1.1325000000000001
2022-03-30,-0.90500000000000003,-8.7499999999999994E-2,-0.995
2022-03-31,-0.98750000000000004,-9.2499999999999999E-2,-1
2022-04-01,-1.1174999999999999,0.1125,-1.0125
2022-04-04,-1.4975000000000001,0.125,-1.1675
2022-04-05,-1.8325,8.2500000000000004E-2,-1.56
2022-04-06,-1.86,0.125,-1.675
2022-04-07,-1.5774999999999999,0.05,-1.5449999999999999
2022-04-08,-1.4225000000000001,8.2500000000000004E-2,-1.42
2022-04-11,-1.3574999999999999,0.1825,-1.27
2022-04-12,-1.2175,0.16750000000000001,-1.1499999999999999
2022-04-13,-1.2825,0.3175,-1.1200000000000001
2022-04-14,-1.2775000000000001,0.19500000000000001,-1.1399999999999999
2022-04-15,-1.28,0.27750000000000002,-1.1025
2022-04-18,-1.31,0.3,-1.105
2022-04-19,-1.2925,0.36249999999999999,-0.86750000000000005
2022-04-20,-1.0425,0.14249999999999999,-0.82
2022-04-21,-0.75249999999999995,5.2499999999999998E-2,-0.69499999999999995
2022-04-22,-0.93,-3.5000000000000003E-2,-0.83499999999999996
2022-04-25,-0.8125,-0.6925,-1.135
2022-04-26,-1.0325,-0.75,-1.3774999999999999
2022-04-27,-1.625,-0.57250000000000001,-1.61
2022-04-28,-2.0350000000000001,0.09,-1.4850000000000001
2022-04-29,-1.72,0.15,-1.22
2022-05-02,-1.7625,0.20749999999999999,-1.2549999999999999
2022-05-03,-1.625,0.26250000000000001,-1.2150000000000001
2022-05-04,-1.23,0.16750000000000001,-1.1125
2022-05-05,-1.58,0.55000000000000004,-1.145
2022-05-06,-1.53,0.53,-1.2
2022-05-09,-1.585,0.34,-1.28
2022-05-10,-1.3474999999999999,9.7500000000000003E-2,-1.2725
2022-05-11,-1.1074999999999999,-0.185,-1.2275
2022-05-12,-1.85,-0.92249999999999999,-2.3199999999999998
2022-05-13,-1.645,-0.52249999999999996,-1.7625
2022-05-16,-1.4025000000000001,-0.51749999999999996,-1.79
2022-05-17,-1.1200000000000001,-0.41,-1.48
2022-05-18,-1.3725000000000001,-0.75749999999999995,-1.7175
2022-05-19,-1.0774999999999999,-1.0325,-1.79
2022-05-20,-1.1000000000000001,-0.85499999999999998,-1.67
2022-05-23,-0.88,-0.73750000000000004,-1.5549999999999999
2022-05-24,-0.73,-0.93500000000000005,-1.3525
2022-05-25,-0.79749999999999999,-0.73499999999999999,-1.2949999999999999
2022-05-26,-0.75749999999999995,-0.68500000000000005,-1.25
2022-05-27,-0.65500000000000003,-0.57250000000000001,-1.07
2022-05-30,-0.6,-0.48249999999999998,-0.92249999999999999
2022-05-31,-0.77500000000000002,-0.2475,-0.82499999999999996
2022-06-01,-0.84499999999999997,-6.7500000000000004E-2,-0.72750000000000004
2022-06-02,-0.80249999999999999,-0.1075,-0.73
2022-06-03,-0.77500000000000002,-7.7499999999999999E-2,-0.6875
2022-06-06,-0.77500000000000002,1.7500000000000002E-2,-0.61250000000000004
2022-06-07,-0.75749999999999995,0.2525,-0.44500000000000001
2022-06-08,-0.75749999999999995,0.38,-0.36499999999999999
2022-06-09,-0.73750000000000004,0.34499999999999997,-0.41499999999999998
2022-06-10,-0.92,0.15,-0.74
2022-06-13,-1.7424999999999999,-0.60250000000000004,-1.6475
2022-06-14,-1.885,-0.74,-2.125
2022-06-15,-1.69,-0.97499999999999998,-2.2050000000000001
2022-06-16,-1.2224999999999999,-1.9624999999999999,-2.4674999999999998
2022-06-17,-1.2224999999999999,-0.73,-1.6375
2022-06-20,-1.1475,-0.72,-1.51
2022-06-21,-1.075,-0.87749999999999995,-1.7250000000000001
2022-06-22,-1.0925,-1.0900000000000001,-1.9350000000000001
2022-06-23,-1.1625000000000001,-1.2825,-2.1150000000000002
2022-06-24,-1,-1.4950000000000001,-1.915
2022-06-27,-0.91249999999999998,-1.6025,-2.0699999999999998
2022-06-28,-0.92,-1.4624999999999999,-1.885
2022-06-29,-1.2175,-1.365,-2.1
2022-06-30,-1.4475,-1.395,-2.1724999999999999
2022-07-01,-1.7250000000000001,-1.63,-2.46
2022-07-04,-1.5125,-1.595,-2.4249999999999998
2022-07-05,-2.0550000000000002,-1.6325000000000001,-2.61
2022-07-06,-2.1,-1.6950000000000001,-2.7050000000000001
2022-07-07,-1.8274999999999999,-1.4175,-2.5049999999999999
2022-07-08,-1.89,-1.3925000000000001,-2.5449999999999999
2022-07-11,-2.0099999999999998,-1.1025,-2.5049999999999999
2022-07-12,-1.9650000000000001,-1.32,-2.56
2022-07-13,-1.7775000000000001,-1.335,-2.4700000000000002
2022-07-14,-2.1175000000000002,-1.0549999999999999,-2.5499999999999998
2022-07-15,-1.99,-1.0125,-2.38
2022-07-18,-1.77,-1.0125,-2.1800000000000002
2022-07-19,-1.7350000000000001,-1.0049999999999999,-2.09
2022-07-20,-1.7949999999999999,-0.90500000000000003,-2.06
2022-07-21,-1.7725,-0.65749999999999997,-1.96
2022-07-22,-1.68,-1.075,-2.09
2022-07-25,-1.6025,-1.1074999999999999,-2.0299999999999998
2022-07-26,-1.6924999999999999,-1.1725000000000001,-2.14
2022-07-27,-1.5925,-0.83750000000000002,-1.9475
2022-07-28,-1.6125,-1.1074999999999999,-2.12
2022-07-29,-1.595,-1.1399999999999999,-2.0049999999999999
2022-08-01,-1.5149999999999999,-1.1924999999999999,-2.0099999999999998
2022-08-02,-1.6425000000000001,-1.0900000000000001,-1.9550000000000001
2022-08-03,-1.665,-0.63500000000000001,-1.78
2022-08-04,-1.5525,-0.4325,-1.57
2022-08-05,-1.4175,-0.34250000000000003,-1.34
2022-08-08,-1.2849999999999999,-0.315,-1.2649999999999999
2022-08-09,-1.1875,-0.25,-1.095
2022-08-10,-0.9425,-0.48499999999999999,-1.0549999999999999
2022-08-11,-0.99250000000000005,-0.38750000000000001,-1.06
2022-08-12,-1.0674999999999999,-0.37,-0.99
2022-08-15,-1.2549999999999999,-0.39,-1.3049999999999999
2022-08-16,-1.4924999999999999,-0.315,-1.2949999999999999
2022-08-17,-1.4724999999999999,-0.15,-1.175
2022-08-18,-1.665,-0.1275,-1.2175
2022-08-19,-1.625,0.2175,-1.1025
2022-08-22,-1.5974999999999999,0.27,-1.175
2022-08-23,-1.3225,0.22750000000000001,-1.2275
2022-08-24,-1.2024999999999999,0.13250000000000001,-1.135
2022-08-25,-1.1575,-0.19500000000000001,-1.2849999999999999
2022-08-26,-1.1225000000000001,-0.17749999999999999,-1.25
2022-08-29,-1.19,-3.2500000000000001E-2,-1.2975000000000001
2022-08-30,-1.2224999999999999,-6.5000000000000002E-2,-1.2825
2022-08-31,-1.22,-6.5000000000000002E-2,-1.2625
2022-09-01,-1.4950000000000001,0.09,-1.3625
2022-09-02,-1.4025000000000001,6.25E-2,-1.2675000000000001
2022-09-05,-1.575,2.2499999999999999E-2,-1.4025000000000001
2022-09-06,-1.55,0.33500000000000002,-1.2725
2022-09-07,-1.42,0.14000000000000001,-1.2475000000000001
2022-09-08,-1.35,-0.04,-1.1675
2022-09-09,-1.2,-0.20250000000000001,-1.2925
2022-09-12,-1.0974999999999999,-0.42249999999999999,-1.4075
2022-09-13,-1.3774999999999999,-0.39500000000000002,-1.4375
2022-09-14,-1.1675,-1.0275000000000001,-1.5225
2022-09-15,-1.0649999999999999,-1.04,-1.5475000000000001
2022-09-16,-0.85750000000000004,-1.29,-1.6975
2022-09-19,-0.90749999999999997,-1.3149999999999999,-1.6975
2022-09-20,-0.84250000000000003,-1.1174999999999999,-1.6125
2022-09-21,-1.0249999999999999,-1.1599999999999999,-1.7475000000000001
2022-09-22,-0.95,-0.98499999999999999,-1.5525
2022-09-23,-1.3474999999999999,-1.3374999999999999,-2.0649999999999999
2022-09-26,-1.7,-1.66,-2.38
2022-09-27,-1.69,-1.5125,-2.2650000000000001
2022-09-28,-1.8174999999999999,-1.4524999999999999,-2.4175
2022-09-29,-1.68,-1.575,-2.35
2022-09-30,-1.7,-1.5575000000000001,-2.4525000000000001
2022-10-03,-1.645,-1.4350000000000001,-2.4249999999999998
2022-10-04,-1.34,-1.5425,-2.2149999999999999
2022-10-05,-1.6775,-1.58,-2.4550000000000001
2022-10-06,-1.6924999999999999,-1.4950000000000001,-2.4575
2022-10-07,-1.7050000000000001,-1.5449999999999999,-2.4874999999999998
2022-10-10,-1.72,-1.53,-2.4874999999999998
2022-10-11,-1.64,-1.5249999999999999,-2.4824999999999999
2022-10-12,-1.4824999999999999,-1.4724999999999999,-2.3875000000000002
2022-10-13,-1.355,-1.0649999999999999,-2.0699999999999998
2022-10-14,-1.3474999999999999,-0.65749999999999997,-1.875
2022-10-17,-1.2549999999999999,-0.81,-1.9
2022-10-18,-1.1675,-0.77249999999999996,-1.7450000000000001
2022-10-19,-1.2849999999999999,-0.96750000000000003,-1.7949999999999999
2022-10-20,-1.2549999999999999,-0.99,-1.83
2022-10-21,-1.2250000000000001,-1.6375,-2.2349999999999999
2022-10-24,-1.1924999999999999,-1.7749999999999999,-2.2850000000000001
2022-10-25,-1.0225,-1.8149999999999999,-2.2374999999999998
2022-10-26,-0.85750000000000004,-1.8625,-2.1124999999999998
2022-10-27,-1.0325,-1.4575,-2.0449999999999999
2022-10-28,-1.1375,-0.66,-1.385
2022-10-31,-1.1850000000000001,-0.65749999999999997,-1.3674999999999999
2022-11-01,-1.1200000000000001,-0.66500000000000004,-1.32
2022-11-02,-1.0425,-0.625,-1.2975000000000001
2022-11-03,-1.0725,-0.495,-1.1325000000000001
2022-11-04,-0.875,-0.4975,-1.0974999999999999
2022-11-07,-0.84250000000000003,-0.51500000000000001,-1.0925
2022-11-08,-0.79749999999999999,-0.57999999999999996,-1.1425000000000001
2022-11-09,-0.875,-0.625,-1.1625000000000001
2022-11-10,-0.66749999999999998,-0.6875,-1.1675
2022-11-11,-0.66249999999999998,-1.3374999999999999,-1.47
2022-11-14,-0.72250000000000003,-0.97499999999999998,-1.31
2022-11-15,-0.91500000000000004,-0.75,-1.22
2022-11-16,-0.87749999999999995,-0.64749999999999996,-1.2450000000000001
2022-11-17,-0.90249999999999997,-0.53,-1.18
2022-11-18,-0.90249999999999997,-0.55000000000000004,-1.1625000000000001
2022-11-21,-0.97250000000000003,-0.52749999999999997,-1.175
2022-11-22,-0.94750000000000001,-0.59750000000000003,-1.17
2022-11-23,-0.85499999999999998,-0.69,-1.19
2022-11-24,-0.79249999999999998,-0.92249999999999999,-1.3325
2022-11-25,-0.77749999999999997,-1.0149999999999999,-1.3925000000000001
2022-11-28,-0.82750000000000001,-1.2375,-1.5549999999999999
2022-11-29,-0.89500000000000002,-1.2725,-1.6274999999999999
2022-11-30,-0.89249999999999996,-1.2024999999999999,-1.47
2022-12-01,-0.67249999999999999,-1.3425,-1.42
2022-12-02,-0.49,-1.335,-1.33
2022-12-05,-0.52,-1.1975,-1.21
2022-12-06,-0.52500000000000002,-1.2050000000000001,-1.21
2022-12-07,-0.47499999999999998,-1.1525000000000001,-1.18
2022-12-08,-0.47499999999999998,-1.1299999999999999,-1.2050000000000001
2022-12-09,-0.495,-1.04,-1.1850000000000001
2022-12-12,-0.46750000000000003,-0.99250000000000005,-1.105
2022-12-13,-0.42,-0.9325,-1.03
2022-12-14,-0.39750000000000002,-0.81,-0.995
2022-12-15,-0.40749999999999997,-0.71499999999999997,-0.9
2022-12-16,-0.52,-0.85499999999999998,-1.145
2022-12-19,-0.54749999999999999,-0.95750000000000002,-1.1625000000000001
2022-12-20,-0.54500000000000004,-1.915,-1.7450000000000001
2022-12-21,-0.54500000000000004,-1.7450000000000001,-1.8525
2022-12-22,-0.50249999999999995,-1.6775,-1.845
2022-12-23,-0.505,-1.585,-1.835
2022-12-26,-0.50249999999999995,-1.6875,-1.8525
2022-12-27,-0.5,-1.6850000000000001,-1.8225
2022-12-28,-0.5,-1.6325000000000001,-1.8225
2022-12-29,-0.5,-1.7150000000000001,-1.9
2022-12-30,-0.5,-1.7350000000000001,-1.9375
2023-01-02,-0.50249999999999995,-1.79,-1.9924999999999999
2023-01-03,-0.57750000000000001,-1.8474999999999999,-2.17
2023-01-04,-0.52500000000000002,-1.5325,-1.86
2023-01-05,-0.5675,-1.385,-1.74
2023-01-06,-0.505,-1.42,-1.7649999999999999
2023-01-09,-0.3775,-1.3574999999999999,-1.68
2023-01-10,-0.32250000000000001,-1.18,-1.4750000000000001
2023-01-11,-0.29749999999999999,-1.1850000000000001,-1.41
2023-01-12,-0.28000000000000003,-1.79,-1.9125000000000001
2023-01-13,-0.3,-1.8075000000000001,-1.9650000000000001
2023-01-16,-0.30249999999999999,-1.62,-1.895
2023-01-17,-0.30499999999999999,-1.5125,-1.63
2023-01-18,-0.30249999999999999,-1.1850000000000001,-1.35
2023-01-19,-0.3725,-1.2124999999999999,-1.4
2023-01-20,-0.41499999999999998,-1.0225,-1.28
2023-01-23,-0.45,-0.9425,-1.3149999999999999
2023-01-24,-0.4375,-0.91,-1.22
2023-01-25,-0.5625,-0.97250000000000003,-1.335
2023-01-26,-0.59499999999999997,-0.9325,-1.2350000000000001
2023-01-27,-0.59750000000000003,-0.995,-1.365
2023-01-30,-0.59499999999999997,-1.0825,-1.425
2023-01-31,-0.64249999999999996,-1.095,-1.4475
2023-02-01,-0.53500000000000003,-1.0900000000000001,-1.4025000000000001
2023-02-02,-0.55249999999999999,-1.125,-1.4025000000000001
2023-02-03,-0.66500000000000004,-0.9375,-1.3374999999999999
2023-02-06,-0.76249999999999996,-0.92749999999999999,-1.3674999999999999
2023-02-07,-0.79249999999999998,-0.95,-1.3774999999999999
2023-02-08,-0.69750000000000001,-0.89749999999999996,-1.3325
2023-02-09,-0.76500000000000001,-0.99250000000000005,-1.3774999999999999
2023-02-10,-0.89500000000000002,-1.4450000000000001,-1.79
2023-02-13,-0.94499999999999995,-1.0349999999999999,-1.4750000000000001
2023-02-14,-0.82,-0.9325,-1.3875
2023-02-15,-0.72750000000000004,-0.95,-1.3174999999999999
2023-02-16,-0.64749999999999996,-0.97499999999999998,-1.3225
2023-02-17,-0.70499999999999996,-0.94,-1.3574999999999999
2023-02-20,-0.64749999999999996,-1.0049999999999999,-1.4025000000000001
2023-02-21,-0.64749999999999996,-1.0575000000000001,-1.4025000000000001
2023-02-22,-0.64500000000000002,-1.0874999999999999,-1.4375
2023-02-23,-0.63249999999999995,-1.2350000000000001,-1.4824999999999999
2023-02-24,-0.64500000000000002,-1.29,-1.5525
2023-02-27,-0.59750000000000003,-1.3374999999999999,-1.5925
2023-02-28,-0.505,-1.5825,-1.7224999999999999
2023-03-01,-0.40500000000000003,-1.7,-1.8975
2023-03-02,-0.42,-1.7124999999999999,-1.9524999999999999
2023-03-03,-0.3775,-1.7675000000000001,-2.0425
2023-03-06,-0.375,-1.9225000000000001,-2.1475
2023-03-07,-0.6,-1.6975,-2.1375000000000002
2023-03-08,-0.67500000000000004,-1.7675000000000001,-2.2275
2023-03-09,-0.64749999999999996,-1.9275,-2.2825000000000002
2023-03-10,-0.63249999999999995,-1.6625000000000001,-2.0874999999999999
2023-03-13,-0.58750000000000002,-1.9724999999999999,-2.4750000000000001
2023-03-14,-0.45250000000000001,-1.5349999999999999,-2.0625
2023-03-15,-1.3425,-1.9724999999999999,-2.7749999999999999
2023-03-16,-1.1100000000000001,-1.8125,-2.7650000000000001
2023-03-17,-0.83499999999999996,-2.0150000000000001,-2.7549999999999999
2023-03-20,-0.76500000000000001,-2.1575000000000002,-2.81
2023-03-21,-0.55249999999999999,-1.8149999999999999,-2.4350000000000001
2023-03-22,-0.49249999999999999,-1.635,-2.1875
2023-03-23,-0.44500000000000001,-1.65,-2.0074999999999998
2023-03-24,-0.82250000000000001,-1.84,-2.3125
2023-03-27,-0.69499999999999995,-1.7150000000000001,-2.165
2023-03-28,-0.60750000000000004,-1.4975000000000001,-1.98
2023-03-29,-0.47,-1.335,-1.835
2023-03-30,-0.4,-2.0225,-2.3250000000000002
2023-03-31,-0.39750000000000002,-2.0049999999999999,-2.23
2023-04-03,-0.39250000000000002,-1.8975,-2.0724999999999998
2023-04-04,-0.3,-1.9624999999999999,-2.09
2023-04-05,-0.29749999999999999,-2.0625,-2.16
2023-04-06,-0.3,-1.9424999999999999,-2.125
2023-04-07,-0.30249999999999999,-1.8325,-2.0525000000000002
2023-04-10,-0.29749999999999999,-1.8274999999999999,-2.0350000000000001
2023-04-11,-0.28249999999999997,-1.6125,-1.93
2023-04-12,-0.1875,-1.52,-1.7975000000000001
2023-04-13,-0.125,-1.5,-1.645
2023-04-14,-0.17,-1.5475000000000001,-1.7649999999999999
2023-04-17,-0.29499999999999998,-1.59,-1.7
2023-04-18,-0.27250000000000002,-1.605,-1.6875
2023-04-19,-0.27750000000000002,-1.6625000000000001,-1.7975000000000001
2023-04-20,-0.28000000000000003,-1.6875,-1.845
2023-04-21,-0.28000000000000003,-1.76,-1.9450000000000001
2023-04-24,-0.255,-1.77,-1.9724999999999999
2023-04-25,-0.29249999999999998,-1.9225000000000001,-2.0074999999999998
2023-04-26,-0.27500000000000002,-1.9524999999999999,-2.1274999999999999
2023-04-27,-0.27250000000000002,-1.7975000000000001,-2.04
2023-04-28,-0.27500000000000002,-0.98750000000000004,-1.2975000000000001
2023-05-01,-0.27500000000000002,-0.83499999999999996,-1.2075
2023-05-02,-0.25,-0.94,-1.2875000000000001
2023-05-03,-0.17249999999999999,-1.2675000000000001,-1.4325000000000001
2023-05-04,-0.16750000000000001,-1.4724999999999999,-1.6375
2023-05-05,-9.2499999999999999E-2,-1.48,-1.6375
2023-05-08,-5.5E-2,-1.4624999999999999,-1.6525000000000001
2023-05-09,-7.4999999999999997E-2,-1.405,-1.5449999999999999
2023-05-10,-7.4999999999999997E-2,-1.3049999999999999,-1.4850000000000001
2023-05-11,-0.17,-1.2749999999999999,-1.5249999999999999
2023-05-12,-0.26250000000000001,-1.1950000000000001,-1.4650000000000001
2023-05-15,-0.25,-1.68,-1.855
2023-05-16,-0.245,-1.635,-1.7825
2023-05-17,-0.25,-1.5575000000000001,-1.7175
2023-05-18,-0.35499999999999998,-1.3674999999999999,-1.6174999999999999
2023-05-19,-0.32250000000000001,-1.4450000000000001,-1.6125
2023-05-22,-0.28999999999999998,-1.47,-1.6125
2023-05-23,-0.27250000000000002,-1.53,-1.68
2023-05-24,-0.30249999999999999,-1.575,-1.7775000000000001
2023-05-25,-0.35,-1.5349999999999999,-1.7925
2023-05-26,-0.33250000000000002,-1.5349999999999999,-1.7524999999999999
2023-05-29,-0.32750000000000001,-1.5425,-1.7849999999999999
2023-05-30,-0.34,-1.58,-1.82
2023-05-31,-0.3175,-1.5449999999999999,-1.76
2023-06-01,-0.23749999999999999,-1.4850000000000001,-1.65
2023-06-02,-0.21,-1.35,-1.5049999999999999
2023-06-05,-0.1925,-1.27,-1.4450000000000001
2023-06-06,-0.19,-1.2350000000000001,-1.395
2023-06-07,-0.18,-1.17,-1.22
2023-06-08,-0.15,-1.04,-1.1200000000000001
2023-06-09,-0.14749999999999999,-0.99,-1.0900000000000001
2023-06-12,-0.14749999999999999,-0.94,-1.05
2023-06-13,-0.15,-0.93,-1.0249999999999999
2023-06-14,-0.15,-0.81,-0.92500000000000004
2023-06-15,-0.11,-0.82250000000000001,-1.0049999999999999
2023-06-16,-0.1075,-0.65500000000000003,-0.85499999999999998
2023-06-19,-0.1275,-0.62,-0.89500000000000002
2023-06-20,-0.1925,-0.71499999999999997,-1.0249999999999999
2023-06-21,-0.22750000000000001,-0.745,-0.98
2023-06-22,-0.25,-0.72,-0.95
2023-06-23,-0.34,-0.64,-1.1399999999999999
2023-06-26,-0.35749999999999998,-0.745,-1.145
2023-06-27,-0.36749999999999999,-0.81499999999999995,-1.1950000000000001
2023-06-28,-0.4,-0.8175,-1.22
2023-06-29,-0.38250000000000001,-1.4025000000000001,-1.7475000000000001
2023-06-30,-0.38,-1.3075000000000001,-1.59
2023-07-03,-0.35749999999999998,-1.135,-1.51
2023-07-04,-0.33,-1.05,-1.4175
2023-07-05,-0.32500000000000001,-1.085,-1.5
2023-07-06,-0.32500000000000001,-1.135,-1.53
2023-07-07,-0.31,-1.165,-1.5549999999999999
2023-07-10,-0.27,-1.5225,-1.7949999999999999
2023-07-11,-0.25,-1.83,-2.11
2023-07-12,-0.20749999999999999,-1.75,-2
2023-07-13,-6.7500000000000004E-2,-1.41,-1.65
2023-07-14,-0.05,-1.4275,-1.6375
2023-07-17,-0.05,-1.45,-1.6575
2023-07-18,-0.03,-1.405,-1.6325000000000001
2023-07-19,-4.7500000000000001E-2,-1.37,-1.6025
2023-07-20,-0.14000000000000001,-1.37,-1.655
2023-07-21,-0.14249999999999999,-1.35,-1.58
2023-07-24,-0.14000000000000001,-1.4450000000000001,-1.6725000000000001
2023-07-25,-0.17749999999999999,-1.5449999999999999,-1.7825
2023-07-26,-0.20499999999999999,-1.9075,-2.1349999999999998
2023-07-27,-0.28249999999999997,-1.9775,-2.2625000000000002
2023-07-28,-0.25,-0.94,-1.2450000000000001
2023-07-31,-0.25,-0.64749999999999996,-0.89249999999999996
2023-08-01,-0.25,-0.56999999999999995,-0.89500000000000002
2023-08-02,-0.29749999999999999,-0.74750000000000005,-0.98499999999999999
2023-08-03,-0.34499999999999997,-0.99,-1.1274999999999999
2023-08-04,-0.3,-0.90500000000000003,-1.1174999999999999
2023-08-07,-0.3,-0.875,-1.04
2023-08-08,-0.3,-0.83,-1.01
2023-08-09,-0.29499999999999998,-0.84499999999999997,-1.0175000000000001
2023-08-10,-0.3,-0.745,-0.97
2023-08-11,-0.29499999999999998,-0.68,-0.94
2023-08-14,-0.3,-0.625,-0.95499999999999996
2023-08-15,-0.29499999999999998,-0.59499999999999997,-0.98
2023-08-16,-0.4,-0.54749999999999999,-0.98499999999999999
2023-08-17,-0.43,-0.56999999999999995,-1.095
2023-08-18,-0.42,-0.69,-1.115
2023-08-21,-0.4,-0.70499999999999996,-1.08
2023-08-22,-0.39750000000000002,-0.63,-1.0349999999999999
2023-08-23,-0.39750000000000002,-0.66500000000000004,-1.1200000000000001
2023-08-24,-0.42,-0.79500000000000004,-1.2150000000000001
2023-08-25,-0.48249999999999998,-0.78,-1.2649999999999999
2023-08-28,-0.48,-0.77749999999999997,-1.2675000000000001
2023-08-29,-0.45,-0.74,-1.2150000000000001
2023-08-30,-0.34,-0.82,-1.1850000000000001
2023-08-31,-0.37,-0.83,-1.1599999999999999
2023-09-01,-0.4,-0.82499999999999996,-1.165
2023-09-04,-0.4,-0.82250000000000001,-1.135
2023-09-05,-0.43,-0.78500000000000003,-1.145
2023-09-06,-0.45,-0.8,-1.165
2023-09-07,-0.43,-0.81499999999999995,-1.21
2023-09-08,-0.4,-0.85499999999999998,-1.22
2023-09-11,-0.34749999999999998,-0.98499999999999999,-1.3
2023-09-12,-0.35,-1.0149999999999999,-1.31
2023-09-13,-0.31,-1.085,-1.35
2023-09-14,-0.4,-1.0449999999999999,-1.2949999999999999
2023-09-15,-0.39750000000000002,-0.96499999999999997,-1.2450000000000001
2023-09-18,-0.37,-0.96499999999999997,-1.23
2023-09-19,-0.35,-0.89500000000000002,-1.175
2023-09-20,-0.28999999999999998,-0.87,-1.1399999999999999
2023-09-21,-0.34,-0.98,-1.2549999999999999
2023-09-22,-0.35,-0.75,-1.0349999999999999
2023-09-25,-0.37,-0.76749999999999996,-1.04
2023-09-26,-0.45,-0.91749999999999998,-1.1425000000000001
2023-09-27,-0.5,-0.94499999999999995,-1.23
2023-09-28,-0.5,-1.1499999999999999,-1.5874999999999999
2023-09-29,-0.48,-1.1625000000000001,-1.4450000000000001
2023-10-02,-0.5,-1.105,-1.4125000000000001
2023-10-03,-0.64749999999999996,-1.3875,-1.82
2023-10-04,-0.625,-1.28,-1.62
2023-10-05,-0.60499999999999998,-1.1950000000000001,-1.5249999999999999
2023-10-06,-0.54749999999999999,-1.2350000000000001,-1.51
2023-10-09,-0.63,-1.2524999999999999,-1.55
2023-10-10,-0.55000000000000004,-1.2124999999999999,-1.45
2023-10-11,-0.45,-1.24,-1.31
2023-10-12,-0.48,-1.1775,-1.2749999999999999
2023-10-13,-0.64249999999999996,-1.24,-1.4750000000000001
2023-10-16,-0.60250000000000004,-1.1575,-1.4424999999999999
2023-10-17,-0.5575,-1.1675,-1.4350000000000001
2023-10-18,-0.6,-1.175,-1.375
2023-10-19,-0.62250000000000005,-1.135,-1.3325
2023-10-20,-0.64500000000000002,-1.155,-1.42
2023-10-23,-0.46,-1.1599999999999999,-1.3374999999999999
2023-10-24,-0.42,-1.145,-1.325
2023-10-25,-0.42499999999999999,-1.105,-1.2849999999999999
2023-10-26,-0.42,-0.98499999999999999,-1.165
2023-10-27,-0.4,-0.92749999999999999,-1.1399999999999999
2023-10-30,-0.35,-0.89,-1.08
2023-10-31,-0.39,-0.59750000000000003,-0.97499999999999998
2023-11-01,-0.35,-0.54500000000000004,-0.92249999999999999
2023-11-02,-0.245,-0.53749999999999998,-0.8075
2023-11-03,-0.21,-0.53,-0.9
2023-11-06,-0.22,-0.55249999999999999,-0.86499999999999999
2023-11-07,-0.25,-0.51500000000000001,-0.8175
2023-11-08,-0.24,-0.47499999999999998,-0.78
2023-11-09,-0.22,-0.42,-0.70750000000000002
2023-11-10,-0.22,-0.435,-0.70750000000000002
2023-11-13,-0.18,-0.54500000000000004,-0.82499999999999996
2023-11-14,-0.1275,-0.65,-0.89500000000000002
2023-11-15,-0.17,-0.67500000000000004,-0.84250000000000003
2023-11-16,-0.15,-0.66,-0.83499999999999996
2023-11-17,-0.15,-0.9325,-1.1000000000000001
2023-11-20,-0.11,-1.2524999999999999,-1.26
2023-11-21,-0.18,-1.2549999999999999,-1.34
2023-11-22,-0.24,-1.175,-1.2150000000000001
2023-11-23,-0.245,-1.1575,-1.2275
2023-11-24,-0.245,-1.0725,-1.175
2023-11-27,-0.26500000000000001,-1.1525000000000001,-1.22
2023-11-28,-0.245,-1.1850000000000001,-1.1924999999999999
2023-11-29,-0.24,-1.135,-1.19
2023-11-30,-0.28999999999999998,-1.135,-1.21
2023-12-01,-0.28999999999999998,-1.0874999999999999,-1.17
2023-12-04,-0.31,-1.1875,-1.3625
2023-12-05,-0.4,-1.2,-1.4424999999999999
2023-12-06,-0.40250000000000002,-1.0900000000000001,-1.2749999999999999
2023-12-07,-0.42499999999999999,-1.7350000000000001,-1.8325
2023-12-08,-0.40500000000000003,-1.73,-1.84
2023-12-11,-0.36749999999999999,-1.7925,-1.8
2023-12-12,-0.33750000000000002,-1.7350000000000001,-1.7450000000000001
2023-12-13,-0.25750000000000001,-1.7575000000000001,-1.8
2023-12-14,-0.20250000000000001,-1.915,-1.92
2023-12-15,-0.21249999999999999,-1.885,-1.87
2023-12-18,-0.215,-1.875,-1.875
2023-12-19,-0.20749999999999999,-1.2424999999999999,-1.5049999999999999
2023-12-20,-0.22,-1.2050000000000001,-1.325
2023-12-21,-0.17,-1.6325000000000001,-1.6174999999999999
2023-12-22,-0.12,-1.6924999999999999,-1.5725
2023-12-25,-0.1075,-1.72,-1.7075
2023-12-26,-0.125,-1.71,-1.69
2023-12-27,-8.2500000000000004E-2,-1.63,-1.605
2023-12-28,-0.10249999999999999,-1.69,-1.6425000000000001
2023-12-29,-0.14249999999999999,-1.6725000000000001,-1.6625000000000001
2024-01-01,-0.14000000000000001,-1.7024999999999999,-1.66
2024-01-02,-0.18,-1.45,-1.4750000000000001
2024-01-03,-0.23,-1.28,-1.45
2024-01-04,-0.2225,-1.2075,-1.355
2024-01-05,-0.18,-1.1775,-1.3025
2024-01-08,-0.2,-1.1975,-1.27
2024-01-09,-0.17,-1.1950000000000001,-1.2
2024-01-10,-0.14749999999999999,-1.1100000000000001,-1.2450000000000001
2024-01-11,-0.1275,-1.075,-1.2050000000000001
2024-01-12,-0.13,-1.105,-1.2
2024-01-15,-0.12,-1.1025,-1.1599999999999999
2024-01-16,-0.21,-1.0375000000000001,-1.1200000000000001
2024-01-17,-0.23,-0.98750000000000004,-1.125
2024-01-18,-0.19,-0.96499999999999997,-1.1299999999999999
2024-01-19,-0.185,-0.995,-1.115
2024-01-22,-0.16,-0.97750000000000004,-1.0900000000000001
2024-01-23,-0.20749999999999999,-0.91749999999999998,-1.0674999999999999
2024-01-24,-0.17,-1.1725000000000001,-1.1875
2024-01-25,-0.2,-1.1399999999999999,-1.1100000000000001
2024-01-26,-0.20499999999999999,-1.0475000000000001,-1.0525
2024-01-29,-0.20499999999999999,-1.095,-1.0925
2024-01-30,-0.2,-1.1325000000000001,-1.0549999999999999
2024-01-31,-0.2175,-1.2825,-1.1825000000000001
2024-02-01,-0.23250000000000001,-1.3225,-1.38
2024-02-02,-0.25,-1.1225000000000001,-1.1975
2024-02-05,-0.27750000000000002,-0.89249999999999996,-1.115
2024-02-06,-0.23499999999999999,-0.89749999999999996,-1.01
2024-02-07,-0.20250000000000001,-0.97499999999999998,-1.0349999999999999
2024-02-08,-0.16,-0.85499999999999998,-1.0175000000000001
2024-02-09,-0.1125,-0.86250000000000004,-0.94
2024-02-12,-0.105,-0.84,-0.92
2024-02-13,-0.15,-0.61750000000000005,-0.84
2024-02-14,-0.13,-0.625,-0.85499999999999998
2024-02-15,-0.13,-0.72499999999999998,-0.9
2024-02-16,-0.11,-0.60499999999999998,-0.77
2024-02-19,-9.5000000000000001E-2,-0.64749999999999996,-0.78
2024-02-20,-5.5E-2,-1.0249999999999999,-1.1100000000000001
2024-02-21,-5.2499999999999998E-2,-1.0549999999999999,-1.1299999999999999
2024-02-22,-5.5E-2,-1.08,-1.1100000000000001
2024-02-23,-0.11,-1.0549999999999999,-1.0974999999999999
2024-02-26,-0.1075,-1.06,-1.0974999999999999
2024-02-27,-0.1225,-1.155,-1.1475
2024-02-28,-0.15,-1.1399999999999999,-1.1625000000000001
2024-02-29,-0.20499999999999999,-1.5449999999999999,-1.5674999999999999
2024-03-01,-0.185,-1.55,-1.5075000000000001
2024-03-04,-0.185,-1.5049999999999999,-1.4675
2024-03-05,-0.16500000000000001,-1.615,-1.5575000000000001
2024-03-06,-0.14249999999999999,-1.7275,-1.65
2024-03-07,-0.1075,-1.96,-1.8925000000000001
2024-03-08,-0.1275,-1.6775,-1.605
2024-03-11,-0.12,-1.6575,-1.6174999999999999
2024-03-12,-0.1225,-1.44,-1.3875
2024-03-13,-0.1,-1.3225,-1.2849999999999999
2024-03-14,-0.16,-1.355,-1.3525
2024-03-15,-0.16750000000000001,-1.355,-1.365
2024-03-18,-0.16,-1.2725,-1.2875000000000001
2024-03-19,-0.23499999999999999,-0.72499999999999998,-0.78249999999999997
2024-03-20,-0.2175,-0.52749999999999997,-0.73
2024-03-21,-0.21249999999999999,-0.66249999999999998,-0.89
2024-03-22,-0.35249999999999998,-0.56999999999999995,-1.0349999999999999
2024-03-25,-0.29249999999999998,-0.65249999999999997,-1.105
2024-03-26,-0.26750000000000002,-0.71250000000000002,-1.105
2024-03-27,-0.2525,-0.87,-1.2250000000000001
2024-03-28,-0.3,-1.17,-1.4724999999999999
2024-03-29,-0.29749999999999999,-1.2050000000000001,-1.47
2024-04-01,-0.36749999999999999,-1.22,-1.5549999999999999
2024-04-02,-0.35499999999999998,-1.4025000000000001,-1.595
2024-04-03,-0.3075,-1.4325000000000001,-1.4450000000000001
2024-04-04,-0.26750000000000002,-1.4225000000000001,-1.5674999999999999
2024-04-05,-0.27,-1.4125000000000001,-1.55
2024-04-08,-0.2525,-1.3925000000000001,-1.53
2024-04-09,-0.25,-1.4175,-1.425
2024-04-10,-0.36499999999999999,-1.6575,-1.8674999999999999
2024-04-11,-0.47249999999999998,-1.5674999999999999,-1.7625
2024-04-12,-0.61499999999999999,-1.5925,-1.9
2024-04-15,-0.64500000000000002,-1.64,-1.95
2024-04-16,-0.79,-1.78,-2.19
2024-04-17,-0.61250000000000004,-1.6975,-2.0325000000000002
2024-04-18,-0.52749999999999997,-1.5375000000000001,-1.81
2024-04-19,-0.55249999999999999,-1.7424999999999999,-2.02
2024-04-22,-0.43,-1.6525000000000001,-1.77
2024-04-23,-0.34499999999999997,-1.6074999999999999,-1.7649999999999999
2024-04-24,-0.2475,-1.7375,-1.95
2024-04-25,-0.3075,-1.7975000000000001,-1.9750000000000001
2024-04-26,-0.27750000000000002,-1.6725000000000001,-1.97
2024-04-29,-0.28000000000000003,-0.86750000000000005,-1.31
2024-04-30,-0.3,-0.8,-1.325
2024-05-01,-0.28749999999999998,-0.86750000000000005,-1.3825000000000001
2024-05-02,-0.27750000000000002,-1.1100000000000001,-1.5549999999999999
2024-05-03,-0.21249999999999999,-0.92749999999999999,-1.23
2024-05-06,-0.21249999999999999,-0.63749999999999996,-1.0475000000000001
2024-05-07,-0.2225,-0.61,-0.96
2024-05-08,-0.22750000000000001,-0.55500000000000005,-0.96750000000000003
2024-05-09,-0.22,-0.61750000000000005,-0.99250000000000005
2024-05-10,-0.21249999999999999,-0.72,-1.0674999999999999
2024-05-13,-0.15,-0.75749999999999995,-0.98499999999999999
2024-05-14,-0.16,-0.86,-1.125
2024-05-15,-0.10249999999999999,-0.84250000000000003,-1.0725
2024-05-16,-0.12,-0.88249999999999995,-1.08
2024-05-17,-0.13,-0.97250000000000003,-1.1775
2024-05-20,-0.16,-1.0575000000000001,-1.0900000000000001
2024-05-21,-0.17499999999999999,-1.1000000000000001,-1.135
2024-05-22,-0.22,-1.145,-1.1924999999999999
2024-05-23,-0.21249999999999999,-1.0649999999999999,-1.1875
2024-05-24,-0.22,-1.1299999999999999,-1.1950000000000001
2024-05-27,-0.22,-1.0974999999999999,-1.2
2024-05-28,-0.21,-1.08,-1.1950000000000001
2024-05-29,-0.23499999999999999,-1.0375000000000001,-1.17
2024-05-30,-0.25,-1.1225000000000001,-1.2975000000000001
2024-05-31,-0.28000000000000003,-1.0874999999999999,-1.2549999999999999
2024-06-03,-0.2475,-1.1499999999999999,-1.2749999999999999
2024-06-04,-0.185,-1.415,-1.56
2024-06-05,-0.185,-1.3525,-1.41
2024-06-06,-0.185,-1.345,-1.48
2024-06-07,-0.23499999999999999,-1.395,-1.4950000000000001
2024-06-10,-0.53749999999999998,-1.3325,-1.65
2024-06-11,-0.75,-1.23,-1.6225000000000001
2024-06-12,-0.67249999999999999,-1.1475,-1.5225
2024-06-13,-0.93,-1.0974999999999999,-1.7549999999999999
2024-06-14,-1.5049999999999999,-1.0674999999999999,-1.97
2024-06-17,-1.5275000000000001,-1.095,-1.97
2024-06-18,-1.5249999999999999,-1.0725,-1.915
2024-06-19,-1.4650000000000001,-1.0425,-1.85
2024-06-20,-1.4325000000000001,-0.98250000000000004,-1.845
2024-06-21,-1.385,-0.78749999999999998,-1.6725000000000001
2024-06-24,-1.2050000000000001,-0.6,-1.5175000000000001
2024-06-25,-1.1599999999999999,-0.55249999999999999,-1.5
2024-06-26,-1.3174999999999999,-0.41749999999999998,-1.3225
2024-06-27,-1.2675000000000001,-0.41749999999999998,-1.3574999999999999
2024-06-28,-1.2524999999999999,-0.59250000000000003,-1.62
2024-07-01,-0.75,-0.51249999999999996,-1.3025
2024-07-02,-0.69,-0.5625,-1.37
2024-07-03,-0.5,-0.71499999999999997,-1.4275
2024-07-04,-0.50749999999999995,-0.74750000000000005,-1.42
2024-07-05,-0.44750000000000001,-0.75749999999999995,-1.325
2024-07-08,-0.38500000000000001,-0.77749999999999997,-1.2825
2024-07-09,-0.29749999999999999,-0.71250000000000002,-1.1499999999999999
2024-07-10,-0.29249999999999998,-0.6875,-1.085
2024-07-11,-0.2525,-1.2749999999999999,-1.595
2024-07-12,-0.2175,-1.405,-1.6924999999999999
2024-07-15,-0.14749999999999999,-1.4025000000000001,-1.5774999999999999
2024-07-16,-0.14499999999999999,-1.33,-1.4650000000000001
2024-07-17,-0.13750000000000001,-1.6924999999999999,-1.8
2024-07-18,-0.21249999999999999,-1.6675,-1.7749999999999999
2024-07-19,-0.25,-1.58,-1.62
2024-07-22,-0.22500000000000001,-1.5825,-1.69
2024-07-23,-0.23,-1.605,-1.7725
2024-07-24,-0.25750000000000001,-1.6975,-1.8725000000000001
2024-07-25,-0.27250000000000002,-1.7024999999999999,-1.85
2024-07-26,-0.23749999999999999,-1.5175000000000001,-1.59
2024-07-29,-0.27500000000000002,-1.5325,-1.5974999999999999
2024-07-30,-0.27250000000000002,-1.6525000000000001,-1.8574999999999999
2024-07-31,-0.28999999999999998,-1.835,-2.0525000000000002
2024-08-01,-0.35249999999999998,-1.9750000000000001,-2.1225000000000001
2024-08-02,-0.19750000000000001,-2.3250000000000002,-2.44
2024-08-05,-0.01,-3.73,-3.5924999999999998
2024-08-06,-0.21,-3.0674999999999999,-3.0750000000000002
2024-08-07,-0.17,-2.3199999999999998,-2.59
2024-08-08,-0.14749999999999999,-2.5024999999999999,-2.77
2024-08-09,-0.15,-2.4925000000000002,-2.7549999999999999
2024-08-12,-0.1525,-2.5099999999999998,-2.8424999999999998
2024-08-13,-0.115,-2.6549999999999998,-2.6775000000000002
2024-08-14,0.10249999999999999,-2.5499999999999998,-2.3925000000000001
2024-08-15,0.01,-1.9025000000000001,-1.825
2024-08-16,0.06,-1.9025000000000001,-1.9424999999999999
2024-08-19,9.7500000000000003E-2,-2.14,-2.0975000000000001
2024-08-20,0.1575,-2.2875000000000001,-2.2124999999999999
2024-08-21,0.19,-2.4,-2.2949999999999999
2024-08-22,0.23,-2.38,-2.11
2024-08-23,0.185,-2.3624999999999998,-2.1274999999999999
2024-08-26,0.3075,-2.36,-2.0724999999999998
2024-08-27,0.26750000000000002,-2.1924999999999999,-1.8325
2024-08-28,0.1,-1.915,-1.6950000000000001
2024-08-29,-2.75E-2,-1.8149999999999999,-1.665
2024-08-30,-3.7499999999999999E-2,-1.71,-1.5449999999999999
2024-09-02,-6.25E-2,-1.62,-1.53
2024-09-03,-0.125,-1.905,-1.895
2024-09-04,2.2499999999999999E-2,-1.96,-1.8825000000000001
2024-09-05,0.13,-2.39,-2.2875000000000001
2024-09-06,0.13500000000000001,-2.2774999999999999,-2.2149999999999999
2024-09-09,3.7499999999999999E-2,-2.0975000000000001,-1.9975000000000001
2024-09-10,-0.03,-1.9824999999999999,-1.9824999999999999
2024-09-11,-5.7500000000000002E-2,-1.98,-1.93
2024-09-12,4.7500000000000001E-2,-1.8125,-1.71
2024-09-13,0.14749999999999999,-2.0099999999999998,-1.9075
2024-09-16,0.20749999999999999,-2.0074999999999998,-1.8425
2024-09-17,0.2175,-1.4750000000000001,-1.3774999999999999
2024-09-18,0.16750000000000001,-1.42,-1.365
2024-09-19,0.12,-1.2224999999999999,-1.2475000000000001
2024-09-20,0.13,-1.085,-1.1375
2024-09-23,4.2500000000000003E-2,-1.1399999999999999,-1.25
2024-09-24,1.7500000000000002E-2,-1.04,-1.155
2024-09-25,2.5000000000000001E-2,-1.0024999999999999,-1.17
2024-09-26,-9.5000000000000001E-2,-0.99250000000000005,-1.1425000000000001
2024-09-27,-0.1275,-1.1525000000000001,-1.3425
2024-09-30,-0.1,-1.19,-1.4075
2024-10-01,-0.26750000000000002,-1.27,-1.585
2024-10-02,-0.3075,-1.165,-1.4025000000000001
2024-10-03,-0.28999999999999998,-1.0475000000000001,-1.26
2024-10-04,-0.3175,-1.0125,-1.2649999999999999
2024-10-07,-0.39750000000000002,-0.99250000000000005,-1.28
2024-10-08,-0.3775,-0.96750000000000003,-1.3174999999999999
2024-10-09,-0.39,-0.94499999999999995,-1.2625
2024-10-10,-0.4425,-0.86750000000000005,-1.3174999999999999
2024-10-11,-0.41249999999999998,-0.96250000000000002,-1.2925
2024-10-14,-0.40250000000000002,-0.78249999999999997,-1.1575
2024-10-15,-0.40749999999999997,-0.84,-1.2024999999999999
2024-10-16,-0.4425,-0.84,-1.3075000000000001
2024-10-17,-0.5,-0.78500000000000003,-1.2275
2024-10-18,-0.47749999999999998,-0.82250000000000001,-1.2775000000000001
2024-10-21,-0.48749999999999999,-0.82499999999999996,-1.2975000000000001
2024-10-22,-0.52500000000000002,-0.92749999999999999,-1.4125000000000001
2024-10-23,-0.56999999999999995,-0.9325,-1.415
2024-10-24,-0.54,-0.92749999999999999,-1.3774999999999999
2024-10-25,-0.50249999999999995,-0.93,-1.2849999999999999
2024-10-28,-0.52249999999999996,-0.88500000000000001,-1.2450000000000001
2024-10-29,-0.54500000000000004,-0.84750000000000003,-1.2050000000000001
2024-10-30,-0.52500000000000002,-0.84499999999999997,-1.24
2024-10-31,-0.52249999999999996,-0.84750000000000003,-1.3049999999999999
2024-11-01,-0.51,-0.89249999999999996,-1.325
2024-11-04,-0.58499999999999996,-0.90749999999999997,-1.365
2024-11-05,-0.60750000000000004,-0.77249999999999996,-1.2275
2024-11-06,-0.54,-0.61750000000000005,-1.175
2024-11-07,-0.51500000000000001,-0.69499999999999995,-1.2475000000000001
2024-11-08,-0.47499999999999998,-0.73499999999999999,-1.2375
2024-11-11,-0.61,-0.77249999999999996,-1.2675000000000001
2024-11-12,-0.59499999999999997,-0.745,-1.2625
2024-11-13,-0.52500000000000002,-0.8,-1.2649999999999999
2024-11-14,-0.65,-0.74750000000000005,-1.2725
2024-11-15,-0.64,-0.98,-1.5
2024-11-18,-0.59499999999999997,-1.0225,-1.4950000000000001
2024-11-19,-0.76249999999999996,-1.34,-1.8574999999999999
2024-11-20,-0.79749999999999999,-1.3525,-1.8574999999999999
2024-11-21,-0.90749999999999997,-1.7649999999999999,-2.2650000000000001
2024-11-22,-0.94499999999999995,-1.8149999999999999,-2.2925
2024-11-25,-0.67,-1.7725,-2.1274999999999999
2024-11-26,-0.73750000000000004,-1.7324999999999999,-2.1175000000000002
2024-11-27,-0.59,-1.6975,-2.0225
2024-11-28,-0.59250000000000003,-1.595,-1.9550000000000001
2024-11-29,-0.60750000000000004,-1.63,-1.99
2024-12-02,-0.79500000000000004,-1.65,-2.085
2024-12-03,-0.65749999999999997,-1.7250000000000001,-2.1349999999999998
2024-12-04,-0.6875,-1.635,-2.0150000000000001
2024-12-05,-0.46500000000000002,-1.49,-1.78
2024-12-06,-0.47,-1.38,-1.65
2024-12-09,-0.4375,-1.3725000000000001,-1.655
2024-12-10,-0.6,-1.2450000000000001,-1.6425000000000001
2024-12-11,-0.60250000000000004,-1.1825000000000001,-1.6325000000000001
2024-12-12,-0.65249999999999997,-1.1725000000000001,-1.59
2024-12-13,-0.60750000000000004,-1.1775,-1.54
2024-12-16,-0.59499999999999997,-1.2175,-1.5575000000000001
2024-12-17,-0.5575,-1.325,-1.7050000000000001
2024-12-18,-0.61,-1.3875,-1.72
2024-12-19,-0.61250000000000004,-1.04,-1.4075
2024-12-20,-0.59499999999999997,-1.1825000000000001,-1.6475
2024-12-23,-0.64,-1.18,-1.62
2024-12-24,-0.6825,-1.1850000000000001,-1.65
2024-12-25,-0.66,-1.1875,-1.63
2024-12-26,-0.62250000000000005,-1.075,-1.3875
2024-12-27,-0.625,-1.1625000000000001,-1.58
2024-12-30,-0.6,-1.19,-1.61
2024-12-31,-0.5625,-1.18,-1.6025
2025-01-01,-0.61250000000000004,-1.1725000000000001,-1.5974999999999999
2025-01-02,-0.63500000000000001,-1.1850000000000001,-1.635
2025-01-03,-0.5575,-1.1174999999999999,-1.4850000000000001
2025-01-06,-0.47,-1,-1.3425
2025-01-07,-0.48,-0.95250000000000001,-1.2649999999999999
2025-01-08,-0.63249999999999995,-0.96250000000000002,-1.38
2025-01-09,-0.5575,-0.98499999999999999,-1.41
2025-01-10,-0.61250000000000004,-1.0825,-1.5075000000000001
2025-01-13,-0.74750000000000005,-1.1775,-1.7
2025-01-14,-0.64,-1.0575000000000001,-1.51
2025-01-15,-0.59750000000000003,-1.1525000000000001,-1.585
2025-01-16,-0.56000000000000005,-1.0175000000000001,-1.4724999999999999
2025-01-17,-0.77249999999999996,-0.99750000000000005,-1.52
2025-01-20,-0.83750000000000002,-1.0049999999999999,-1.5674999999999999
2025-01-21,-0.77249999999999996,-0.85499999999999998,-1.2549999999999999
2025-01-22,-0.69750000000000001,-0.82250000000000001,-1.1875
2025-01-23,-0.75249999999999995,-0.8,-1.3125
2025-01-24,-0.57999999999999996,-0.83250000000000002,-1.2524999999999999
2025-01-27,-0.59750000000000003,-1.1599999999999999,-1.6375
2025-01-28,-0.66749999999999998,-1.0925,-1.6174999999999999
2025-01-29,-0.66500000000000004,-1.1525000000000001,-1.6025
2025-01-30,-0.70250000000000001,-1.4,-1.8174999999999999
2025-01-31,-0.72,-1.3425,-1.69
2025-02-03,-0.96250000000000002,-1.4824999999999999,-1.9075
2025-02-04,-0.69499999999999995,-1.41,-1.6274999999999999
2025-02-05,-0.64749999999999996,-1.5449999999999999,-1.6525000000000001
2025-02-06,-0.71250000000000002,-1.5175000000000001,-1.6725000000000001
2025-02-07,-0.97250000000000003,-1.61,-2
2025-02-10,-0.86750000000000005,-1.45,-1.7324999999999999
2025-02-11,-0.71,-1.2549999999999999,-1.4775
2025-02-12,-0.5675,-1.115,-1.2549999999999999
2025-02-13,-0.5625,-1.2324999999999999,-1.3825000000000001
2025-02-14,-0.495,-1.2324999999999999,-1.3674999999999999
2025-02-17,-0.50249999999999995,-1.18,-1.2975000000000001
2025-02-18,-0.5575,-1.1850000000000001,-1.2949999999999999
2025-02-19,-0.65500000000000003,-1.1675,-1.345
2025-02-20,-0.66500000000000004,-1.4824999999999999,-1.675
2025-02-21,-0.63249999999999995,-1.46,-1.6225000000000001
2025-02-24,-0.59250000000000003,-1.4575,-1.5825
2025-02-25,-0.57750000000000001,-1.5674999999999999,-1.655
2025-02-26,-0.54500000000000004,-1.62,-1.6825000000000001
2025-02-27,-0.69499999999999995,-1.5449999999999999,-1.6475
2025-02-28,-0.85250000000000004,-1.5425,-1.7475000000000001
2025-03-03,-0.75249999999999995,-1.59,-1.7675000000000001
2025-03-04,-0.38,-1.7450000000000001,-1.7350000000000001
2025-03-05,0.44500000000000001,-1.6675,-1.3125
2025-03-06,0.25750000000000001,-1.8025,-1.585
2025-03-07,0.19,-1.8149999999999999,-1.6274999999999999
2025-03-10,2.75E-2,-1.7424999999999999,-1.4950000000000001
2025-03-11,0.215,-1.5925,-1.31
2025-03-12,0.02,-1.4075,-1.2524999999999999
2025-03-13,-0.115,-1.45,-1.365
2025-03-14,-0.09,-1.375,-1.24
2025-03-17,-7.0000000000000007E-2,-1.3325,-1.125
2025-03-18,-2.5000000000000001E-3,-1.2250000000000001,-1.02
2025-03-19,-0.1225,-1.2175,-1.125
2025-03-20,-0.25,-1.28,-1.31
2025-03-21,-0.20749999999999999,-1.2649999999999999,-1.26
2025-03-24,-0.19,-1.2,-1.18
2025-03-25,-5.0000000000000001E-3,-1.23,-1.2549999999999999
2025-03-26,-3.5000000000000003E-2,-1.2549999999999999,-1.2350000000000001
2025-03-27,0.17249999999999999,-1.25,-1.165
2025-03-28,0.495,-1.3474999999999999,-1.2375
2025-03-31,0.41749999999999998,-1.54,-1.49
2025-04-01,0.3,-1.615,-1.5725
2025-04-02,0.36249999999999999,-1.65,-1.5325
2025-04-03,0.6825,-1.8825000000000001,-1.65
2025-04-04,0.23749999999999999,-2.1800000000000002,-2.0049999999999999
2025-04-07,3.5000000000000003E-2,-2.5049999999999999,-2.395
2025-04-08,8.5000000000000006E-2,-2.6150000000000002,-2.39
2025-04-09,0.21249999999999999,-2.4775,-1.9275
2025-04-10,0.84499999999999997,-2.9275000000000002,-2.1924999999999999
2025-04-11,1.2849999999999999,-3.4575,-2.2324999999999999
2025-04-14,1.0575000000000001,-2.93,-1.7649999999999999
2025-04-15,0.73499999999999999,-2.6150000000000002,-1.7324999999999999
2025-04-16,1.075,-2.54,-1.65
2025-04-17,0.95499999999999996,-2.2925,-1.4675
2025-04-18,0.97250000000000003,-2.3050000000000002,-1.4550000000000001
2025-04-21,1.0449999999999999,-2.5249999999999999,-1.6
2025-04-22,1.1525000000000001,-2.4925000000000002,-1.405
2025-04-23,1.0525,-2.1,-1.07
2025-04-24,1.0349999999999999,-1.9924999999999999,-1.1025
2025-04-25,0.93500000000000005,-1.895,-1.0825
2025-04-28,0.93,-2.0425,-1.2
2025-04-29,0.91749999999999998,-2.1425000000000001,-1.2050000000000001
2025-04-30,0.86,-2.0175000000000001,-1.05
2025-05-01,0.70250000000000001,-1.8049999999999999,-0.93500000000000005
2025-05-02,0.78749999999999998,-2.0425,-0.99
2025-05-05,0.96250000000000002,-2.085,-0.98750000000000004
2025-05-06,0.86750000000000005,-2.1625000000000001,-0.99250000000000005
2025-05-07,0.84499999999999997,-1.9950000000000001,-0.91249999999999998
2025-05-08,0.67249999999999999,-1.8425,-0.88249999999999995
2025-05-09,0.6925,-1.8975,-0.88749999999999996
2025-05-12,0.47,-1.5125,-0.78749999999999998
2025-05-13,0.70250000000000001,-1.59,-0.81
2025-05-14,0.96250000000000002,-2.1724999999999999,-1.1399999999999999
2025-05-15,0.97750000000000004,-2.3650000000000002,-1.4575
2025-05-16,0.88749999999999996,-2.3050000000000002,-1.345
2025-05-19,1.1074999999999999,-2.375,-1.3274999999999999
2025-05-20,0.97750000000000004,-2.2825000000000002,-1.2375
2025-05-21,1.08,-2.52,-1.42
2025-05-22,0.94499999999999995,-2.335,-1.28
2025-05-23,0.755,-2.3325,-1.385
2025-05-26,0.8175,-2.3325,-1.3525
2025-05-27,0.65500000000000003,-1.9450000000000001,-1.0974999999999999
2025-05-28,0.59499999999999997,-1.71,-0.98250000000000004
2025-05-29,0.64,-1.77,-1.1599999999999999
2025-05-30,0.57999999999999996,-1.67,-0.97250000000000003
2025-06-02,0.6925,-1.7649999999999999,-1.1074999999999999
2025-06-03,0.64500000000000002,-1.6825000000000001,-1.0425
2025-06-04,0.61,-1.5575000000000001,-0.93
2025-06-05,0.58750000000000002,-1.5525,-0.82499999999999996
2025-06-06,0.59,-1.4225000000000001,-0.67500000000000004
2025-06-09,0.59,-1.3975,-0.66500000000000004
2025-06-10,0.53500000000000003,-1.3325,-0.67749999999999999
2025-06-11,0.44,-1.28,-0.6825
2025-06-12,0.6875,-1.6174999999999999,-0.87
2025-06-13,0.33250000000000002,-1.6950000000000001,-1.125
2025-06-16,0.33500000000000002,-1.5974999999999999,-1.0225
2025-06-17,-2.75E-2,-1.5375000000000001,-1.115
2025-06-18,-0.245,-1.5625,-1.4824999999999999
2025-06-19,-0.42,-1.48,-1.5024999999999999
2025-06-20,-0.38500000000000001,-1.425,-1.4850000000000001
2025-06-23,-0.35499999999999998,-1.2124999999999999,-1.365
2025-06-24,8.5000000000000006E-2,-1.3525,-1.1499999999999999
2025-06-25,0.14499999999999999,-1.2675000000000001,-0.98
2025-06-26,0.57999999999999996,-1.4375,-1.0075000000000001
2025-06-27,0.3725,-1.4524999999999999,-1.0175000000000001
2025-06-30,0.38500000000000001,-1.4975000000000001,-1.0375000000000001
2025-07-01,0.46250000000000002,-1.605,-1.08
2025-07-02,0.29249999999999998,-1.5825,-1.1299999999999999
2025-07-03,0.20749999999999999,-1.4075,-0.9425
2025-07-04,0.16,-1.3674999999999999,-0.96
2025-07-07,4.4999999999999998E-2,-0.94750000000000001,-0.73750000000000004
2025-07-08,-2.5000000000000001E-3,-0.84499999999999997,-0.63249999999999995
2025-07-09,-0.03,-0.93500000000000005,-0.755
2025-07-10,-3.5000000000000003E-2,-1.02,-0.84250000000000003
2025-07-11,-4.4999999999999998E-2,-0.95,-0.81
2025-07-14,-5.7500000000000002E-2,-1.01,-0.83499999999999996
2025-07-15,-0.13,-0.75249999999999995,-0.63
2025-07-16,0.1875,-0.86250000000000004,-0.56999999999999995
2025-07-17,7.0000000000000007E-2,-0.73499999999999999,-0.59499999999999997
2025-07-18,0.29249999999999998,-0.58250000000000002,-0.32250000000000001
2025-07-21,0.39500000000000002,-1.0349999999999999,-0.81499999999999995
2025-07-22,0.51500000000000001,-1.2224999999999999,-0.85750000000000004
2025-07-23,0.48499999999999999,-1.08,-0.84750000000000003
2025-07-24,0.41499999999999998,-1.0974999999999999,-0.78749999999999998
2025-07-25,0.39500000000000002,-1.0049999999999999,-0.75249999999999995
2025-07-28,0.11749999999999999,-0.92249999999999999,-0.8175
2025-07-29,-2.5000000000000001E-3,-0.87250000000000005,-0.72250000000000003
2025-07-30,-7.7499999999999999E-2,-0.88500000000000001,-0.75249999999999995
2025-07-31,-7.4999999999999997E-3,-0.59499999999999997,-0.52249999999999996
2025-08-01,0.505,-1.165,-0.95499999999999996
2025-08-04,0.53,-1.2124999999999999,-0.81499999999999995
2025-08-05,0.51,-1.0774999999999999,-0.73750000000000004
2025-08-06,0.63249999999999995,-1.155,-0.71750000000000003
2025-08-07,0.62,-1.2475000000000001,-0.72750000000000004
2025-08-08,0.57750000000000001,-1.1125,-0.62250000000000005
2025-08-11,0.50249999999999995,-1.0625,-0.65249999999999997
2025-08-12,0.52249999999999996,-0.96499999999999997,-0.5625
2025-08-13,0.52249999999999996,-1.05,-0.73250000000000004
2025-08-14,0.4375,-1.145,-0.8075
2025-08-15,0.34749999999999998,-1.0925,-0.75
2025-08-18,0.33500000000000002,-0.97499999999999998,-0.6925
2025-08-19,0.3175,-0.90249999999999997,-0.62250000000000005
2025-08-20,0.26500000000000001,-1.0225,-0.78749999999999998
2025-08-21,0.24,-1.0575000000000001,-0.77
2025-08-22,0.39250000000000002,-1.0974999999999999,-0.80249999999999999
2025-08-25,0.17499999999999999,-1.1100000000000001,-0.76500000000000001
2025-08-26,0.17249999999999999,-1.105,-0.89749999999999996
2025-08-27,0.13250000000000001,-1.1025,-0.88749999999999996
2025-08-28,0.19750000000000001,-1.2075,-0.96250000000000002
2025-08-29,0.22750000000000001,-1.1675,-0.9
2025-09-01,0.29249999999999998,-1.17,-0.87749999999999995
2025-09-02,0.1825,-1.03,-0.75749999999999995
2025-09-03,0.17249999999999999,-1.0475000000000001,-0.78249999999999997
2025-09-04,0.26750000000000002,-0.95750000000000002,-0.6825
2025-09-05,0.3175,-1.0375000000000001,-0.72750000000000004
2025-09-08,0.3725,-0.85,-0.56499999999999995
2025-09-09,0.3775,-0.94499999999999995,-0.60750000000000004
2025-09-10,0.23499999999999999,-0.85,-0.59250000000000003
2025-09-11,0.19750000000000001,-0.79,-0.57750000000000001
2025-09-12,0.28249999999999997,-0.76249999999999996,-0.47749999999999998
2025-09-15,0.32750000000000001,-0.70499999999999996,-0.39500000000000002
2025-09-16,0.66500000000000004,-0.88500000000000001,-0.42749999999999999
2025-09-17,0.62250000000000005,-0.88,-0.33750000000000002
2025-09-18,0.44,-0.54249999999999998,-0.115
2025-09-19,0.40749999999999997,-0.54,-0.23
2025-09-22,0.45,-0.505,-0.29499999999999998
2025-09-23,0.48499999999999999,-0.53249999999999997,-0.28749999999999998
2025-09-24,0.42,-0.55249999999999999,-0.28249999999999997
2025-09-25,0.25750000000000001,-0.51,-0.28000000000000003
2025-09-26,0.26500000000000001,-0.57250000000000001,-0.315
2025-09-29,0.28499999999999998,-0.67249999999999999,-0.38500000000000001
2025-09-30,0.36499999999999999,-0.77249999999999996,-0.44750000000000001
2025-10-01,0.41749999999999998,-0.79249999999999998,-0.46750000000000003
2025-10-02,0.3775,-0.73250000000000004,-0.42249999999999999
2025-10-03,0.33250000000000002,-0.71,-0.44
2025-10-06,0.15,-0.34250000000000003,-0.36
2025-10-07,-1.7500000000000002E-2,-0.24,-0.30249999999999999
2025-10-08,-0.1225,-3.2500000000000001E-2,-0.26500000000000001
2025-10-09,-0.23749999999999999,-0.125,-0.39250000000000002
2025-10-10,8.2500000000000004E-2,-0.58750000000000002,-0.745
2025-10-13,0.03,-0.65500000000000003,-0.71750000000000003
2025-10-14,6.7500000000000004E-2,-0.83250000000000002,-0.88
2025-10-15,0.12,-0.84250000000000003,-0.82250000000000001
2025-10-16,0.215,-0.89,-0.82250000000000001
2025-10-17,0.26750000000000002,-1.0349999999999999,-0.84750000000000003
2025-10-20,0.2525,-0.84750000000000003,-0.76500000000000001
2025-10-21,0.1225,-0.57250000000000001,-0.6
2025-10-22,5.7500000000000002E-2,-0.64,-0.68
2025-10-23,7.7499999999999999E-2,-0.63249999999999995,-0.68500000000000005
2025-10-24,9.2499999999999999E-2,-0.63749999999999996,-0.67500000000000004
2025-10-27,9.7500000000000003E-2,-0.65749999999999997,-0.68500000000000005
2025-10-28,0.12,-0.82499999999999996,-0.84499999999999997
2025-10-29,7.0000000000000007E-2,-1.0225,-1.075
2025-10-30,2.5000000000000001E-2,-0.63,-0.66
2025-10-31,-2.75E-2,-0.6925,-0.71499999999999997
2025-11-03,-7.2499999999999995E-2,-0.67500000000000004,-0.72499999999999998
2025-11-04,-0.16750000000000001,-0.87250000000000005,-0.91500000000000004
2025-11-05,-0.1925,-0.88,-0.92
2025-11-06,-7.2499999999999995E-2,-0.97499999999999998,-0.95499999999999996
2025-11-07,0.11,-1.0825,-0.88500000000000001
2025-11-10,0.17499999999999999,-0.88,-0.67
2025-11-11,0.2175,-0.9,-0.69499999999999995
2025-11-12,0.21249999999999999,-0.71750000000000003,-0.55000000000000004
2025-11-13,0.33750000000000002,-0.76,-0.63500000000000001
2025-11-14,0.30499999999999999,-0.88749999999999996,-0.78
2025-11-17,0.245,-0.81499999999999995,-0.68500000000000005
2025-11-18,0.21249999999999999,-0.79249999999999998,-0.68
2025-11-19,0.17249999999999999,-0.5625,-0.435
2025-11-20,0.09,-0.4425,-0.4325
2025-11-21,7.0000000000000007E-2,-0.65249999999999997,-0.63500000000000001
2025-11-24,8.2500000000000004E-2,-0.51,-0.54249999999999998
2025-11-25,0.1575,-0.52,-0.50749999999999995
2025-11-26,0.18,-0.50749999999999995,-0.47749999999999998
2025-11-27,0.18,-0.57999999999999996,-0.5575
2025-11-28,0.17499999999999999,-0.66,-0.62250000000000005
2025-12-01,0.2,-0.70499999999999996,-0.67249999999999999
2025-12-02,0.19,-0.60250000000000004,-0.54249999999999998
2025-12-03,0.28749999999999998,-0.62,-0.54749999999999999
2025-12-04,0.3,-0.65500000000000003,-0.57999999999999996
2025-12-05,0.26500000000000001,-0.64249999999999996,-0.59750000000000003
2025-12-08,0.26,-0.63749999999999996,-0.57499999999999996
2025-12-09,0.2525,-0.6,-0.52249999999999996
2025-12-10,0.27250000000000002,-0.59250000000000003,-0.54249999999999998
2025-12-11,0.47249999999999998,-0.58750000000000002,-0.5
2025-12-12,0.4325,-0.5625,-0.47249999999999998
2025-12-15,0.47249999999999998,-0.56499999999999995,-0.47
2025-12-16,0.46,-0.51,-0.40250000000000002
2025-12-17,0.39250000000000002,-0.50249999999999995,-0.39250000000000002
2025-12-18,0.39750000000000002,-0.51249999999999996,-0.40500000000000003
2025-12-19,0.33250000000000002,-0.53749999999999998,-0.4425
2025-12-22,0.39,-0.62250000000000005,-0.5
2025-12-23,0.4425,-0.72750000000000004,-0.60499999999999998
2025-12-24,0.46250000000000002,-0.77249999999999996,-0.65
2025-12-25,0.47,-0.77249999999999996,-0.65
2025-12-26,0.46750000000000003,-0.74750000000000005,-0.64249999999999996
2025-12-29,0.46750000000000003,-0.75749999999999995,-0.64500000000000002
2025-12-30,0.44500000000000001,-0.8075,-0.67500000000000004
2025-12-31,0.42,-0.8,-0.67
2026-01-01,0.43,-0.79,-0.66749999999999998
2026-01-02,0.3775,-0.81499999999999995,-0.69
2026-01-05,0.27750000000000002,-0.79249999999999998,-0.65
2026-01-06,0.2475,-0.73499999999999999,-0.59499999999999997
2026-01-07,0.20749999999999999,-0.72499999999999998,-0.63500000000000001
2026-01-08,0.08,-0.70499999999999996,-0.64749999999999996
2026-01-09,2.75E-2,-0.48749999999999999,-0.495
2026-01-12,5.2499999999999998E-2,-0.57750000000000001,-0.505
2026-01-13,5.2499999999999998E-2,-0.48749999999999999,-0.46
2026-01-14,4.4999999999999998E-2,-0.56000000000000005,-0.52500000000000002
2026-01-15,-1.2500000000000001E-2,-0.57999999999999996,-0.58499999999999996
2026-01-16,-5.5E-2,-0.63749999999999996,-0.68
2026-01-19,7.2499999999999995E-2,-0.76749999999999996,-0.72499999999999998
2026-01-20,0.48249999999999998,-0.76500000000000001,-0.61
2026-01-21,0.3075,-0.77749999999999997,-0.66
2026-01-22,0.45250000000000001,-0.84250000000000003,-0.7
2026-01-23,0.82750000000000001,-1.7250000000000001,-1.62
2026-01-26,1.0275000000000001,-1.9450000000000001,-1.645
2026-01-27,1.67,-2.4125000000000001,-1.885
2026-01-28,1.0900000000000001,-2.1749999999999998,-1.625
2026-01-29,0.87749999999999995,-2.0525000000000002,-1.52
2026-01-30,0.72750000000000004,-1.8525,-1.3625
2026-02-02,0.61,-1.6325000000000001,-1.1825000000000001
2026-02-03,0.71,-1.5725,-1.1725000000000001
2026-02-04,0.75749999999999995,-1.4275,-1.0375000000000001
2026-02-05,0.78749999999999998,-1.5375000000000001,-1.2150000000000001
2026-02-06,0.80500000000000005,-1.6625000000000001,-1.3075000000000001
2026-02-09,1.0075000000000001,-1.58,-1.1850000000000001
2026-02-10,1.07,-1.5774999999999999,-1.1325000000000001
2026-02-11,0.9425,-1.7250000000000001,-1.355
2026-02-12,0.82750000000000001,-1.77,-1.575
2026-02-13,0.7,-1.6475,-1.5
2026-02-16,0.63500000000000001,-1.5,-1.3125
2026-02-17,0.52749999999999997,-1.4225000000000001,-1.2524999999999999
2026-02-18,0.46750000000000003,-1.2549999999999999,-1.07
2026-02-19,0.18,-1.335,-1.135
2026-02-20,0.1825,-1.44,-1.2350000000000001
2026-02-23,0.29499999999999998,-1.5024999999999999,-1.2925
2026-02-24,0.3,-1.2775000000000001,-1.06
2026-02-25,0.3,-1.2175,-0.99750000000000005
2026-02-26,0.27250000000000002,-1.2524999999999999,-1.0425
2026-02-27,0.14249999999999999,-1.2849999999999999,-1.1174999999999999
2026-03-02,-0.32750000000000001,-1.4975000000000001,-1.3125
2026-03-03,-0.6925,-1.335,-1.42
2026-03-04,-0.52500000000000002,-1.4375,-1.4750000000000001
2026-03-05,-0.90249999999999997,-1.4350000000000001,-1.5974999999999999
2026-03-06,-1.2375,-1.2,-1.5575000000000001
2026-03-09,-0.99250000000000005,-1.0725,-1.4824999999999999
2026-03-10,-0.92500000000000004,-0.90500000000000003,-1.2725
2026-03-11,-1.2524999999999999,-0.5625,-1.05
2026-03-12,-1.3174999999999999,-0.47499999999999998,-1.22
2026-03-13,-1.4550000000000001,-0.43,-1.3425
2026-03-16,-1.175,-0.45500000000000002,-1.3674999999999999
2026-03-17,-1.0075000000000001,-0.495,-1.355
2026-03-18,-1.2575000000000001,-0.27750000000000002,-1.22
2026-03-19,-0.99750000000000005,-0.60250000000000004,-1.5575000000000001
2026-03-20,-1.19,-0.48249999999999998,-1.3125
2026-03-23,-1.1475,-0.44750000000000001,-1.3674999999999999
2026-03-24,-1.0874999999999999,-0.42749999999999999,-1.33
2026-03-25,-1.095,-0.36,-1.2375
2026-03-26,-1.2250000000000001,-0.32500000000000001,-1.21
2026-03-27,-1.3025,-0.4325,-1.335
2026-03-30,-1.2450000000000001,-0.43,-1.3075000000000001
2026-03-31,-1.0175000000000001,-0.5,-1.32
2026-04-01,-0.98,-0.51,-1.2775000000000001
2026-04-02,-1.0774999999999999,-0.46750000000000003,-1.2725
2026-04-03,-1.06,-0.46500000000000002,-1.26
2026-04-06,-1.0725,-0.48,-1.2575000000000001
2026-04-07,-0.98499999999999999,-0.45250000000000001,-1.2375
2026-04-08,-0.57499999999999996,-0.49,-0.99
2026-04-09,-0.55500000000000005,-0.46750000000000003,-0.95
2026-04-10,-0.495,-0.45,-0.90749999999999997
2026-04-13,-0.48,-0.45250000000000001,-0.92
2026-04-14,-0.19750000000000001,-0.50749999999999995,-0.92749999999999999
2026-04-15,-0.1,-0.63500000000000001,-0.94
2026-04-16,-0.115,-0.73,-1.0049999999999999
2026-04-17,-7.2499999999999995E-2,-0.85250000000000004,-1.0024999999999999
2026-04-20,-0.1525,-0.86499999999999999,-0.99750000000000005
2026-04-21,-0.28000000000000003,-0.77249999999999996,-0.92
2026-04-22,-0.33500000000000002,-0.76500000000000001,-0.91249999999999998
2026-04-23,-0.39,-0.75,-0.9
2026-04-24,-0.35499999999999998,-0.75,-0.91249999999999998
2026-04-27,-0.33250000000000002,-0.77,-0.90249999999999997
2026-04-28,-0.33250000000000002,-0.7,-0.84250000000000003
2026-04-29,-0.40250000000000002,-0.63249999999999995,-0.77
2026-04-30,-0.38750000000000001,-1.175,-1.2875000000000001
2026-05-01,-0.38750000000000001,-1.5549999999999999,-1.68
2026-05-04,-0.39750000000000002,-1.7649999999999999,-1.6325000000000001
2026-05-05,-0.41,-1.615,-1.3925000000000001
2026-05-06,-0.29249999999999998,-1.7375,-1.4175
2026-05-07,-0.24249999999999999,-1.5625,-1.3525
2026-05-08,-0.24249999999999999,-1.4350000000000001,-1.28
2026-05-11,-0.245,-1.3725000000000001,-1.1950000000000001
2026-05-12,-0.35499999999999998,-1.51,-1.335
2026-05-13,-0.40250000000000002,-1.575,-1.4524999999999999
2026-05-14,-0.3775,-1.58,-1.385
2026-05-15,-0.51,-1.5175000000000001,-1.3075000000000001
2026-05-18,-0.48499999999999999,-1.43,-1.2725
2026-05-19,-0.57750000000000001,-1.37,-1.2175
2026-05-20,-0.46250000000000002,-1.2825,-1.1499999999999999
2026-05-21,-0.45500000000000002,-1.1975,-1.085
2026-05-22,-0.44,-1.2350000000000001,-1.0375000000000001
2026-05-25,-0.35499999999999998,-1.1525000000000001,-1.0175000000000001
2026-05-26,-0.3125,-1.1000000000000001,-0.98250000000000004
2026-05-27,-0.25750000000000001,-1.135,-0.92
2026-05-28,-0.25,-1.0049999999999999,-0.90749999999999997
2026-05-29,-0.20499999999999999,-0.98,-0.86250000000000004
2026-06-01,-0.28749999999999998,-1.0249999999999999,-0.85499999999999998
2026-06-02,-0.26500000000000001,-0.93,-0.86499999999999999
2026-06-03,-0.3775,-1.0249999999999999,-1.0649999999999999
2026-06-04,-0.35749999999999998,-0.97750000000000004,-1.0225
2026-06-05,-0.53500000000000003,-0.98250000000000004,-1.0125
2026-06-08,-0.59,-0.99250000000000005,-1.08
2026-06-09,-0.61250000000000004,-0.97250000000000003,-1.0925
2026-06-10,-0.62749999999999995,-0.99,-1.095
2026-06-11,-0.47749999999999998,-1.0024999999999999,-1.105
2026-06-12,-0.47499999999999998,-0.98750000000000004,-1.0874999999999999
2026-06-15,-0.35499999999999998,-0.97,-1.08
2026-06-16,-0.36,-0.92500000000000004,-1.0175000000000001
2026-06-17,-0.46500000000000002,-0.97750000000000004,-1.075
2026-06-18,-0.69,-1.08,-1.2975000000000001
2026-06-19,-0.62,-1.0649999999999999,-1.375
2026-06-22,-0.64249999999999996,-1.2775000000000001,-1.5449999999999999
2026-06-23,-0.65,-1.3274999999999999,-1.5825
2026-06-24,-0.7,-1.2,-1.4424999999999999
2026-06-25,-0.62749999999999995,-1.1174999999999999,-1.3925000000000001
2026-06-26,-0.48,-1.0974999999999999,-1.34
2026-06-29,-0.42499999999999999,-0.99750000000000005,-1.1825000000000001
2026-06-30,-0.4,-1.105,-1.28
2026-07-01,-0.39500000000000002,-1.0525,-1.23
2026-07-02,-0.33250000000000002,-1.4375,-1.6725000000000001
2026-07-03,-0.31,-1.4650000000000001,-1.5549999999999999
2026-07-06,-0.32,-1.4075,-1.4550000000000001
2026-07-07,-0.42249999999999999,-1.4475,-1.4025000000000001
2026-07-08,-0.46500000000000002,-1.2975000000000001,-1.3674999999999999
2026-07-09,-0.45500000000000002,-1.2925,-1.26
2026-07-10,-0.42499999999999999,-1.3825000000000001,-1.3825000000000001
2026-07-13,-0.48499999999999999,-1.36,-1.3975
2026-07-14,-0.43,-1.31,-1.39
2026-07-15,-0.375,-1.3075000000000001,-1.345
2026-07-16,-0.3775,-1.27,-1.3025
2026-07-17,-0.42,-1.31,-1.35
2026-07-20,-0.43,-1.2925,-1.345
2026-07-21,-0.43,-1.26,-1.29
2026-07-22,-0.44750000000000001,-1.2725,-1.38
2026-07-23,-0.53,-1.35,-1.4125000000000001
2026-07-24,-0.53749999999999998,-1.4,-1.45
2026-07-27,-0.58250000000000002,-1.365,-1.395
2026-07-28,-0.61,-1.3425,-1.41
2026-07-29,-0.53,-1.2649999999999999,-1.365
